t;x;y;z;vx;vy;vz;a;e;w;i;raan;nu
0;6650000;0;0;0;3552.19765922711;7093.57481144528;7000000;0.05;0;1.1065387457644;0;0
30;6645938.3442129;106544.231794324;212763.785406993;-270.745132033915;3550.02813435338;7089.22946683698;6999976.85153115;0.0499960221291452;0.00106498252417748;1.10653801762753;-1.94311221654847e-08;0.0347235299467295
60;6633759.12102552;212958.331148294;425266.928552891;-541.10741019952;3543.52346425484;7076.20127317335;6999907.55923597;0.0499841358064326;0.00211384767940115;1.10653583740833;-1.55301984719265e-07;0.0694588918182687
90;6613479.54785563;319112.399739019;637249.257276778;-810.704958651557;3532.69534714676;7054.51372006672;6999792.57863808;0.0499644820399663;0.00313066720610896;1.10653221764909;-5.23281013380766e-07;0.104217736649896
120;6585128.27155899;424877.006572558;848451.537796606;-1079.15785198207;3517.56323011185;7024.20585646036;6999632.66430567;0.0499372938673441;0.00409988935464339;1.10652717914907;-1.23750089286336e-06;0.139011355373756
150;6548745.29546289;530123.419405836;1058615.93938993;-1346.089076463;3498.15423461173;6985.33214086836;6999428.86296056;0.0499028934158998;0.00500652296143803;1.10652075080894;-2.40980781462315e-06;0.173850502865197
180;6504381.87779791;634723.833497857;1267486.49370518;-1611.1254746878;3474.50305304812;6937.96223341112;6999182.50396106;0.0498616878350989;0.00583631645300699;1.10651296941514;-4.14903102295345e-06;0.208745226964959
210;6452100.40210547;738551.596833607;1474809.54698121;-1873.89866835868;3446.65181720472;6882.18073131761;6998895.18728534;0.0498141641490805;0.0065759299975188;1.10650387936676;-6.56027902407671e-06;0.243704704226453
240;6391974.22035268;841481.430992268;1680334.20350986;-2134.04595420054;3414.64993961823;6818.08685000275;6998568.76917446;0.0497608830908973;0.00721309895988804;1.10649353234745;-9.74426848771177e-06;0.278737084202147
270;6324087.4696323;943389.64686591;1883812.7587453;-2391.21116826724;3378.55392913025;6745.79405223735;6998205.34562318;0.0497024719933979;0.0077367867523392;1.10648198694608;-1.37966914636294e-05;0.313849344148261
300;6248534.86346329;1044154.3544752;2085001.12054571;-2645.04551423721;3338.42718205768;6665.42962830183;6997807.23393186;0.0496396168247963;0.00813732511781888;1.10646930822987;-1.88076260614625e-05;0.349047156082885
330;6165421.45883346;1143655.66617439;2283659.21712417;-2895.20835166651;3294.33975058669;6577.13423035172;6997376.95255484;0.0495730534696144;0.0084065398494196;1.1064555672744;-2.48609952127867e-05;0.384334768168414
360;6074862.40024098;1241775.89258815;2479551.3903875;-3141.36794057369;3246.36809014131;6481.06136451613;6996917.19949755;0.0495035583676872;0.00853785994661922;1.10644084065527;-3.20340775541533e-05;0.419714902393292
390;5976982.64209392;1338399.73067746;2672446.77345075;-3383.20213916441;3194.59478760111;6377.37684449962;6996430.82952779;0.0494319386350281;0.0085264082499966;1.10642520990634;-4.03970738525062e-05;0.455188670489049
420;5871916.65091566;1433414.44338929;2862119.65123192;-3620.39905195894;3139.10827234327;6266.25821065945;6995920.83047454;0.0493590218002797;0.00836907169111644;1.10640876095002;-5.00127317471443e-05;0.49075550992559
450;5759808.08887948;1526710.03040545;3048349.80315238;-3852.65762605472;3080.00251216014;6147.89411868366;6995390.29889193;0.0492856452989225;0.00806454945263988;1.10639158350484;-6.09360309165914e-05;0.526413141671452
480;5640809.4802561;1618179.38956845;3230922.82709454;-4079.68819373285;3017.37669615593;6022.48370210059;6994842.41536466;0.0492126458740122;0.00761337756225935;1.10637377047605;-7.32139301056861e-05;0.562157551179355
510;5515081.86240503;1707718.46862547;3409630.44389581;-4301.21296009496;2951.33490675436;5890.2359129076;6994280.41972654;0.0491408490366457;0.00701792874671562;1.10635541733471;-8.6885176775657e-05;0.597982993756997
540;5382794.4229723;1795226.40699602;3584270.78178695;-4516.96643488812;2881.98578295463;5751.36884461703;6993707.58645477;0.0490710587412654;0.00628238674856937;1.10633662149085;-0.000101980179479154;0.633882025108881
570;5244124.12497613;1880605.66733251;3754648.64031144;-4726.69580813582;2809.4421769556;5606.10904198378;6993127.2004898;0.0490040474300057;0.00541269475409411;1.10631748166614;-0.000118520942423859;0.669845557391579
600;5099255.32146623;1963762.1567062;3920575.73338942;-4930.16126963572;2733.82080623089;5454.69080160259;6992542.53371496;0.0489405465963166;0.00441647808586367;1.10629809727134;-0.00013652106107586;0.705862940621927
630;4948379.36143472;2044605.33731252;4081870.91131364;-5127.13627280557;2655.2419030801;5297.35546744859;6991956.82231126;0.0488812380109151;0.0033029418648104;1.10627856779346;-0.000155985777082542;0.741922068728679
660;4791694.18863592;2123048.32664961;4238360.36158504;-5317.40774375327;2573.82886360723;5134.35072528492;6991373.24518189;0.0488267457426583;0.00208274492411154;1.10625899219757;-0.000176912090261902;0.778009508962804
690;4629403.93494066;2199007.98718097;4389877.78861065;-5500.77623681184;2489.70789798728;4965.92989968044;6990794.90361844;0.0487776290932571;0.000767851839931473;1.10623946834755;-0.000199288924926735;0.814110652801069
720;4461718.50980824;2272405.00554758;4536264.57239561;-5677.05603811168;2403.00768377884;4792.35125717289;6990224.80235664;0.0487343765480896;-0.000628634493565587;1.10622009244982;-0.000223097347382279;0.850209885917242
750;4288853.18740768;2343163.96144574;4677369.90646385;-5846.07521906019;2313.85902392606;4613.87731888244;6989665.83214496;0.0486974008260392;-0.00209265680075112;1.10620095852394;-0.000248310831065673;0.886290774280425
780;4111028.19285956;2411213.3863345;4813050.91533755;-6007.67564185945;2222.39451096981;4430.77418563273;6989120.75392431;0.0486670350897692;-0.00360940048278543;1.10618215790302;-0.000274895565485609;0.922336262996262
810;3928468.28900264;2476485.81218008;4943172.75199303;-6161.71291941703;2128.74819885784;4243.31087837391;6988592.18469227;0.0486435303547452;-0.00516350005532035;1.10616377876709;-0.000302810804866313;0.958328884156044
840;3741402.36501567;2538917.81048447;5067608.6757908;-6308.0563321918;2033.05528360846;4051.75869643097;6988082.58510102;0.048627054111316;-0.00673925098321289;1.10614590571155;-0.000332009252212083;0.994250969720156
870;3550063.02814628;2598450.02188082;5186240.11144885;-6446.58870466739;1935.45179394475;3856.39059582359;6987594.248815;0.0486176901500088;-0.0083208228145937;1.10612861935277;-0.000362437474375095;1.0300848653486
900;3354686.19971629;2655027.17660985;5298956.68969154;-6577.20624426054;1836.07429287756;3657.48058962464;6987129.29363197;0.0486154395566599;-0.00989246953339772;1.10611199597229;-0.000394036343637638;1.06581314110933
930;3155510.71648721;2708598.10621872;5405656.2702613;-6699.81834555269;1735.05959107821;3455.30317204788;6986689.6543511;0.0486202228218429;-0.0114387331967533;1.10609610720072;-0.000426741501298966;1.10141879514377
960;2952777.93838231;2759115.74684677;5506244.94802698;-6814.34736278138;1632.54447274604;3250.13276768296;6986277.07735244;0.0486318829889487;-0.0129446371953797;1.10608101974182;-0.000460483838793152;1.13688544664137
990;2746731.36347301;2806537.13448217;5600637.04296118;-6920.72835354674;1528.6654345452;3042.24320703178;6985893.1168358;0.0486501897478333;-0.0143958658555636;1.1060667951372;-0.000495189991943857;1.17219751485671
1020;2537616.25104911;2850823.39258842;5688755.07478977;-7018.90879667862;1423.55843805816;2831.90722924564;6985539.13265183;0.0486748443666195;-0.0157789275727588;1.10605348957128;-0.000530782844087402;1.20734038137459
1050;2325679.25350408;2891939.71251144;5770529.72314;-7108.84828717565;1317.3586760834;2619.39601272082;6985216.28964547;0.0487054853433622;-0.0170812992049283;1.10604115371617;-0.000567182033959638;1.24230053336738
1080;2111168.05768035;2929855.32708606;5845899.77403007;-7190.51821107033;1210.20035299123;2404.97873398161;6984925.55842145;0.0487416946520059;-0.0182915500331784;1.10602983261551;-0.00060430446443975;1.27706568616866
1110;1894331.03623493;2964543.47786554;5914812.05355237;-7263.90140299733;1102.21647924555;2188.92215506676;6984667.71743254;0.0487830044533914;-0.0193994441924224;1.10601956560625;-0.000642064808471372;1.31162488408279
1140;1675416.90950374;2995981.37639945;5977221.34960639;-7328.99178914846;993.538680101557;1971.49023943787;6984443.35628512;0.048828904141856;-0.0203960210600874;1.1060103862769;-0.000680376008730874;1.34596857893545
1170;1454674.41826419;3024150.1599843;6033090.32253486;-7385.79401818926;884.297018399477;1752.9437962477;6984252.88015162;0.0488788476009533;-0.021273653644407;1.10600232246063;-0.000719149767883144;1.38008868642382
1200;1232352.00771999;3049034.84230737;6082389.40550951;-7434.32308259221;774.619831293158;1533.5401526428;6984096.5151767;0.0489322605476053;-0.0220260855167044;1.10599539626156;-0.000758297026547254;1.41397862082789
1230;1008697.52296043;3070624.25939874;6125096.69550059;-7474.60393271199;664.633580679455;1313.5328536279;6983974.31476285;0.0489885478521577;-0.0226484472699741;1.10598962411208;-0.000797728426387428;1.44763330908216
1260;783957.916078801;3088911.01129789;6161197.83564851;-7506.67108579174;554.462717029779;1093.17138889003;6983886.16662146;0.0490471007318294;-0.0231372538491598;1.10598501685916;-0.000837354756040824;1.48104918556974
1290;558378.965070859;3103891.39983206;6190685.88983563;-7530.56823194803;444.22955626886;872.700945866435;6983831.800477;0.0491073037264282;-0.0234903843820776;1.10598157987762;-0.000877087377892369;1.51422416928427
1320;332205.004575053;3115565.36289159;6213561.21023379;-7546.34783903768;334.054169297246;652.3621882433;6983810.79631508;0.0491685413774432;-0.0237070463432483;1.10597931320778;-0.000916838634000235;1.54715762520786
1350;105678.668461421;3123936.40557508;6229831.29857715;-7554.07075816429;224.054283713148;432.391058989449;6983822.593069;0.0492302045442563;-0.0237877260084393;1.10597821171554;-0.000956522229764858;1.57985031187826
1380;-120959.355774672;3129011.52856334;6239510.66188203;-7553.80583143708;114.345197255393;213.018606961478;6983866.49764416;0.0492916963038174;-0.0237341272127263;1.10597826527232;-0.000996053594212499;1.61230431717311
1410;-347470.56090389;3130801.15406606;6242620.66330591;-7545.62950345158;5.03970246214914;-5.52916393795451;6983941.69418551;0.0493524373923538;-0.0235491004159691;1.10597945895269;-0.00103535021603207;1.64452298432961
1440;-573618.842271313;3129319.04966999;6239189.36880612;-7529.62543782102;-103.751977980862;-223.03142410897;6984047.25349909;0.0494118711592276;-0.0232365640181422;1.10598177324742;-0.00107433195475678;1.67651083015554
1470;-799170.708691597;3124582.25040112;6229251.39022702;-7505.88413995116;-211.922245744138;-439.272627201264;6984182.14254521;0.0494694680137134;-0.0228014197619839;1.10598518428963;-0.00111292132671997;1.70827345728254
1500;-1023895.48213446;3116610.97929707;6212847.72541079;-7474.50258711968;-319.366171761594;-654.042599769727;6984345.23392807;0.0495247293550646;-0.0222494639227543;1.10598966409208;-0.00115104376563522;1.73981746217347
1530;-1247565.48643396;3105428.56676931;6190025.59589402;-7435.58386679492;-425.981532097934;-867.136612760298;6984535.31531293;0.0495771909846946;-0.0215872958247746;1.10599518079335;-0.00118862785785381;1.7711503404356
1560;-1469956.22528123;3091061.36901793;6160838.28271813;-7389.2368240089;-531.668835333923;-1078.35543594946;6984751.09870957;0.0496264260065616;-0.0208222250504295;1.10600169891106;-0.00122560555253675;1.80228039081588
1590;-1690846.54978318;3073538.68574514;6125344.96084839;-7335.57571848546;-636.331342024641;-1287.50537645528;6984991.22956744;0.0496720472279328;-0.0199621785274228;1.10600917960029;-0.00126191234714465;1.83321661907465
1620;-1910018.81588884;3052892.67739714;6083610.53266264;-7274.71989211754;-739.875076779763;-1494.39830242574;6985254.29563486;0.0497137090776358;-0.0190156085014651;1.10601758091527;-0.00129748744879523;1.86396864275436
1650;-2127259.0320016;3029158.28214733;6035705.46093812;-7206.79344728669;-842.208833506073;-1698.8516529922;6985538.83554124;0.0497511090627769;-0.0179914022290969;1.10602685807302;-0.0013322739121667;1.89454659768665
1680;-2342356.99710876;3002373.13281832;5981705.60173234;-7131.92493642488;-943.244174341143;-1900.68843555303;6985843.34706786;0.0497839887877819;-0.0168987940637585;1.10603696371711;-0.00136621875473555;1.92496104691924
1710;-2555106.42977058;2972577.47392406;5921692.03752249;-7050.24706313133;-1042.89542279374;-2099.73721142551;6986166.29507861;0.0498121345616167;-0.0157472804598325;1.10604784818041;-0.00139927305022985;1.95522289259451
1740;-2765305.0883192;2939814.07899834;5855750.91093712;-6961.89639507731;-1141.0796515915;-2295.83207087357;6986506.11908794;0.0498353776202682;-0.0145465382870992;1.10605945974542;-0.00143139200125467;1.98534329117886
1770;-2972754.88262355;2904128.16836122;5783973.25938415;-6867.01308885809;-1237.71666571993;-2488.81259848612;6986861.24044871;0.0498535939921355;-0.0133063467321609;1.10607174490109;-0.00146253499210748;2.01533357232553
1800;-3177261.97778024;2865567.32746058;5706454.85085048;-6765.74062688398;-1332.72898111935;-2678.52382984482;6987230.06914759;0.0498667040339889;-0.01203651296479;1.10608464859524;-0.00149266562284532;2.04520516155413
1830;-3378636.89009234;2824181.42591218;5623296.02112086;-6658.22556634112;-1426.04179948803;-2864.81620038372;6987611.01019996;0.0498746716647259;-0.0107468016652588;1.1060981144814;-0.00152175172569744;2.07496950684748
1860;-3576694.57569765;2780022.53734877;5534601.51263729;-6544.61730019753;-1517.5829796208;-3047.54548730461;6988002.46964098;0.0498775033233587;-0.00944686844328893;1.10611208515966;-0.00154976536493673;2.10463800920077
1890;-3771254.51220702;2733144.86017575;5440480.31519478;-6425.06783017983;-1607.28300569327;-3226.57274537333;6988402.86011257;0.0498752466766365;-0.00814619712888361;1.10612650241059;-0.00157668282132904;2.13422195710656
1920;-3962140.77371009;2683604.63931927;5341045.50864504;-6299.73155160142;-1695.07495288229;-3401.76423738279;6988810.60604996;0.0498679891004544;-0.00685404087882071;1.10614130742177;-0.00160248456227742;2.16373246492256
1950;-4149182.09950171;2631460.08904097;5236414.10775701;-6168.76504988334;-1780.89445069369;-3572.9913600294;6989224.14847412;0.0498558559578798;-0.00557936701901976;1.10615644100645;-0.00162715519876531;2.19318041504476
1980;-4332211.95687699;2576771.31688291;5126706.90936092;-6032.3269085736;-1864.67964434926;-3740.13056591048;6989641.949399;0.0498390086952163;-0.00433080553011675;1.10617184381407;-0.00165068343018198;2.22257640379514
2010;-4511068.5983366;2519600.24879578;5012048.34188225;-5890.57752864002;-1946.37115456559;-3903.06328231169;6990062.49586472;0.0498176427761427;-0.00311660108089985;1.10618745653216;-0.00167306197808651;2.25193069093027
2040;-4685595.1135369;2460010.55549391;4892566.31735225;-5743.67895878452;-2025.91203603884;-4061.67582741588;6990484.30360994;0.0497919854726;-0.00194456851907374;1.1062032200796;-0.001694287509931;2.28125315268108
2070;-4855639.47631131;2398067.58007146;4768392.08596341;-5591.79473650355;-2103.24773493097;-4215.85932452753;6990905.92039769;0.0497622935298348;-0.000822051740927003;1.10621907579103;-0.00171436055372706;2.31055323824618
2100;-5021054.58708112;2333838.26690551;4639660.09322094;-5435.08973959917;-2178.32604563559;-4365.50961487146;6991325.9290109;0.0497288507218273;0.000244114121492448;1.10623496559236;-0.00173328540459354;2.33983992967756
2130;-5181698.31096446;2267391.09186364;4506507.83972508;-5273.73004782838;-2251.09706708365;-4510.52716948933;6991742.94993417;0.0496919653122917;0.00124763723595038;1.10625083216736;-0.00175107002407942;2.36912170511817
2160;-5337433.51188271;2198795.99382626;4369075.74360389;-5107.88281436413;-2321.51315883343;-4650.81700072414;6992155.64373953;0.0496519674355299;0.00218280034502717;1.10626661911541;-0.00176772593310464;2.39840650537445
2190;-5488128.08295376;2128124.30752655;4227507.00560192;-4937.7161467295;-2389.52889717241;-4786.28857375065;6992562.71319423;0.0496092064106599;0.00304448877196057;1.10628227110052;-0.00178326809931158;2.42770170383156
2220;-5633654.97345108;2055448.69770448;4081947.47681688;-4763.39899685723;-2455.10103144396;-4916.85571857848;6992962.90510894;0.0495640480021388;0.00382821512356877;1.1062977339917;-0.00179771481956611;2.45701407974395
2250;-5773892.21259689;1980843.09456521;3932545.52906417;-4585.10105991931;-2518.18844079662;-5042.43654292548;6993355.01194487;0.0495168716390454;0.00453014063205842;1.10631295499489;-0.00181108759829648;2.4863497949584
2280;-5908722.93044745;1904382.63052631;3779451.92783745;-4402.99268156537;-2578.75209154012;-5162.95334633026;6993737.87319831;0.0494680676052781;0.00514709305500668;1.10632788277667;-0.00182341102230208;2.51571437414849
2310;-6038035.37611689;1826143.57823309;3622819.707823;-4217.24477320486;-2636.7549952786;-5278.3325358464;6994110.37658075;0.0494180342126571;0.00567658103341549;1.10634246757996;-0.00183471263261373;2.54511268865909
2340;-6161722.93357569;1746203.28981627;3462804.05091549;-4028.028734965;-2692.16216797921;-5388.50454363495;6994471.45901262;0.0493671749688679;0.00611680479197918;1.10635666133197;-0.00184502279393389;2.57454894407454
2370;-6279684.13524836;1664640.13736168;3299562.16667382;-3835.5163859551;-2744.9405901219;-5493.40374674793;6994820.10744807;0.0493158957522439;0.006466663054742;1.10637041774459;-0.00185437456213384;2.60402667163543
2400;-6391822.67362405;1581533.45455765;3133253.17514719;-3639.87990146723;-2795.05916806536;-5592.96838937271;6995155.35954789;0.0492646020055295;0.00672575604379333;1.10638369240768;-0.00186280355023624;2.63354872363407
2430;-6498047.41108256;1496963.47948149;2964037.99199385;-3441.29175674376;-2842.48869675271;-5687.14050778526;6995476.30421684;0.049213695960981;0.0068943844288474;1.10639644287531;-0.00187034779326242;2.66311727291817
2460;-6598272.38812735;1411011.29848337;2792079.21580765;-3239.92467694322;-2887.20182387105;-5775.86585824041;6995782.08202111;0.0491635739094065;0.00697354410255006;1.10640862874538;-0.00187704761227861;2.69273381662558
2490;-6692416.83020581;1323758.79112226;2617541.01756126;-3035.95159293783;-2929.17301556912;-5859.09384800744;6996071.88550103;0.0491146235260179;0.00696491666970036;1.10642021173294;-0.00188294547793051;2.72239918425917
2520;-6780405.15328649;1235288.57610574;2440589.03206875;-2829.54560257817;-2968.37852382829;-5936.77746974187;6996344.95939309;0.0490672212662217;0.00687085555907493;1.10643115573732;-0.00188808587371359;2.75211355019024
2550;-6862166.96835162;1145683.95818282;2261390.25136472;-2620.879937063;-3004.796355574;-6008.87323936696;6996600.60077475;0.0490217298446898;0.00669436769357409;1.10644142690355;-0.00189251515918777;2.78187645065219
2580;-6937637.08495292;1055028.87593629;2080112.91989242;-2410.12793205524;-3038.40624360636;-6075.3411376224;6996838.15914468;0.0489784958111958;0.00643909068815167;1.10645099367818;-0.00189628143330711;2.81168680525175
2610;-7006755.51396758;963407.850418957;1896926.43138856;-2197.46300318801;-3069.18961942168;-6136.14455542302;6997057.03645009;0.0489378472367764;0.00610926558442453;1.10645982685989;-0.00189943439800058;2.84154294298602
2640;-7069467.46968085;870905.934576093;1712001.22734858;-1983.05862560781;-3097.12958798908;-6191.25024315571;6997256.68707203;0.0489000915236958;0.00570970517593054;1.106467899645;-0.00190202522210757;2.87144263270829
2670;-7125723.37131111;777608.663394494;1525508.69695253;-1767.08831720515;-3122.21090454036;-6240.62826402982;6997436.61777876;0.0488655133525214;0.00524575802710103;1.10647518766825;-0.00190410640574275;2.90138311793642
2700;-7175478.84408287;683602.004717004;1337621.07832827;-1549.72562518597;-3144.41995342435;-6284.2519515835;6997596.38765614;0.0488343727792629;0.00472326834150187;1.106481669039;-0.0019057316451364;2.93136115584494
2730;-7218694.71994265;588972.310659858;1148511.36102607;-1331.14411564012;-3163.74472907183;-6322.09787143664;6997735.60802343;0.0488069034950109;0.00414853188941978;1.10648732437299;-0.00190695569797282;2.96137306022783
2760;-7255337.03800271;493806.26956892;958353.189575847;-1111.51736576637;-3180.17481911072;-6354.14578736989;6997853.94234177;0.0487833112598368;0.00352824825973607;1.10649213682;-0.00190783424922655;2.99141474816356
2790;-7285377.04478705;398190.858449758;767320.767996321;-891.018958415473;-3193.70138966675;-6380.37863179848;6997951.10612189;0.0487637725218441;0.00286946975516098;1.10649609208745;-0.00190842377747676;3.02148179006014
2820;-7308791.19434431;302213.295805552;575588.765123251;-669.822478615864;-3204.31717287891;-6400.78248069943;6998026.86683656;0.0487484332312338;0.00217954730144486;1.10649917846008;-0.00190878142166312;3.05156946270629
2850;-7325561.14828206;205960.994815985;383332.220622462;-448.101511748194;-3212.01645665503;-6415.34653304085;6998081.04384261;0.0487374078580373;0.00146607378877259;1.10650138681593;-0.00190896484823133;3.08167280490712
2880;-7335673.7757668;109521.516789621;190726.451551936;-226.029643036931;-3216.79507668724;-6424.063094753;6998113.50831627;0.0487307786208269;0.000736825305708191;1.10650271063861;-0.00190903211860522;3.1117866752407
2910;-7339121.15352447;12982.5248217065;-2053.04066373728;-3.78045802871659;-3218.65041074344;-6426.92756727115;6998124.183205;0.0487285949322283;-2.99238495141581e-07;1.10650314602603;-0.00190904155691158;-3.14127949574329
2940;-7335900.56586583;-83568.2624110501;-194830.662984048;218.472456271768;-3217.58137524577;-6423.93844067193;6998113.04319771;0.0487308730654677;-0.000737339579814018;1.10650269169559;-0.00190905161787744;-3.11116041633204
2970;-7326014.50475184;-180043.116787454;-387430.823366427;440.555509936883;-3213.58842414319;-6415.09729141595;6998080.11471485;0.0487375960445251;-0.00146633611132518;1.10650134898587;-0.0019091207548143;-3.0810467157047
3000;-7309470.6699037;-276354.346879429;-579678.023381531;662.295108650165;-3206.67355008091;-6400.4087847007;6998025.47591874;0.0487487137587333;-0.00217939188921096;1.10649912185487;-0.00190930728760148;-3.05094365419744
3030;-7286281.96895284;-372414.344159144;-771396.950968238;883.517652567624;-3196.84028786502;-6379.88068141957;6997949.25674359;0.0487641433009484;-0.00286873408117552;1.1064960168747;-0.00190966927058079;-3.02085637002752
3060;-7256466.51761604;-468135.629344432;-962412.573466341;1104.04953583471;-3184.09372021658;-6353.52384971391;6997851.63894409;0.0487837695266788;-0.00352677431531211;1.10649204322287;-0.00191026436027733;-2.99078981994401
3090;-7220047.6398711;-563430.898951069;-1152550.23106445;1323.7171470882;-3168.44048580507;-6321.35228109646;6997732.85616025;0.048807445829913;-0.00414616740649177;1.10648721266982;-0.00191114968286568;-2.96074872151117
3120;-7177053.86809852;-658213.072120048;-1341635.73079978;1542.34687127354;-3149.88878954648;-6283.3831111157;6997593.19399564;0.0488349951297782;-0.0047198679651677;1.10648153956299;-0.00191238170130865;-2.93073749752285
3150;-7127518.94314484;-752395.337787555;-1529495.44124553;1759.76509310936;-3128.44841514728;-6239.63664452143;6997432.99010497;0.0488662110607028;-0.00524118442901635;1.10647504080693;-0.00191401608210496;-2.90076022301088
3180;-7071481.81425308;-845891.202264646;-1715956.38802012;1975.79820253308;-3104.13073987028;-6190.13638488251;6997252.63428641;0.0489008593573919;-0.00570383010019085;1.10646773583969;-0.00191610756159478;-2.87082057526797
3210;-7008986.63879603;-938614.537292886;-1900846.35025103;2190.2726024635;-3076.94875149399;-6134.90906859824;6997052.56857299;0.0489386794247308;-0.00610197081863322;1.10645964660508;-0.00191870981178659;-2.84092178725799
3240;-6940082.78173752;-1030479.62864125;-2083993.95812403;2403.01471921855;-3046.91706743182;-6073.98470323397;6996833.28731646;0.048979386081713;-0.00643026895348608;1.10645079752075;-0.00192187530568615;-2.81106660473483
3270;-6864824.81473721;-1121401.22530854;-2265228.79164637;2613.85101592933;-3014.05195597214;-6007.39661010181;6996595.33725646;0.0490226714676056;-0.0066839234488069;1.10644121544196;-0.00192565518212794;-2.78125724733695
3300;-6783272.51480364;-1211294.58939422;-2444381.48074995;2822.60800929419;-2978.37135959488;-5935.18147099503;6996339.31756659;0.04906820709791;-0.00685870571473274;1.10643092962068;-0.00193009911013161;-2.75149537386959
3330;-6695490.86239027;-1300075.54669934;-2621283.80685753;3029.11229001991;-2939.89492031397;-5857.37937897372;6996065.87986816;0.0491156460571506;-0.00695099120961391;1.10641997165995;-0.00193525515283085;-2.72178205193235
3360;-6601550.03881857;-1387660.53811734;-2795768.80603188;3233.19054729977;-2898.64400698935;-5774.03389308616;6995775.7282019;0.0491646253151874;-0.00695778661115752;1.10640837546319;-0.00194116963104937;-2.69211773199731
3390;-6501525.42290181;-1473966.6718731;-2967670.87382402;3434.66959768195;-2854.64174454495;-5685.19209689717;6995469.61894639;0.0492147681535581;-0.00687675252363757;1.10639617717824;-0.00194788698662859;-2.66250222599344
3420;-6395497.58663253;-1558911.77666607;-3136825.87193262;3633.37641868454;-2807.91304502262;-5590.90466068067;6995148.36067173;0.0492656866883038;-0.00670622171314948;1.10638341513586;-0.00195544964564325;-2.63293469040867
3450;-6283552.28978581;-1642414.45577178;-3303071.2367822;3829.13818751657;-2758.48464039407;-5491.22590711841;6994812.81391561;0.0493169844757857;-0.00644521290221746;1.10637012978239;-0.00196389788167757;-2.60341361388093
3480;-6165780.47327988;-1724394.14215291;-3466246.09012273;4021.7823252674;-2706.38511704526;-5386.21388033095;6994463.89086865;0.0493682591881612;-0.00609344018870361;1.10635636360639;-0.00197326967936986;-2.57393680921635
3510;-6042278.25112433;-1804771.15462879;-3626191.35174779;4211.1365469295;-2651.64495183907;-5275.93041804994;6994102.55495435;0.0494191053453933;-0.00565131818084484;1.10634216105886;-0.00198360059847493;-2.54450140974527
3540;-5913146.90077568;-1883466.75514931;-3782749.85442241;4397.02891762157;-2594.29654965305;-5160.44122672267;6993729.82028911;0.0494691170909319;-0.00511996296051221;1.10632756846677;-0.00199492363873444;-2.51510386990693
3570;-5778492.85170862;-1960403.20721553;-3935766.4611052;4579.28791538114;-2534.37428227977;-5039.81595932061;6993346.75100625;0.0495178909984639;-0.00450118900021243;1.10631263393975;-0.00200726910588974;-2.48573996993958
3600;-5638427.67200019;-2035503.83548634;-4085088.18454223;4757.74250089649;-2471.9145285669;-4914.12829560324;6992954.46042772;0.0495650288973856;-0.00379750216589661;1.10629740726945;-0.00202066447921839;-2.45640482454655
3630;-5493068.05271344;-2108693.0866062;-4230564.30930232;4932.22219454856;-2406.95571566351;-4783.45602456709;6992554.11006667;0.0496101407048585;-0.00301208893799222;1.10628193982145;-0.00203513428102313;-2.42709289540808
3660;-5342535.78985546;-2179896.59128508;-4372046.51631488;5102.55716113268;-2339.53836122793;-4647.88112878658;6992146.90844305;0.0496528472524532;-0.0021488019772309;1.10626628441942;-0.00205069994855152;-2.39779800741436
3690;-5186957.76367395;-2249041.22765714;-4509389.00996249;5268.57830262865;-2269.70511644;-4507.48987032968;6991734.10969464;0.0496927830954414;-0.00121214215089571;1.1062504952212;-0.00206737970887652;-2.36851336850627
3720;-5026465.91504545;-2316055.18593971;-4642448.6477703;5430.11735938499;-2197.50080964859;-4362.37287790519;6991317.01196495;0.0497295992927509;-0.000207237119223044;1.10623462758673;-0.00208518845731923;-2.33923159302563
3750;-4861197.21869727;-2380868.03440896;-4771085.07272368;5587.0070200789;-2122.97249047107;-4212.62523487227;6990896.9555497;0.0497629661454183;0.000860183437854138;1.10621873793745;-0.00210413764004851;-2.30994472849637
3780;-4691293.65299445;-2443410.7867029;-4895160.84823423;5739.08104080804;-2046.16947414821;-4058.34656771399;6990475.32078337;0.0497925758810686;0.00198381589585564;1.10620288360714;-0.00212423514154583;-2.28064428578019
3810;-4516902.16601279;-2503615.97045622;-5014541.59576162;5886.17437366257;-1967.14338594263;-3899.64113454755;6990053.52564733;0.0498181452714904;0.00315681402951634;1.10618712268398;-0.00214548517767579;-2.25132127257435
3840;-4338174.63760807;-2561417.69726494;-5129096.13508557;6028.12330511652;-1885.94820535387;-3736.61791321245;6989633.02308159;0.0498394181697702;0.00437182361726638;1.10617151384377;-0.00216788819515598;-2.22196623024445
3870;-4155267.83718233;-2616751.73397174;-5238696.62720811;6164.76560456574;-1802.64030990698;-3569.39068844593;6989215.29798257;0.0498561679526896;0.0056210203234601;1.10615611617418;-0.00219144077827033;-2.1925692740098
3900;-3968343.37683767;-2669555.57525527;-5343218.71985079;6295.94068332559;-1717.27851825482;-3398.0781376212;6988801.86386999;0.0498681998531751;0.00689615089918051;1.10614098899024;-0.00221613556371996;-2.16312013652207
3930;-3777567.65959969;-2719768.51749888;-5442541.6954957;6421.48976438439;-1629.92413231699;-3222.80391448929;6988394.25920713;0.0498753531665506;0.00818857776338293;1.10612619164086;-0.00224196116455195;-2.13360821489894
3960;-3583111.82238337;-2767331.73390535;-5536548.62190123;6541.25606318869;-1540.6409781603;-3043.69673032938;6987994.04335984;0.0498775033131574;0.00948932704317679;1.10611178330669;-0.00226890210414914;-2.10402262129085
3990;-3385151.67336683;-2812188.35081525;-5625126.50500574;6655.08497971308;-1449.49544530753;-2860.89043187553;6987602.79218132;0.0498745637386415;0.0107891401638251;1.10609782278953;-0.00229693876130392;-2.07435223707023
4020;-3183867.62343077;-2854283.52517692;-5708166.4441123;6762.82430204018;-1356.556524142;-2674.52407534997;6987222.09321146;0.0498664876318436;0.0120785290839945;1.10608436829343;-0.00232604732743216;-2.04458577073755
4050;-2979444.61131546;-2893564.52310557;-5785563.78922721;6864.3244216456;-1261.8958410567;-2484.74199589453;6986853.54048199;0.0498532694388368;0.0133478352686422;1.10607147719801;-0.00235619977701102;-2.01471181963433
4080;-2772072.02214153;-2929980.79945849;-5857218.30040319;6959.43856054735;-1165.58769097683;-2291.69387165274;6986498.72892095;0.0498349461502631;0.0145872924790059;1.1060592058244;-0.00238736385234571;-1.98471893554025
4110;-2561943.59893677;-2963484.07834163;-5923034.30891494;7048.02301043954;-1067.70906686533;-2095.53478171599;6986159.24835321;0.0498115983377759;0.0157870934352687;1.10604760919428;-0.00241950306378104;-1.95459569420702
4140;-2349257.34680814;-2994028.43445101;-5982920.88007083;7129.93738388536;-968.339685801126;-1896.42525710766;6985836.6770971;0.0497833509141743;0.0169374603706908;1.10603674078286;-0.00245257670647872;-1.92433076884409
4170;-2134215.42939677;-3021570.37513969;-6036791.97743889;7205.04487759463;-867.562011200438;-1694.53132394067;6985532.57516068;0.0497503735907657;0.018028719445429;1.10602665226641;-0.00248653989487145;-1.8939130075205
4200;-1917024.05725355;-3046068.92308799;-6084566.6282389;7273.21254775552;-765.461270732473;-1490.02453784515;6985248.47704585;0.0497128810047225;0.019051378922362;1.10601739326535;-0.00252134361588819;-1.86333151438032
4230;-1697893.3677752;-3067485.69944076;-6126169.08962467;7334.31159732911;-662.125469462102;-1283.08200872661;6984985.88417257;0.0496711324887637;0.0199962109251095;1.10600901108384;-0.0025569348020113;-1.83257573448662
4260;-1477037.29634377;-3085785.00726125;-6161529.01555182;7388.21767514777;-557.645397734527;-1073.88641487925;6984746.25694081;0.0496254314555235;0.020854336499321;1.10600155044701;-0.00259325642518208;-1.80163554200902
4290;-1254673.4383191;-3100933.91513644;-6190581.62389678;7434.81118658502;-452.114633300166;-862.626005446014;6984531.006453;0.0495761243695425;0.0216173135824061;1.10599505323718;-0.00263024761251006;-1.77050133135327
4320;-1031022.90154127;-3112902.34075329;-6213267.86346183;7473.97761548398;-345.629537162695;-649.494590186871;6984341.48592564;0.0495235992810584;0.0222772273537522;1.10598955823028;-0.00266784378466509;-1.73916411069757
4350;-806310.149011331;-3121663.13424961;-6229534.58046952;7505.60785694489;-238.289242619542;-434.691515489613;6984178.98182485;0.0494682838977922;0.0228267822892243;1.10598510083418;-0.00270597681773905;-1.70761559725142
4380;-580762.831431466;-3127192.16112731;-6239334.68411743;7529.59856047831;-130.195636952522;-218.421625534986;6984044.70476679;0.0494106431738234;0.0232593950816069;1.10598171283039;-0.00274457522925233;-1.6758483133897
4410;-354611.609302435;-3129468.3844992;-6242627.31073149;7545.85248293003;-21.4533352171228;-0.895207510069326;6983939.78023096;0.0493511763985346;0.0235692874162133;1.10597942212096;-0.00278356438885248;-1.64385568264181
4440;-128089.964295274;-3128473.94642401;-6239377.98602233;7554.27885047668;87.830354427366;217.672080248172;6983865.23914094;0.0492904137735721;0.023751577411994;1.10597825248244;-0.00282286675410445;-1.61163212433596
4470;98566.0003628698;-3124194.24806741;-6229558.784916;7554.79372887677;197.545474407793;437.059298302619;6983822.00837412;0.0492289124718694;0.0238023683587071;1.10597822332891;-0.00286240213160645;-1.57917314551799
4500;325117.770722734;-3116618.02841;-6213148.48839609;7547.32040104192;307.579471007369;657.040335480276;6983810.90126936;0.0491672521800772;0.0237188332070673;1.10597934948595;-0.00290208796348005;-1.54647542859027
4530;551324.644370769;-3105737.44120658;-6190132.73676148;7531.78975086648;417.817257771534;877.384038661645;6983832.60820793;0.0491060301342184;0.0234992931087939;1.105981640978;-0.00294183963908023;-1.51353691295479
4560;776943.964280984;-3091548.12988434;-6160504.17867025;7508.14065212226;528.14128959523;1097.85436408549;6983887.68735044;0.0490458556680143;0.0231432881665817;1.10598510283105;-0.00298157083154991;-1.48035686880772
4590;1001731.36439315;-3074049.30005152;-6124262.61530844;7476.32036108845;638.43164802256;1318.21055122853;6983976.55561867;0.0489873443039981;0.0226516384498411;1.10598973489308;-0.00302119385860542;-1.44693596112727
4620;1225441.02700775;-3053243.7892726;-6081415.13899111;7436.28491144617;748.566138269285;1538.20732027723;6984099.48001733;0.0489311114290991;0.0220264932714503;1.10599553167447;-0.00306062006668579;-1.4132763018358
4650;1447825.95204172;-3029138.13375071;-6031976.26547311;7387.99950982402;858.420398451928;1757.59509415417;6984256.56939657;0.048877765608615;0.0212713667133503;1.1060024822108;-0.00309976023733177;-1.37938148810914
4680;1668638.2381385;-3001742.63154456;-5975968.05921958;7331.43893023525;967.868021473795;1976.12024599288;6984447.76676048;0.0488279016050953;0.0203911574449205;1.1060105699502;-0.00313852501438043;-1.34525662486129
4710;1887629.375571;-2971071.40193368;-5913420.25086021;7266.58790550199;1076.78068997774;2193.52537287264;6984672.84223121;0.0487820931812878;0.0193921510055039;1.10601977266755;-0.00317682535027414;-1.3109083295602
4740;2104550.55081663;-2937142.44053443;-5844370.34602838;7193.44151361715;1185.02832472734;2409.54959652665;6984931.3867808;0.0487408857785291;0.0182820029272079;1.10603006240782;-0.00321457296948667;-1.27634471773422
4770;2319152.96262001;-2899977.66975939;-5768863.72476702;7112.00555685342;1292.4792467222;2623.9288916232;6985222.80684492;0.048704789173308;0.0170697013594237;1.10604140546052;-0.00325168084677254;-1.2415753678139
4800;2531188.14929129;-2859602.98420405;-5686953.73066618;7022.29693129183;1399.00035328894;2836.39644208945;6985546.31993272;0.048674270224729;0.015765508221325;1.10605376236727;-0.00328806369764812;-1.20661126431868
4830;2740408.326916;-2816048.29053898;-5598701.74888614;6924.34398431312;1504.45730831669;3046.68302580015;6985900.95134591;0.0486497458337062;0.0143808783477915;1.10606708796428;-0.00332363847822174;-1.17146471883658
4860;2946566.73807708;-2769347.54148156;-5504177.27221218;6818.18685747464;1608.71474672519;3254.51742778975;6986285.53211736;0.0486315762404531;0.0129283565985474;1.10608133146143;-0.00335832489120628;-1.1361492687498
4890;3149418.01061051;-2719538.76342005;-5403457.95428512;6703.87781208739;1711.63649316367;3459.62688196531;6986698.69827479;0.0486200587897565;0.0114214534544221;1.10609643655917;-0.00339204589467917;-1.10067955421287
4920;3348718.52583407;-2666664.0772644;-5296629.64915552;6581.48153471373;1813.08579484121;3661.73754110005;6987138.89152822;0.0486154222932321;0.00987450021062453;1.10611234160456;-0.00342472820990583;-1.06507117447658
4950;3544226.79560435;-2610769.71210255;-5183786.43631893;6451.07541972944;1912.92556828318;3860.57497467375;6987604.36147183;0.048617822114016;0.00830248547186694;1.10612897978705;-0.00345630282431353;-1.02934052524584
4980;3735703.84747009;-2551906.01124899;-5065030.63040631;6312.74982603668;2011.0186596951;4055.86469389761;6988093.16937946;0.0486273360919924;0.00672087523297153;1.10614627937475;-0.00348670548550916;-0.993504619339123
5010;3922913.6171024;-2490127.43028369;-4940472.77472683;6166.60830498011;2107.22811849483;4247.33270301856;6988603.19366069;0.0486439614167005;0.00514541936581423;1.10616416399111;-0.00351587718206799;-0.95758089345485
5040;4105623.34709356;-2425492.52669432;-4810231.61789156;6012.76779650888;2201.41748344765;4434.70607574405;6989132.13702938;0.0486676125406691;0.00359194780269844;1.1061825529319;-0.00354376460669853;-0.921587004319986
5070;4283603.9911275;-2358063.94075407;-4674434.07278511;5851.35879064582;2293.4510807071;4617.71355536296;6989677.53541959;0.0486981202084248;0.0020761600852409;1.10620136152187;-0.00357032059730672;-0.885540617876154
5100;4456630.6224379;-2287908.36728977;-4533215.157199;5682.52545137378;2383.19433292919;4796.08617686688;6990236.76866518;0.0487352316562681;0.000613412216420729;1.1062205015099;-0.00359550455145222;-0.849459195428035
5130;4624482.84538372;-2215096.5180225;-4386717.9154957;5506.42570013012;2470.5140784892;4969.55790909841;6990807.07293872;0.0487786120157054;-0.000781495101381512;1.10623988150132;-0.00361928280970562;-0.813359780825227
5160;4786945.20888996;-2139703.07419384;-4235093.32073567;5323.23125621532;2555.27889969176;5137.86631467451;6991385.55492329;0.0488278469298843;-0.00209452274594544;1.10625940742529;-0.00364162900349532;-0.777258792763652
5190;4943807.62042234;-2061806.62922637;-4078500.15677129;5133.12763157245;2637.35945872626;5300.75322515596;6991969.20766756;0.0488824463682053;-0.00331258999372395;1.10627898303499;-0.00366252436316006;-0.741171826176282
5220;5094865.75909122;-1981489.6212064;-3917104.87989172;4936.31407758174;2716.62883998406;5457.96542866262;6992554.92805013;0.0489418496003075;-0.00442375814146318;1.10629851043771;-0.00368195798211859;-0.705113466441786
5250;5239921.48641261;-1898838.25502058;-3751081.4596906;4733.00348173852;2792.96289722332;5609.25536687223;6993139.5357543;0.0490054312675414;-0.00541739754945975;1.10631789065156;-0.00369992703331991;-0.66909711978702
5280;5378783.25319408;-1813942.41402517;-3580611.19892401;4523.42221234437;2866.24060394235;5754.38183809256;6993719.7936296;0.0490725084685733;-0.00628433517266737;1.10633702418516;-0.00371643693444865;-0.633134862813509
5310;5511266.50096145;-1726895.56117776;-3405882.53222927;4307.80990963877;2936.34440520774;5893.11070286717;6994292.42929159;0.0491423487564883;-0.00701698016365028;1.10635581163628;-0.00373150145873516;-0.597237313562203
5340;5637194.05630023;-1637794.62961546;-3227090.8036841;4086.41922213087;3003.16056907868;6025.21558836752;6994854.15778746;0.0492141789281502;-0.00760942569456554;1.10637415430482;-0.00374514278864553;-0.561413525969707
5370;5756396.51645345;-1546739.90272065;-3044438.02330114;3859.51548725588;3066.57953567822;6150.47858764424;6995401.70513255;0.0492871944729737;-0.00805752572796685;1.10639195481555;-0.00375739151021113;-0.525670908988701
5400;5868712.62449759;-1453834.88377516;-2858132.60267276;3627.37635587552;3126.49626188652;6268.6909496612;6995931.83250178;0.0493605695378729;-0.0083589460437765;1.10640911774552;-0.00376828654628814;-0.490015171069921
5430;5973989.63240992;-1359186.15536526;-2668389.07010554;3390.29136056293;3182.81055957283;6379.65375592228;6996441.36084162;0.0494334672580383;-0.00851318937986789;1.10642555025079;-0.0037778750276114;-0.454450290155276
5460;6072083.65034535;-1262903.22876315;-2475427.76571013;3148.56142805553;3235.42742524398;6483.1785794253;6996927.19565237;0.0495050502992887;-0.00852159504799834;1.10644116268713;-0.00378621210111873;-0.418978508829605
5490;6162859.98045931;-1165098.38357449;-2279474.51704141;2902.49833671966;3284.25735896884;6579.08812164496;6997386.35167787;0.0495744914569012;-0.00838731383098595;1.10645586921918;-0.00379336067566168;-0.383600353836784
5520;6246193.43364566;-1065886.49800573;-2080760.29601237;2652.42412034241;3329.21667044231;6667.21682325747;6997815.97723096;0.0496409841577883;-0.00811525934206702;1.10646958841241;-0.00379939110588017;-0.348314678793082
5550;6321968.62760504;-965384.870168949;-1879520.85793309;2398.67042004391;3370.22777007896;6747.41144437837;6998213.37787817;0.0497037527173709;-0.00771203732832287;1.10648224380231;-0.00380438081568939;-0.313118728631997
5580;6390080.26472019;-863713.030904189;-1675996.36365154;2141.57778657974;3407.21944307803;6819.5316101904;6998576.03920616;0.0497620622091329;-0.00718585462712724;1.10649376443548;-0.00380841386350235;-0.278008224089896
5610;6450433.38828987;-760992.548660192;-1470430.98589461;1881.49493577276;3440.12710447596;6883.45031799347;6998901.64839665;0.049815227813331;-0.00654640964158371;1.10650408537724;-0.0038115804519757;-0.242977464386878
5640;6502943.615762;-657346.827032455;-1263072.50102363;1618.77796026836;3468.89303330197;6939.054401911;6999188.11434462;0.0498626235212799;-0.00580476629457297;1.10651314818073;-0.00381397638571356;-0.208019446165633
5670;6547537.34770921;-552900.89561227;-1054171.86752814;1353.78950124115;3493.46658407463;6986.244951737;6999433.58606781;0.0499036900827742;-0.00497321346098025;1.10652090131282;-0.00381570248098119;-0.173125996712978
5700;6584151.95140473;-447781.194851155;-843982.792682871;1086.89788408673;3513.80437402248;7024.9376827028;6999636.46917262;0.0499379420962124;-0.0040651118744842;1.10652730053242;-0.00381686393205813;-0.138287919493655
5730;6612735.91798353;-342115.35569118;-632761.288884324;818.476222503579;3529.87044457755;7055.06325327935;6999795.44016356;0.049964974153659;-0.00309473047052359;1.10653230921743;-0.00381756963939096;-0.103495150062317
5760;6633248.9923105;-236031.974752449;-420765.221264715;548.9014957011;3541.63639587647;7076.56752850621;6999909.45840863;0.0499844659661713;-0.0020770740721978;1.10653589863671;-0.00381793150517641;-0.0687369204758209
5790;6645662.27482424;-129660.385903996;-208253.848249864;278.553603754081;3549.08149320565;7089.41178674758;6999977.77560233;0.0499961864081281;-0.00102770426175762;1.10653804816438;-0.00381806370241262;-0.0340019303932423
5820;6649958.29477917;-23130.4290730248;4512.64321563771;7.81440635819598;3552.19274454442;7093.57286821379;6999999.94260003;0.0499999964328482;3.74447833583954e-05;1.10653874543421;-0.00381808192378946;0.000721476884356686
5850;6646131.05446895;83427.7828306008;217273.606009787;-262.933249580302;3550.96494858818;7089.04326404735;6999975.8135319;0.0499958508254736;0.00110225376609061;1.10653798643231;-0.00381810261704343;0.0354451351265231
5880;6634186.04417952;189884.097982696;429768.40294594;-533.306507966439;3545.40071287091;7075.83114525064;6999905.54714103;0.0499837987727944;0.00215060737325072;1.10653577552728;-0.00381824221357476;0.0701808742898552
5910;6614140.22778748;296108.55980623;641736.876847479;-802.923481534931;3535.51044184849;7053.96033121994;6999789.60532761;0.0499639832434346;0.00316658334420518;1.10653212543738;-0.00381861635720991;0.104940339668577
5940;6586021.99908808;401971.640325725;852919.818775184;-1071.40422425048;3521.3122950488;7023.47019814167;6999628.74891884;0.049936639185556;0.00413463984154861;1.10652705713526;-0.00381933913999102;0.139734812710012
5970;6549871.10910521;507344.471821219;1063059.43261311;-1338.3716925368;3502.8321156368;6984.41552799411;6999424.03072164;0.0499020905629784;0.00503979943875906;1.10652059969095;-0.00382052235178395;0.174575035147768
6000;6505738.5648;612099.07590244;1271899.79424827;-1603.45268990284;3480.10332998098;6936.8662993752;6999176.78595122;0.0498607462643197;0.00586782799891271;1.10651279005516;-0.00382227475032213;0.209471038146871
6030;6453686.4997557;716108.589144914;1479187.30362302;-1866.27878971413;3453.16681903661;6880.90742183684;6998888.62016344;0.0498130949334349;0.00660540666291103;1.1065036727848;-0.00382470135804407;0.244431978211418
6060;6393788.01757031;819247.484457479;1684671.12799594;-2126.48723109164;3422.0707625796;6816.63841584332;6998561.39485035;0.0497596987829877;0.00724029510180735;1.10649329971391;-0.00382790279174649;0.279465981670154
6090;6326127.0088348;921391.787384804;1888103.63481704;-2383.72178320573;3386.87045752863;6744.17304087892;6998197.21088775;0.0497011864663814;0.00776148412384552;1.10648172957316;-0.00383197463066603;0.314579999620523
6120;6250797.9427121;1022419.28658849;2089240.81270408;-2637.63357356391;3347.62811178027;6663.63887460406;6997798.39004869;0.0496382450963617;0.00815933567264259;1.10646902756211;-0.00383700682812776;0.349779675267296
6150;6167905.63425848;1122209.73779564;2287842.67909949;-2887.88187626275;3304.41261514995;6575.17684629406;6997367.45481851;0.0495716115112381;0.00842570821920736;1.10645526487831;-0.00384308317136705;0.385069225627169
6180;6077564.98874359;1220645.0605538;2483673.67328838;-3134.13485658038;3257.29928915876;6478.9407280877;6996907.10676409;0.0495020629016562;0.0085540655489429;1.10644051820818;-0.00385028079355117;0.420451339574017
6210;5979900.72432819;1317609.52718545;2676503.03356803;-3376.07026871984;3206.36961753102;6375.09658782068;6996420.20372293;0.0494304069219442;0.00853956698672263;1.10642486918469;-0.00385866974140911;0.455927094159401
6240;5875047.074547;1412989.94339241;2866105.15747577;-3613.37610396842;3151.71095936899;6263.82220741961;6995909.73608573;0.0493574714199475;0.0083791371993137;1.10640840381702;-0.00386831260122903;0.491495891048752
6270;5763147.47211949;1506675.82002131;3052259.94410341;-3845.75118700746;3093.41624704878;6145.30647098471;6995378.80244974;0.0492840939276912;0.00807151387426248;1.10639121189776;-0.00387926418531857;0.527155414755921
6300;5644354.21567203;1598559.53556273;3234753.11765235;-4072.90571858352;3031.58367093508;6019.74872679367;6994830.58491954;0.0492111110617507;0.00761727180443178;1.10637338639318;-0.00389157128034839;0.562901614130898
6330;5518828.12100155;1688536.48902079;3413376.53151126;-4294.56176322899;2966.3163530418;5887.35812751483;6994268.32432648;0.0491393479866031;0.00701882221156367;1.10635502282217;-0.00390527245832754;0.598728708253555
6360;5386738.15854285;1776505.24285336;3587928.45226688;-4510.45368119167;2897.7220117727;5748.35295292778;6993695.2956293;0.0490696080960827;0.00628038652025573;1.10633621862929;-0.00392039795030035;0.63462921751056
6390;5248261.07872027;1862367.65574722;3758213.82318763;-4720.32850419273;2825.91261986001;5602.95991941443;6993114.78374546;0.0490026630670885;0.00540794424071911;1.10631707255755;-0.00393696958221294;0.670594020187893
6420;5103581.0268689;1946029.00505539;3924044.50684576;-4923.94625507464;2751.00405758275;5451.41348040652;6992530.06004692;0.0489392434356663;0.00440915512510545;1.10629768402589;-0.00395500077178996;0.706612434407295
6450;4952889.14940255;2027398.09878573;4085239.5066685;-5121.08021182164;2673.11576329069;5293.95512186061;6991944.35973547;0.0488800298383317;0.0032932563140956;1.10627815251674;-0.00397449658468886;0.742672324685323
6480;4796383.19288495;2106387.37708922;4241625.16732798;-5311.51711682901;2592.37038318643;5130.83265668065;6991360.86029162;0.0488256450509684;0.00207093576844846;1.10625857697811;-0.00399545384766836;0.778760231817874
6510;4634267.09762914;2182913.00325404;4393035.35399505;-5495.05733266217;2508.89342222941;4962.29952182714;6990782.6611686;0.048776646943909;0.000754183862625569;1.10623905524476;-0.00401786131602903;0.814861524212803
6540;4466750.5874074;2256894.94426583;4539311.61059117;-5671.51494587797;2422.81289792342;4788.61408164357;6990212.76487869;0.0487335224550714;-0.00064387442056494;1.10621968348251;-0.00404169989215694;0.850960568233457
6570;4294048.75680261;2328257.04104546;4680303.29727475;-5840.71782077766;2334.25899863552;4610.03894070025;6989654.0595948;0.048696682663646;-0.00210916374001778;1.10620055565941;-0.00406694289163199;0.887040914602591
6600;4116381.65767173;2396927.06852366;4815867.70749419;-6002.5076052217;2243.36374797181;4426.84026920685;6989109.30336497;0.0486664590252761;-0.00362685569264431;1.10618176304681;-0.00409355635305159;0.92308549747384
6630;3933973.88612471;2462836.78575531;4945870.16502696;-6156.73969086031;2150.26067660592;4239.28714378308;6988581.11001262;0.0486431008065424;-0.00518157540747139;1.10616339375347;-0.00412149938747132;0.959076842429576
6660;3747054.1713487;2525921.97631641;5070184.10150394;-6303.28313032052;2055.08450282168;4047.65090610458;6988071.93677143;0.0486267737325561;-0.00675761345123708;1.10614553229474;-0.00415072456317365;0.994997279427826
6690;3555854.96752881;2586122.47926217;5188691.11498972;-6442.02051404077;1957.97082289431;3852.20454166461;6987584.07368013;0.0486175598373077;-0.00833913894688173;1.10612825919898;-0.00418117832134635;1.03082915660999
6720;3360612.05003416;2643382.21095671;5301281.01025225;-6572.84780955858;1859.05581229632;3653.22208061286;6987119.63474066;0.0486154584829136;-0.00991040982560164;1.10611165065261;-0.00421280141817974;1.06655505090181
6750;3161564.11695256;2697649.17811197;5407851.8214103;-6695.67416613796;1758.4759385769;3450.97802235604;6986680.55082274;0.0486203884917742;-0.0114559762835332;1.1060957781848;-0.00424552938887442;1.10215797149141
6780;2958952.39696951;2748875.48239735;5508309.8176933;-6810.42168767086;1656.36768662876;3245.74678533288;6986268.56427899;0.0486321913156008;-0.01296087378787;1.10608070839246;-0.00427929302908617;1.13762155254332
6810;2753020.26449924;2797017.31700044;5602569.49308674;-6917.02517680602;1552.86729692509;3037.80218311189;6985885.22521812;0.0486506351478886;-0.0144108023602747;1.10606650270573;-0.00431401888941567;1.17293023189088
6840;2544012.86288655;2842034.95553541;5690553.54066685;-7015.43185324849;1448.1105171828;2827.41692770643;6985531.88936881;0.0486754198721625;-0.0157922893381498;1.10605321719386;-0.00434962977867876;1.20806941292334
6870;2332176.7364108;2883892.73370694;5772192.81245139;-7105.60104913891;1342.23236778835;2614.86216075954;6985209.71745423;0.0487061827275065;-0.0170928333537952;1.10604090241089;-0.0043860452718555;1.24302560742357
6900;2117759.47173646;2922559.02414636;5847426.26560969;-7187.50388436438;1235.36692120845;2400.40701302301;6984919.67598645;0.0487425045656947;-0.018301027851502;1.1060296032803;-0.00442318221881609;1.27778655769319
6930;1901009.34937061;2958006.20484137;5916200.89588428;-7261.12292457591;1127.64709550209;2184.31819234234;6984662.53938167;0.0487839165706376;-0.0194066630577314;1.10601935901757;-0.00446095525014882;1.31234133689691
6960;1682175.00560575;2990210.62158308;5978471.65908015;-7326.45182459376;1019.20446195206;1966.85960016218;6984438.89329033;0.0488299073107219;-0.0204008059044469;1.10601020308919;-0.00449927727666539;1.34668042714339
6990;1461505.10534719;3019152.54485296;6034201.3814751;-7383.49495977338;910.169066744135;1748.29197638653;6984249.13903176;0.0488799299976574;-0.0212758579584526;1.10600216320653;-0.00453805997942998;1.38079577537252
7020;1239248.02614932;3044816.121569;6083360.65999726;-7432.26704778511;800.669266540479;1528.87257226497;6984093.49902025;0.0489334098312976;-0.0220255919108776;1.10599526135273;-0.00457721428744024;1.41468082762026
7050;1015651.55371305;3067189.32210485;6125927.75300386;-7472.79276313104;690.831577720612;1308.85485082935;6983972.02306809;0.0489897513180923;-0.022645167617747;1.10598951384071;-0.00461665084038179;1.44833054266909
7080;790962.589029181;3086263.88298751;6161888.4624789;-7505.10634658622;580.780538998436;1088.4882142764;6983884.59545163;0.0490483454608942;-0.0231311290437399;1.10598493140006;-0.00465628043417454;1.48174138645265
7110;565426.867288878;3102035.24567;6191236.00844773;-7529.25121161027;470.638587067037;868.017757578153;6983830.94262827;0.0491085767292386;-0.023481383743264;1.10598151929083;-0.0046960144473265;1.51491130886524
7140;339288.688623345;3114502.49176379;6213970.89638316;-7545.27954963103;360.525944874144;647.684047505254;6983810.64149493;0.0491698297314705;-0.02369516671449;1.10597927744174;-0.00473576524640536;1.54783970482764
7170;112790.660679733;3123668.27510357;6230100.77835241;-7553.25193595676;250.56052208974;427.722926165755;6983823.12808285;0.049231495522727;-0.0237729905861928;1.10597820061063;-0.00477544656922663;1.58052736158469
7200;-113826.547010062;3129538.75100303;6239640.30862598;-7553.23693792827;140.857827293135;208.365338094612;6983867.70658834;0.0492929774953845;-0.0237165841503596;1.10597827856486;-0.00481497388463502;1.61297639426245
7230;-340324.436957287;3132123.50304584;6242610.99443975;-7545.31072677937;31.5308913792233;-10.1628201254589;6983943.55864438;0.0493536968107879;-0.0235288212440727;1.10597949627929;-0.00485426472802328;1.64519017170286
7260;-566466.906072439;3131435.46774058;6239041.04257043;-7529.55669453386;-77.309798337628;-227.640828772768;6984049.75274471;0.0494130973426137;-0.0232136419210165;1.10598183414957;-0.00489323901198525;1.67717323452992
7290;-792020.456618896;3127490.85735262;6228965.20235226;-7506.06507713067;-185.55635385928;-443.853253516467;6984185.25373786;0.0494706501128492;-0.0227759677476158;1.10598526821864;-0.00493181931173732;1.70893120729563
7320;-1016754.39596713;3120309.08120938;6212424.60572955;-7474.93258483798;-293.103532626656;-658.590034678561;6984348.93231596;0.0495258572109494;-0.0222216129204462;1.10598977041416;-0.00496993112516302;1.74047070641445
7350;-1240441.02538254;3109912.66575933;6189466.60490646;-7436.26204089054;-399.848774582948;-871.646558349664;6984539.57442992;0.0495782551951601;-0.0215571927410537;1.1059953087949;-0.00500750310753753;1.77179924543444
7380;-1462855.81810603;3096327.17364791;6160144.60812133;-7390.16202916469;-505.692230731818;-1082.82371048187;6984755.89056953;0.0496274179822401;-0.0207900308100141;1.1060018478041;-0.00504446728117351;1.80292513901749
7410;-1683777.58700935;3079581.12205749;6124517.91403969;-7336.74655159198;-610.536783742899;-1291.92791507644;6984996.52485423;0.0496729592378697;-0.0199280661224097;1.10600934852792;-0.00508075922039437;1.83385740682138
7440;-1902988.64212643;3059705.90054155;6082651.54522632;-7276.13469590491;-714.288061151225;-1498.77115757178;6985260.06388696;0.0497145342849502;-0.0189797610680255;1.1060177689573;-0.00511631821238806;1.86460567829623
7470;-2120274.93837841;3036735.68856723;6034616.08112407;-7208.45031420846;-816.854441688707;-1703.17099451908;6985545.04533031;0.0497518415508408;-0.0179540111675945;1.10602706425151;-0.00515108739462202;1.89518009923555
7500;-2335426.21382327;3010707.37296436;5980487.49093474;-7133.82171277702;-918.147055274804;-1904.9505506101;6985849.96617044;0.0497846235774435;-0.0168600572147714;1.10603718700196;-0.00518501386960985;1.92559124075963
7530;-2548236.11877175;2981660.46546347;5920346.96676588;-7052.38135339012;-1018.07977718047;-2103.93850409472;6986173.29064046;0.0498126676200226;-0.015707400345798;1.10604808749491;-0.00521804879791266;1.95585001126049
7560;-2758502.33611948;2949637.02048995;5854280.75737653;-6964.26556643997;-1116.56921686467;-2299.96906159507;6986513.45778064;0.0498358058618631;-0.0145057204264789;1.10605971397174;-0.00525014747033351;1.98596757170471
7590;-2966026.693251;2914681.55336704;5782380.00282541;-6869.61427597038;-1213.53470196662;-2492.8819232902;6986868.88861817;0.0498539152724201;-0.0132647980310454;1.1060720128857;-0.00528126936032331;2.0159552545747
7620;-3170615.26587509;2876840.9590658;5704740.57029621;-6768.57073673947;-1308.89825791959;-2682.52223940957;6987237.99295419;0.0498669171366109;-0.0119944401885549;1.10608492915417;-0.00531137815766103;2.04582448662937
7650;-3372078.47415283;2836164.4316268;5621462.89134719;-6661.28128333745;-1402.58458363403;-2868.74055893691;6987619.17575035;0.0498747762824727;-0.0107044099918234;1.10609840640547;-0.00534044178450305;2.07558671558384
7680;-3570231.17147984;2792703.38436484;5532651.80080556;-6547.8950913352;-1494.521023679;-3051.39277138738;6988010.84311123;0.0498775000335951;-0.00940436009796956;1.10611238721952;-0.00536843239491419;2.10525334074145
7710;-3764892.72628248;2746511.3709556;5438416.37750222;-6428.56395038989;-1584.63753737196;-3230.34004248263;6988411.40786302;0.0498751369117051;-0.00810377009999376;1.10612681336158;-0.00539532635900048;2.13483564756093
7740;-3955887.09718519;2697644.00749107;5338869.78701781;-6303.44204918906;-1672.86666516746;-3405.44874450864;6988819.29473164;0.049867775113538;-0.00681188771266092;1.10614162600868;-0.0054211042327602;2.16434474610492
7770;-4143042.9019018;2646158.89557921;5234129.12658848;-6172.68577207471;-1759.14349271616;-3576.59038210214;6989232.94512699;0.0498555407847864;-0.00553767369239252;1.10615676596813;-0.00544575071475656;2.19379151329213
7800;-4326193.4801984;2592115.5465523;5124315.27229771;-6036.45350715429;-1843.40561294639;-3743.64151417244;6989650.82154215;0.0498385961125263;-0.00428975039847788;1.10617217388775;-0.00546925459069585;2.22318653886219
7830;-4505176.95126903;2535575.30683835;5009552.7286601;-5894.90546567384;-1925.59308650126;-3906.48367262699;6990071.4115789;0.0498171372561215;-0.00307635390008262;1.10618779045773;-0.00549160866696526;2.25254007495932
7860;-4679836.26585838;2476601.2845401;4889969.48068334;-5748.20351240225;-2005.64840084607;-4065.00327853101;6990493.23161254;0.0497913921352591;-0.00190528953893456;1.10620355660359;-0.0055128096941516;2.28186198924561
7890;-4850019.25345787;2415258.27725702;4765696.84847645;-5596.51100675175;-2083.51642834227;-4219.09155629502;6990914.83011066;0.0497616180924915;-0.0007838908694188;1.10621941367048;-0.00553285828152341;2.31116172146627
7920;-5015578.66489263;2351612.70117708;4636869.34445497;-5439.99265434;-2159.1443835666;-4368.64444644782;6991334.79062185;0.0497280994464972;0.000281018084816762;1.10623530359846;-0.00555175880341362;2.34044824340637
7950;-5176372.21060808;2285732.52145698;4503624.53317761;-5278.81436868193;-2232.48178013698;-4513.56251751791;6991751.73445099;0.0496911449512222;0.00128315729761038;1.10625116908892;-0.00556951929839595;2.36973002219875
7980;-5332262.59495528;2217687.18390194;4366102.8938336;-5113.14314268544;-2303.48038728991;-4653.75087751291;6992164.32303896;0.0496510851751692;0.0022168219464429;1.10626695376215;-0.00558615136209622;2.39901498696695
8010;-5483117.54676382;2147547.54794899;4224447.68538601;-4943.14692961314;-2372.09418643846;-4789.11908545409;6992571.26006475;0.0496082698143371;0.00307691034899341;1.10628260230616;-0.00560167003443043;2.42831049881124
8040;-5628809.84648139;2075385.82095113;4078804.81436281;-4768.99453316295;-2438.27932792442;-4919.58106339232;6992971.29328835;0.0495630649517287;0.00385894859572442;1.10629806061687;-0.00561609368200842;2.45762332417102
8070;-5769217.350148;2001275.4937535;3929322.70527525;-4590.85550631276;-2501.99408816367;-5045.05500930223;6993363.21615296;0.0495158502758719;0.00455911181982663;1.10631327592987;-0.00562944387638826;2.4869596116212
8100;-5904223.01046256;1925291.27754698;3776152.17363156;-4408.90005856868;-2563.1988273699;-5165.4633112231;6993745.86916498;0.0494670162705162;0.00517424202340436;1.10632819694396;-0.00564174526881396;2.5163248721819
8130;-6033714.89518843;1847509.04197925;3619446.30150348;-4223.29897125232;-2621.8559480283;-5280.7324629882;6994118.14106997;0.0494169613874863;0.00570186235934893;1.1063427739367;-0.00565302546201653;2.54572396324047
8160;-6157586.20313351;1768005.75449829;3459360.31559303;-4034.22352045967;-2677.92985427847;-5390.79298185896;6994478.96984264;0.0493660892146269;0.00614018775285389;1.10635695887214;-0.00566331487960555;2.57516107619983
8190;-6275735.27792961;1686859.42089908;3296051.46773807;-3841.84540732269;-2731.38691235378;-5495.57932835601;6994827.34350819;0.0493148056508476;0.00648813173550477;1.10637070550112;-0.00567264663352712;2.60463972797811
8220;-6388065.61982459;1604149.02703934;3129678.91778654;-3646.33669520425;-2782.19541221284;-5595.02982855644;6995162.30081216;0.0492635161004066;0.00674530935954816;1.10638396945437;-0.00568105639001645;2.63416275648975
8250;-6494485.89568975;1519954.48168709;2960403.61876167;-3447.86975345715;-2830.32553048845;-5689.0865991051;6995482.931755;0.0492126226987957;0.00691203606031501;1.10639670832862;-0.00568858223442203;2.66373232023762
8280;-6594909.94743376;1434356.56045834;2788388.20423328;-3246.61720737942;-2875.74929486891;-5777.69547516729;6995788.37800718;0.0491625215828372;0.00698932234179549;1.10640888176607;-0.00569526453523618;2.69334990213861
8310;-6689256.79900375;1347436.85080065;2613796.87780373;-3042.7518939995;-2918.44055001726;-5860.80594153121;6996077.83321972;0.0491136002178688;0.00697886417394609;1.1064204515276;-0.00570114580761914;2.72301631769146
8340;-6777450.66214273;1259277.69797475;2436795.30461121;-2836.4468233273;-2958.37492512502;-5938.37106705026;6996350.54324444;0.0490662347951504;0.00688302901091191;1.10643138155974;-0.00570627057666403;2.75273172757492
8370;-6859420.94106207;1169962.15198398;2257550.50474742;-2627.87514470946;-2995.52980318855;-6010.34744259855;6996605.80627723;0.0490207877128316;0.0067048373665849;1.106441638056;-0.0057106852406106;2.78249565473689
8400;-6935102.23617669;1079573.91539855;2076230.74848191;-2417.2101179302;-3029.88429208814;-6076.69512269691;6996842.972937;0.0489776051539806;0.00644793991762878;1.10645118951255;-0.00571443793417658;2.81230700600151
8430;-7004434.34704003;988197.292019461;1893005.45318079;-2204.62508870204;-3061.41919754259;-6137.37757095154;6997061.44629192;0.0489370147752179;0.00611659014389687;1.10646000677873;-0.00571757839214367;2.84216409818122
8460;-7067362.27460515;895917.136324861;1708045.0818035;-1990.29346819374;-3090.1169980049;-6192.36160943364;6997260.68184397;0.0488993235194436;0.00571561256112457;1.10646806310245;-0.00572015781329978;2.872064688636
8490;-7123836.22292789;802818.803639644;1521521.0428576;-1774.38871624613;-3115.96182155815;-6241.61737211469;6997440.18748158;0.0488648155659556;0.00525036665007348;1.10647533417091;-0.00572222872481183;2.90200601017215
8520;-7173811.60041741;708988.100967509;1333605.59168834;-1557.08432792918;-3138.93942486434;-6285.11826245975;6997599.52340967;0.0488337504308977;0.00472670663885101;1.10648179814659;-0.0057238448470754;2.93198481012114
8550;-7217249.02072942;614511.238423166;1144471.73297699;-1338.55382309734;-3159.037174213;-6322.84091526912;6997738.30206511;0.048806361230469;0.00415093734958951;1.10648743569908;-0.00572506095906244;2.96199739338377
8580;-7254114.3033866;519474.781201059;954293.124319148;-1118.97073860211;-3176.24402871107;-6354.76516284773;6997856.18802509;0.0487828531186336;0.00352976637564426;1.10649223003251;-0.00572593276416679;2.99203966917043
8610;-7284378.47420115;423965.602015829;763243.980752151;-898.508622824278;-3190.55052564975;-6380.87400557052;6997952.89791482;0.0487634019102054;0.00287025290947543;1.10649616690914;-0.0057265167565275;3.02210720111399
8640;-7308017.76556388;328070.833948715;571498.980098921;-677.341032190042;-3201.94876807942;-6401.15358690246;6998028.20032005;0.0487481528991392;0.002179753592905;1.10649923466893;-0.00572687008779258;3.05219526038025
8670;-7325013.61665433;231877.823633254;379233.168993699;-455.641529337585;-3210.4324146187;-6415.59317292158;6998081.91570932;0.048737219880665;0.00146586580888737;1.10650142424545;-0.00572705043427173;3.08229888135359
8700;-7335352.67361656;135474.084712931;186621.869454083;-233.583682602436;-3215.99667151888;-6424.18513638443;6998113.91636954;0.0487306843845343;0.000736368876020688;1.10650272917807;-0.00572711586441385;3.1124129194332
8730;-7339026.78973508;38947.2515028452;-6159.41413744524;-11.3410664913316;-3218.6382870008;-6426.92494536394;6998124.12635813;0.0487285951251806;-8.36357749866568e-07;1.10650314562061;-0.00572712470653613;-3.14065319673945
8760;-7336033.02563581;-57614.9672129805;-198935.087779976;210.91273718455;-3218.35554787643;-6423.81115648115;6998112.52147361;0.0487309676729829;-0.00073778899831086;1.10650267234644;-0.00572713541672382;-3.1105341760718
8790;-7326373.64952667;-154124.83431731;-391529.560466665;433.004137845433;-3215.14827846345;-6414.84541274328;6998079.12924606;0.048737784349171;-0.00146653012288184;1.10650131075014;-0.00572720644681528;-3.08042064706954
8820;-7310056.13748314;-250494.630497296;-583767.336801524;654.759534675936;-3209.0178417967;-6400.0324459922;6998024.02894779;0.0487489943451797;-0.00217916477991071;1.10649906484559;-0.00572739611238438;-3.05031786810789
8850;-7287093.17377359;-346636.700452873;-775473.109758771;876.005315483338;-3199.96714313595;-6379.3800839588;6997947.35162374;0.0487645140655334;-0.0028679234197546;1.10649594126067;-0.00572776246063265;-3.02023097417348
8880;-7257502.65121004;-442463.49924478;-966471.853722752;1096.56785620965;-3188.00063576556;-6352.89926190994;6997849.28014039;0.0487842276916162;-0.00352522221449401;1.1064919492284;-0.00572836313810576;-2.99016491754429
8910;-7221307.67149952;-537887.638850846;-1156588.91794589;1316.27352142686;-3173.1243290769;-6320.60403886639;6997730.04925082;0.0488079879620334;-0.00414372174444673;1.10648710057444;-0.00572925525815406;-2.96012441011316
8940;-7178536.54556172;-632821.934998821;-1345650.12056138;1534.94866614575;-3155.34579892021;-6282.51161836077;6997589.94567317;0.0488356171636631;-0.00471638355695631;1.10648140970103;-0.00573049526806425;-2.93011386785253
8970;-7129222.79376859;-727179.454343594;-1533481.84328621;1752.41963927051;-3134.67420020809;-6238.64237369589;6997429.3081783;0.0488669083260387;-0.00523652413871753;1.10647489356708;-0.00573213881579895;-2.90013735788252
9000;-7073405.14605136;-820873.562056009;-1719911.12694887;1968.51278903278;-3111.12028174795;-6189.01987765413;6997248.52768214;0.0489016266103474;-0.00569786588535749;1.10646757166443;-0.00573424061629344;-2.87019854856198
9030;-7011127.54181067;-913817.96988976;-1904765.76797433;2183.05447074137;-3084.69640327613;-6133.67093659896;6997048.04733683;0.0489395108831373;-0.00609458469977745;1.10645946599001;-0.00573685431727304;-2.84030066297422
9060;-6942439.12955529;-1005926.78479192;-2087874.41595719;2395.87105718606;-3055.41655466128;-6072.62562889934;6996828.36261445;0.0489802754637998;-0.00642135390246848;1.1064506010139;-0.00574003236457282;-2.81044643612757
9090;-6867394.2661846;-1097114.55812168;-2269066.67245127;2606.78895203662;-3023.29637723916;-6005.9173475972;6996590.02137563;0.0490236120340399;-0.00667338419108721;1.1064410036429;-0.00574382586695979;-2.78063807613675
9120;-6786052.5158199;-1187296.33554052;-2448173.19110192;2815.63460658133;-2988.35318723568;-5933.58284722671;6996333.62391497;0.0490691916968653;-0.00684645944167068;1.10643070317962;-0.00574828446048137;-2.75087722959573
9150;-6698478.64807914;-1276387.70763581;-2625025.77924378;3022.23454015191;-2950.60600122889;-5855.6622946825;6996059.82297406;0.049116667172124;-0.00693696819814167;1.10641973127667;-0.00575345617238736;-2.72116495129876
9180;-6604742.63567921;-1364304.86133821;-2799457.50108392;3226.41536458531;-2910.07556359448;-5772.19932402089;6995769.32371203;0.0491656751152829;-0.00694193074917317;1.10640812188589;-0.0057593872847013;-2.69150167841355
9210;-6504919.65123942;-1450964.63219135;-2971302.7825865;3428.00381307594;-2866.78437587286;-5683.2410950654;6995462.88362273;0.0492158385459447;-0.00685902174053971;1.10639591120228;-0.00576612219754618;-2.66188720916153
9240;-6399090.06314911;-1536284.55753054;-3140397.51817075;3626.82677377481;-2820.75672798858;-5588.8383556732;6995141.31238679;0.0492667693725631;-0.00668658831577474;1.10638313760237;-0.00577370329236123;-2.63232068601544
9270;-6287339.43035159;-1620182.93062486;-3306579.17933003;3822.71132849569;-2772.01873124566;-5489.04550750422;6994805.47164597;0.0493180709998633;-0.00642366381724149;1.10636984157674;-0.00578217079518379;-2.60280058338502
9300;-6169758.49588572;-1702578.85583479;-3469686.92527422;4015.48479689068;-2720.59835301434;-5383.92067511875;6994456.27468625;0.0493693410056371;-0.00606997711322766;1.10635606565654;-0.0057915626402042;-2.573324699728
9330;-6046443.17901567;-1783392.30483453;-3629561.71569276;4204.97478646077;-2666.52545301625;-5273.52577821207;6994094.6860155;0.0494201738738003;-0.00562595764333945;1.10634185433356;-0.00580191433384468;-2.54389015399706
9360;-5917494.56576823;-1862544.17394571;-3786046.42572898;4391.00924876882;-2609.83182110622;-5157.92660677674;6993721.7208206;0.0494701637708476;-0.00509273629470125;1.10632725397364;-0.00581325881965242;-2.51449338631262
9390;-5783018.89768604;-1939956.34262556;-3938985.96325058;4573.41654222444;-2550.55121643922;-5037.19289896384;6993338.44428847;0.0495189073531108;-0.0044721422346718;1.10631231272318;-0.00582562634434335;-2.48513016273863
9420;-5643127.55859416;-2015551.73314937;-4088227.38849321;4752.02550181115;-2488.71940790083;-4911.39842139419;6992945.97077434;0.0495660065924843;-0.00376669583218699;1.10629708040836;-0.00583904432537798;-2.45579558403135
9450;-5497937.05916591;-2089254.37152319;-4233620.03614685;4926.66551612704;-2424.37421566905;-4780.6210516486;6992545.46280047;0.049611071608472;-0.00297959780012498;1.10628160842689;-0.00585353722049933;-2.4264840982312
9480;-5347569.0190633;-2160989.44965855;-4375015.6399459;5097.16661210917;-2357.55555376367;-4644.94286264376;6992138.12986764;0.0496537234945717;-0.00211471468510739;1.10626594963197;-0.0058691263997125;-2.39718951697324
9510;-5192150.14641575;-2230683.38883658;-4512268.45981492;5263.35954781093;-2288.30547342758;-4504.45020857581;6991725.22706157;0.0496935971270544;-0.00117656081998967;1.10625015820825;-0.0058858300202368;-2.36790503540309
9540;-5031812.21439019;-2298263.90448391;-4645235.41161195;5425.07591359859;-2216.66820717152;-4359.23381208822;6991308.05343592;0.04973034394415;-0.000170276838477672;1.10623428953954;-0.00590366290501312;-2.33862325560041
9570;-4866692.03459437;-2363660.07227767;-4773776.19950053;5582.1482421294;-2142.69021330059;-4209.38885229366;6990887.95015348;0.0497636346834714;0.000898395168422766;1.10621840006807;-0.00592263642540204;-2.30933621343192
9600;-4696931.4270447;-2426802.39559101;-4897753.45097041;5734.41012746769;-2066.42022072659;-4055.01505325141;6990466.29836692;0.0497931620651955;0.00202313979682755;1.10620254714508;-0.00594275838876284;-2.28003540877778
9630;-4522677.18641911;-2487622.87428473;-5017032.85451396;5881.69635368826;-1987.90927385567;-3896.21677247199;6990044.51682094;0.0498186434080607;0.00319709974254229;1.10618678887278;-0.0059640329316537;-2.25071183909976
9660;-4344081.04430527;-2546055.07484383;-5131483.29995247;6023.84303330664;-1907.21077732506;-3733.10308898987;6989624.05915749;0.0498398231646314;0.0044129104744419;1.10617118393728;-0.00598646041944925;-2.22135603634449
9690;-4161299.62714439;-2602034.2018509;-5240977.02139211;6160.68775586418;-1824.38054034691;-3565.78789051272;6989206.41090675;0.0498564753615127;0.0056627381861502;1.1061557914328;-0.00601003735321946;-2.19195810719978
9720;-3974494.40956117;-2655497.17078069;-5345389.74277387;6292.06974698178;-1739.47682040015;-3394.38995912219;6988793.08614685;0.0498684059292872;0.00693832106733714;1.1061406706768;-0.00603475628476604;-2.16250777674535
9750;-3783831.66276141;-2706382.68209228;-5444600.82596597;6417.83003817893;-1652.56036599398;-3219.03305496601;6988385.62381669;0.0498754549058966;0.00823101395682282;1.10612588101642;-0.00606060574075637;-2.13299443556002
9780;-3589482.39767004;-2754631.29658652;-5538493.42132943;6537.81164773485;-1563.69445820886;-3039.84599734592;6987985.58366715;0.0498774984960157;0.00953183645662371;1.10611148162618;-0.00608757015694036;-2.10340719036363
9810;-3391622.30247455;-2800185.51198752;-5626954.62066934;6651.859772845;-1472.94495070189;-2856.96274256817;6987594.54183785;0.04987445096768;0.010831524597605;1.10609753129712;-0.00611562982347278;-2.0737349182836
9840;-3190431.67423136;-2842989.84069706;-5709875.61246479;6759.82199329937;-1380.38030784503;-2670.52245788623;6987214.08604839;0.049866266366082;0.0121205861523788;1.1060840882178;-0.00614476084239826;-2.04396632483994
9870;-2986095.34418657;-2882990.88866091;-5787151.83924966;6861.54848687797;-1286.0716406449;-2480.66959082629;6986845.81039499;0.0498529400230475;0.0133893596876135;1.10607120974747;-0.00617493509838362;-2.01409000573915
9900;-2778802.59645704;-2920137.43527472;-5858683.15699452;6956.89225662357;-1190.09274007334;-2287.55393314743;6986491.3097466;0.0498345098393163;0.0146280774349053;1.1060589521818;-0.00620612024380203;-1.98409451255363
9930;-2568747.07971353;-2954380.51424625;-5924373.99631719;7045.70937011214;-1092.52010741842;-2091.33067864888;6986152.17373691;0.0498110573154073;0.015826932035074;1.10604737051185;-0.00623827969928594;-1.95396842233837
9960;-2356126.71150481;-2985673.49531821;-5984133.52532481;7127.85921079672;-993.432981245361;-1892.16047399759;6985829.98035249;0.0497827083056269;0.0169761471737658;1.10603651817688;-0.00627137267086886;-1.92370041119945
9990;-2141143.57485991;-3013972.16674384;-6037875.81386538;7203.20474145022;-892.913360537506;-1690.20946171059;6985526.28912084;0.0497496334687445;0.0180660520754205;1.10602644681183;-0.00630535418482734;-1.89327933177707
10020;-1924003.80680597;-3039234.81839376;-6085519.99893977;7271.61277967759;-791.046023568145;-1485.64931438826;6985242.63390633;0.0497120483880806;0.0190871597562702;1.10601720599025;-0.00634017514131652;-1.86269429453924
10050;-1704917.47844065;-3061422.32535914;-6126990.4509978;7332.95428540622;-687.918542035015;-1278.65725925798;6984980.51532671;0.0496702133333412;0.0200302488546982;1.10600884296393;-0.00637578238785947;-1.83193475269899
10080;-1484098.46620214;-3080498.23190176;-6162216.94081314;7387.10466019607;-583.621289971548;-1069.41609205211;6984741.39280769;0.0496244326365616;0.020886448757804;1.10600140240002;-0.00641211881370541;-1.80099059046789
10110;-1261764.31398528;-3096428.83558685;-6191134.80660199;7433.94405813739;-478.247446931867;-858.114179211352;6984526.67629867;0.0495750536551167;0.0216473276266007;1.10599492611727;-0.00644912346601088;-1.76985221424183
10140;-1038136.08576085;-3109183.27141903;-6213685.12101974;7473.35770802344;-371.892994930956;-644.945447374191;6984337.71767818;0.0495224652960108;0.0223049827890764;1.1059894528225;-0.00648673168872116;-1.73851064618057
10170;-813438.208365293;-3118733.59578625;-6229814.85763838;7505.23624639879;-264.656708607524;-430.109359086336;6984175.80188418;0.0494670960776907;0.0228521328214516;1.10598501784894;-0.00652487528493625;-1.70695761949364
10200;-587898.304142043;-3125054.87000008;-6239477.05647487;7529.47606098985;-156.640138065124;-213.810873641511;6984042.13781012;0.0494094117085503;0.0232822104759673;1.10598165289807;-0.00656348270343447;-1.67518567458188
10230;-361747.013131384;-3128125.24320453;-6242630.98810786;7545.97964392358;-47.9475838376312;3.73960805281584;6983937.84901499;0.0493499121652013;0.0235894554405582;1.10597938578663;-0.00660247924989771;-1.64318825501054
10260;-135217.804525612;-3127926.0344087;-6239242.31588689;7554.65595403325;61.3139365815288;222.326315703011;6983863.96430196;0.0492891282585688;0.0237690057369767;1.10597824020076;-0.00664178732323486;-1.61095980211019
10290;91453.2228712534;-3124441.81338168;-6229283.25570417;7555.42078743556;171.034731210446;441.728200073639;6983821.4082276;0.0492276176820062;0.0238169863842752;1.10597823545921;-0.00668132667723333;-1.5784958468214
10320;318027.551413599;-3117660.48013132;-6212732.7327659;7548.19715544352;281.10248561382;661.719042769751;6983810.99161028;0.0491659605429341;0.0237305937809707;1.10597938628768;-0.00672101470758338;-1.54579309722471
10350;544264.466818654;-3107573.34267144;-6189576.53476607;7532.91566875266;391.40232506135;882.06758646731;6983833.40211375;0.0491047543880174;0.0235081740996578;1.10598170260633;-0.00676076676411653;-1.51284952003731
10380;769921.291975856;-3094175.19276556;-6159807.46083296;7509.51492670667;501.816887359484;1102.53768668152;6983889.19498839;0.0490446087415369;0.0231492938515619;1.10598518933296;-0.00680049648787753;-1.47966441422074
10410;994753.632493911;-3077464.37931887;-6123425.46558631;7477.94191031147;612.226406892231;1322.8884861318;6983978.78405937;0.0489861391873103;0.0226548006751736;1.10598984620377;-0.00684011617241131;-1.44623847473999
10440;1218515.6340763;-3057442.87907434;-6080437.79761177;7438.15237752643;722.508810386604;1542.87461271962;6984102.4330568;0.0489299610360946;0.0220268723434205;1.10599566761427;-0.00687953714839221;-1.41257384445417
10470;1440960.25176966;-3034116.36425388;-6030859.1316297;7390.11125921759;832.539824891999;1762.24640208025;6984260.24738874;0.0488766826326506;0.0212690519777564;1.10600264248254;-0.00691867019045563;-1.37867415211189
10500;1661839.53107886;-3007494.2667711;-5974711.69360766;7333.79305401247;942.193098429786;1980.7501456009;6984452.16646259;0.0488268983692597;0.0203862675150327;1.10601075413715;-0.0069574259448122;-1.34454453448198
10530;1880904.90088764;-2977589.83862936;-5912025.37804002;7269.18222015027;1051.34033372925;2198.12836471472;6984677.9566643;0.0487811814851076;0.0193848336020395;1.10601998023196;-0.00699571537593659;-1.31019164077827
10560;2097907.47806417;-2944420.20810667;-5842837.85659562;7196.27356227655;1159.85143541833;2414.1201121818;6984937.20510778;0.0487400767431623;0.01827243429908;1.10603029269008;-0.00703345023032804;-1.27562361774355
10590;2312598.38356744;-2908006.43131915;-5767194.67731462;7115.07261098997;1267.59467098198;2628.46130095448;6985229.3142686;0.0487040930875058;0.0170580852608109;1.10604165767901;-0.0070705435150419;-1.24085007404408
10620;2524729.06980234;-2868373.53874597;-5685149.35351954;7025.59599281188;1374.43684573707;2840.88506109334;6985553.4976161;0.0486736963940317;0.0157520744292137;1.10605403561894;-0.00710690998839544;-1.2058820229927
10650;2734051.65889962;-2825550.5762925;-5596763.44159396;6927.87178811978;1480.24349200065;3051.12212505318;6985908.77635728;0.0486493024354885;0.0143658807141329;1.10606738122599;-0.00714246665995751;-1.17073180305885
10680;2940319.29152116;-2779570.64046425;-5502106.60677481;6821.93987446559;1584.87907254741;3258.90124149367;6986293.97740226;0.0486312701875265;0.0129120706423403;1.10608164359204;-0.00717713329665176;-1.13541297612937
10710;3143286.4857122;-2730470.90722245;-5401256.67610273;6707.85225259105;1688.20719836316;3463.94961758822;6986707.73265711;0.0486198956052588;0.0114041735111476;1.1060967663025;-0.00721083293153096;-1.09994020403895
10740;3342709.50523969;-2678292.65409369;-5294299.67767807;6585.67335235867;1790.09086060314;3665.99338960645;6987148.47974243;0.0486154059994929;0.0098565361689943;1.10611268759313;-0.00724349237153495;-1.06432910447595
10770;3538346.73677173;-2623081.27510999;-5181329.86538063;6455.48031573971;1890.39267655873;3864.75812133193;6987614.46422804;0.0486179551379708;0.0082841591402159;1.10612934054675;-0.00727504270031401;-1.02859608796422
10800;3729959.07516611;-2564886.28816356;-5062449.72822734;6317.3632539437;1988.97514932228;4059.96932964777;6988103.7434629;0.0486276191895195;0.00670251638950296;1.10614665333025;-0.00730541977200713;-0.992758178200294
10830;3917310.31604795;-2503761.33437122;-4937769.98356587;6171.42547573939;2085.70094071979;4251.35303638004;6988614.19206685;0.0486443936179877;0.00512736155747726;1.10616454947223;-0.00733456469170034;-0.956832818561996
10860;4100167.55476792;-2439764.16905878;-4807409.55333344;6017.78368400808;2180.43315695457;4438.6363452341;6989143.50913571;0.048668191118378;0.00357452396653792;1.10618294818077;-0.00736242427816659;-0.920837668072883
10890;4278301.5907437;-2372956.64399376;-4671495.5226485;5856.56813758852;2273.03564627314;4621.54804239448;6989689.22719424;0.0486988406700213;0.00205969807275829;1.1062017647009;-0.00738895150441111;-0.884790390484388
10920;4451487.33609986;-2303404.68051804;-4530163.08005053;5687.92277552161;2363.37330782906;4799.81921908636;6990248.72291298;0.0487360877614378;0.000598230305910747;1.10622091071062;-0.00741410591151259;-0.848708440404977
10950;4619504.22743596;-2231178.23325839;-4383555.43875789;5512.00530088424;2451.31241078196;4973.18391411942;6990819.22958399;0.0487795958192926;-0.000795092617975593;1.10624029475391;-0.00743785399127248;-0.812608850549102
10980;4782136.63946951;-2156351.24412415;-4231823.73837753;5328.9872215168;2536.72092252953;5141.37977415665;6991397.85132867;0.0488289488502799;-0.0021062498163011;1.10625982270885;-0.00746016953326188;-0.77650802419083
11010;4939174.29922219;-2079001.5863363;-4075126.92657204;5139.05384510001;2619.46884483155;5304.14872917298;6991981.57898761;0.04888365528061;-0.00332218281702634;1.10627939828849;-0.00748103393198549;-0.740421536788155
11040;5090412.69934384;-1999210.9982715;-3913631.62026997;4942.40422622421;2699.42855644863;5461.23768029806;6992567.30761773;0.0489431529537904;-0.0044309788637861;1.10629892357149;-0.00750043645007954;-0.704363950500202
11070;5235653.50910157;-1917065.00694785;-3747511.94609295;4739.25106331879;2776.47516078669;5612.39919697549;6993151.85549762;0.0490068152243507;-0.00542203757618461;1.10631829955942;-0.00751837443371251;-0.668348644964651
11100;5374704.98150077;-1832652.84102665;-3576949.35976961;4529.82054357126;2850.48683691302;5757.39222012336;6993731.98451674;0.0490739580637235;-0.00628621804162692;1.10633742675682;-0.00753485347667144;-0.632387667255397
11130;5507382.35495353;-1746067.33325473;-3402132.44440857;4314.35213426317;2921.3451921936;5895.98276775167;6994304.42179935;0.0491438480752719;-0.00701596393427764;1.10635620577023;-0.00754988752999019;-0.596491603423202
11160;5633508.24786754;-1657404.81232647;-3223256.68761277;4093.09831928262;2988.93561469596;6027.94463928534;6994865.88239056;0.0492157112989019;-0.00760540482041929;1.1063745379214;-0.00756349895440594;-0.560669473460471
11190;5752913.04449639;-1566764.98420151;-3040524.23753246;3866.32427993865;3053.14762340968;6153.06011466225;6995413.09280877;0.0492887426721693;-0.00805043239236483;1.10639232587022;-0.00757571851341431;-0.524928650950563
11220;5865435.27037253;-1474250.80297376;-2854143.63807441;3634.30751959754;3113.87521426023;6271.12064412706;6995942.8152484;0.0493621160044591;-0.00834875095013403;1.10640947424212;-0.00758658530522398;-0.4892748080872
11250;5970921.95563525;-1379968.33144911;-2664329.54360926;3397.33743208277;3171.01719983195;6381.92752452876;6996451.87219795;0.049434994313776;-0.00849990199953013;1.10642589025471;-0.00759614663248885;-0.45371188620237
11280;6069228.98457136;-1284026.59165234;-2471302.41364553;3155.71481422341;3224.47754067583;6485.29255785541;6996937.17122295;0.0495065403718457;-0.00850526333827689;1.1064414843384;-0.00760445780930668;-0.418242091440402
11310;6160221.4297046;-1186537.40554783;-2275288.18806787;2909.75132339633;3274.16566605832;6581.03868770745;6997395.72965076;0.0495759273024451;-0.00836802344482461;1.10645617074514;-0.00761158190561398;-0.382865914775209
11340;6243773.868802;-1087615.22632291;-2076517.94366558;2659.76888137969;3319.99678200978;6669.00060942329;6997824.69888526;0.0496423490799003;-0.00809313235772757;1.10646986813997;-0.0076175894297685;-0.347582175196722
11370;6319770.68321242;-987376.960646859;-1875227.53280561;2406.09902631268;3361.89216455691;6749.02534963016;6998221.38807497;0.0497050307792189;-0.00768723053310058;1.10648250016973;-0.00762255795078228;-0.312388084595133
11400;6388106.33601327;-885941.78238102;-1671657.2052293;2149.08221503347;3399.77943607325;6820.97281109996;6998583.28685706;0.0497632384360071;-0.00715855739301791;1.10649399600345;-0.00762657166234217;-0.277279332648432
11430;6448685.62851675;-783430.938276631;-1466051.21407359;1889.06707853664;3433.5928227555;6884.716278946;6998908.08690419;0.0498162883828364;-0.00651684143340798;1.1065042908392;-0.00762972089142016;-0.242250189865109
11460;6501423.93377593;-679967.546255343;-1258657.40733366;1626.40963374632;3463.27339133115;6940.14288439942;6999193.70200924;0.0498635559387103;-0.0057731738524302;1.10651332637234;-0.0076321015549206;-0.207293626843462
11490;6546247.40583372;-575676.386922352;-1049726.80609268;1361.47245523512;3488.76926322435;6987.15402265569;6999438.286456;0.0499044833394256;-0.00493986769916346;1.10652105122042;-0.00763381456842945;-0.17240144777197
11520;6583093.16357248;-470683.689013246;-839513.17094577;1094.62381092444;3510.03580455092;7025.66572157649;6999640.25144178;0.0499385868086688;-0.00403030453859873;1.10652742130056;-0.00763496521170663;-0.137564436200749
11550;6611909.44814906;-365116.909522091;-628272.558136449;826.236766173129;3527.03579047835;7055.60895837067;6999798.2793392;0.0499654626823422;-0.00305877059345462;1.1065324001551;-0.00763566245609207;-0.102772511151129
11580;6632655.75313716;-259104.509299483;-416262.867004767;556.688260991861;3539.73954267115;7076.92992175331;6999911.33561029;0.0499847925117318;-0.00204028426833423;1.10653595922251;-0.0076360182594656;-0.0680148916867562
11610;6645302.92664543;-152775.724944695;-203743.380415123;286.358165405284;3548.12503874364;7089.59021749255;6999978.67821527;0.0499963470845362;-0.000990416897469261;1.10653807805045;-0.00763614683480629;-0.03328026813504
11640;6649833.24483417;-46260.3378451887;9025.70011189449;15.6283182172444;3552.1779928584;7093.56701569169;6999999.86439033;0.0499999893163303;7.48915062876177e-05;1.10653874444877;-0.0076361638987281;0.00144302178768195
11670;6646240.45641372;60311.5587608088;221783.722796685;-255.11844538676;3551.89190683675;7088.85313861587;6999974.75470347;0.0499956759787267;0.00113951977838271;1.10653795458096;-0.007636185906622;0.036166813638379
11700;6634529.79787284;166809.793807449;434270.055731266;-525.499271845319;3547.26809138429;7075.4570883503;6999903.51433373;0.0499834582441984;0.00218735472237609;1.10653571299296;-0.007636329281205;0.0709029353477617
11730;6614717.97935295;273104.352610667;646224.556933696;-795.13226721993;3538.31565727682;7053.40301406524;6999786.61155658;0.0499634810412732;0.00320248016013336;1.10653203257903;-0.00763670964135991;0.105663026388991
11760;6586833.14125275;379065.610363381;857388.042517266;-1063.63746957253;3525.05147659609;7022.73061915372;6999624.81345575;0.0499359812275425;0.00416936424894727;1.10652693448508;-0.0076374410381465;0.14045835864567
11790;6550914.78181538;484564.564022363;1067502.75118072;-1330.63781016922;3507.50011434761;6983.49500899558;6999419.17891951;0.0499012846016712;0.00507304337989595;1.1065204479505;-0.00763863520477304;0.175299660632634
11820;6507013.65611514;589473.061706216;1276312.80325561;-1595.76005807958;3485.69373103101;6935.76648057817;6999171.04901519;0.0498598017893018;0.00589930093047963;1.10651261009009;-0.00764040082714054;0.210196946764816
11850;6455191.64702118;693664.028744473;1483564.65259066;-1858.63574292081;3459.67195696296;6879.63025566367;6998882.0348704;0.0498120230514153;0.00663483908868246;1.10650346561851;-0.00764284284131143;0.245159353426079
11880;6395521.60886981;797011.689545145;1689007.52961043;-2118.90205073063;3429.48173937199;6815.18615962927;6998554.00322128;0.0497585120772653;0.00726744190165654;1.10649306651997;-0.00764606176391694;0.28019498365485
11910;6328087.18472312;899391.784481752;1892393.87395545;-2376.20268823832;3395.17716348865;6742.54824851393;6998189.05981694;0.0496998988373984;0.00778612763837746;1.10648147166683;-0.00765015306110642;0.31531076232837
11940;6252982.59822903;1000681.78104041;2093479.75519277;-2630.1887111345;3356.81924904291;6661.84438717811;6997789.53089451;0.049636871585327;0.00818128850163676;1.10646874639074;-0.00765520656116652;0.350512303782784
11970;6170312.42122403;1100761.07851252;2292025.28017812;-2880.51931231228;3314.47572374941;6573.21578181727;6997357.94296105;0.0495701681090822;0.00844481569177061;1.10645496201101;-0.00766130591540462;0.385803793840773
12000;6080191.31833497;1199511.20556828;2487794.98575257;-3126.86256645833;3268.2207755097;6476.81647036223;6996897.00113504;0.0495005663458067;0.00857020782351589;1.10644019532469;-0.00766852811131102;0.42118788822122
12030;5982743.76993824;1296816.01010003;2680558.21556659;-3368.89612780634;3218.13478518667;6372.81277454574;6996409.56631344;0.0494288744836385;0.00855266074058309;1.10642452806357;-0.00767694304139422;0.456665629264041
12060;5878103.77492367;1392561.84078187;2870089.47994049;-3606.30787832033;3164.30404190881;6261.38271761505;6995898.63143799;0.0493559206849953;0.00838913686980324;1.10640804632336;-0.00768661313043504;0.492236382808067
12090;5766414.53478535;1486637.71985164;3056168.79779252;-3838.79652404445;3106.82044294134;6142.71541182111;6995367.29713827;0.0492825425737522;0.00807841241810938;1.10639083997044;-0.00769759302324105;0.527897796900564
12120;5647828.12062243;1578935.50668367;3238582.01979112;-4066.07213783205;3045.78118021567;6017.01041991843;6994818.74702779;0.0492095766353152;0.00762110094706688;1.10637300203183;-0.00770992933430679;0.563645783787714
12150;5522505.12467927;1669350.05178381;3417121.13201584;-4287.85664714414;2981.28841563988;5884.47709496477;6994256.22292456;0.0491378476829293;0.00701965216562197;1.10635462807398;-0.0077236604601155;0.599474526331673
12180;5390614.29808673;1757779.34090213;3591584.53954059;-4503.88426607836;2913.44894732087;5745.33390271816;6993683.00025811;0.0490681585453497;0.00627832516103843;1.1063358155757;-0.00773881645415654;0.635376509622798
12210;5252332.17648437;1844124.62902244;3761777.32948104;-4713.90187124913;2842.37386881415;5599.80773089319;6993102.36391239;0.0490012801299812;0.00540313573653399;1.10631666330103;-0.00775541896409512;0.671342578109409
12240;5107842.69520829;1928290.56405079;3927511.5131751;-4917.66932158201;2768.17822348252;5448.1331894607;6992517.58473783;0.0489379420114825;0.00440177803163469;1.10629727067688;-0.00777348122992199;0.707362018062196
12270;4957336.79572083;2010185.30008678;4088606.24728896;-5114.95972250524;2690.98065598968;5290.55190605886;6991931.89694727;0.0488788236885196;0.00328352115379075;1.10627773718079;-0.00779300814133785;0.743422664640175
12300;4801012.02493811;2089720.60022124;4244888.03376143;-5305.55963541572;2610.90306288329;5127.31182043227;6991348.47658933;0.0488245466407467;0.0020590821283665;1.10625816174345;-0.00781399635209949;0.779511032248666
12330;4639072.12907939;2166811.92886117;4396190.89861375;-5489.26923366016;2528.07024413384;4958.66648163425;6990770.4212702;0.0487756673042987;0.000740477056198886;1.10623864217024;-0.00783643444857586;0.815612466299884
12360;4471726.64361997;2241378.53363745;4542356.54976125;-5665.90240660401;2442.60955739455;4784.87435151802;6990200.7312707;0.0487326710672905;-0.000659147070883056;1.10621927458618;-0.00786030316933686;0.851711313927572
12390;4299190.48087771;2313343.51700186;4683234.51406563;-5835.28681365709;2354.65057663508;4606.19811781206;6989642.29218088;0.048695967367384;-0.0021256969321118;1.10620015290753;-0.00788557567222784;0.887791110694988
12420;4121683.51670313;2382633.89766814;4818682.2539616;-5997.26389038519;2264.32475667994;4422.9040198256;6989097.85914925;0.0486658859518904;-0.00364433041056091;1.1061813683437;-0.00791221784507636;0.923834779895038
12450;3939430.17767562;2449180.66209537;4948565.26407936;-6151.68880906075;2171.7651050535;4235.26118956793;6988570.04281925;0.0486426743377308;-0.0051996633418244;1.10616300893196;-0.00794018865592725;0.959824840695098
12480;3752659.03013513;2512918.80625238;5072757.14836347;-6298.43039619195;2077.10586240014;4043.54101079292;6988061.29700093;0.0486264964845335;-0.00677598148875727;1.10614515910743;-0.00796944053851382;0.995743621145634
12510;3561602.37229972;2573787.36793767;5191139.67826038;-6437.37100971972;1980.48219261116;3848.01649820351;6987573.90810296;0.0486174326700285;-0.00835745364249542;1.10612789931032;-0.00799991980854479;1.03157347196327
12540;3366495.83063737;2631729.44996134;5303602.83260911;-6568.40637868657;1882.02988365239;3648.96169877158;6987109.98632789;0.0486154805333873;-0.00992834177235212;1.10611130563173;-0.00803156710631491;1.06729697702264
12570;3167577.96157454;2686692.23452329;5410044.81992476;-6691.44540826184;1781.88505994964;3446.65111685211;6986671.45861316;0.0486205572300772;-0.0114732043000721;1.10609544949929;-0.00806431786113145;1.10289715664535
12600;2965089.85953714;2738626.98914549;5510372.08381014;-6806.40995305583;1680.18390705415;3241.35916449869;6986260.06328184;0.0486325026217963;-0.0129770888502648;1.10608039740291;-0.00809810277308378;1.13835766005196
12630;2759274.77223071;2787489.06453599;5604499.29226958;-6913.23456167379;1577.06240917934;3033.35963812326;6985877.34635016;0.0486510834077284;-0.0144257112139177;1.1060662106612;-0.00813284830776682;1.17366294372843
12660;2550377.7239787;2833237.88477804;5692349.31172908;-7011.86619545103;1472.65610007373;2822.92522238931;6985524.65942411;0.0486759980891787;-0.0158056177363231;1.10605294522816;-0.00816847719969649;1.20879843293415
12690;2338645.14784954;2875836.93024995;5773853.16659013;-7102.26392427584;1367.09982757494;2610.32702198629;6985203.15910495;0.0487068826489152;-0.0171043288812661;1.10604065153966;-0.00820490896031911;1.24375066411933
12720;2124324.52721697;2915253.71368975;5848949.98516059;-7184.39860234981;1260.52753207557;2395.83412170482;6984913.80781266;0.048743316819415;-0.018310462304017;1.10602937439898;-0.00824206038671781;1.27850740660095
12750;1907664.04731377;2951459.74982421;5917586.93281505;-7258.25252665835;1153.07203902595;2179.71317502028;6984657.37592788;0.0487848308106963;-0.0194138343607478;1.10601915290011;-0.00827984606734568;1.31305776244171
12780;1688912.2572571;2984430.518984;5979719.13324079;-7323.81908083031;1044.86486550016;1962.22802119523;6984434.44514667;0.0488309123683393;-0.0204055395665539;1.10601002038752;-0.00831817888136693;1.34739224406126
12810;1468317.74294488;3014145.42512597;6035309.57862265;-7381.10236695764;936.036040761467;1743.63933073147;6984245.41293727;0.048881014035409;-0.0212780080659028;1.10600200445076;-0.00835697048845774;1.38150282966053
12840;1246128.81114749;3040587.74868076;6084329.02961275;-7430.1168278258;826.713940681467;1524.20427883968;6984090.49798603;0.0489345604978924;-0.0220250416798609;1.105995126952;-0.00839613180620135;1.41538299704085
12870;1022593.1850471;3063744.59463812;6126755.90591876;-7470.88686187659;717.025135793758;1304.17624644821;6983969.74651779;0.0489909559015057;-0.0226418295290679;1.10598940408472;-0.00843557347250541;1.44902773683337
12900;797957.711409691;3083606.83627479;6162576.16832805;-7503.44643308886;607.094252697634;1083.80454814392;6983883.03937697;0.0490495910378146;-0.0231249445917566;1.10598484646117;-0.00847520629076541;1.48243354651517
12930;572468.079511151;3100169.0549207;6191783.19296524;-7527.8386778212;497.043848470257;863.334186324816;6983830.09975724;0.0491098503090434;-0.0234723228357297;1.10598145922669;-0.00851494165579687;1.51559840686703
12960;346368.551879724;3113429.47614764;6214377.63855729;-7544.11551051707;386.994297696464;643.005630747581;6983810.50147036;0.0491711183932067;-0.0236832267634689;1.10597924219843;-0.00855469195885245;1.54852174272808
12990;119901.70686224;3123389.90275289;6230367.30745492;-7552.33723002706;277.063691683638;423.054622571116;6983823.67764932;0.049232786543839;-0.0237581953320264;1.10597819002628;-0.00859437097032853;1.58120437002444
13020;-106691.807028885;3130055.64489617;6239767.00113069;-7552.57212815894;167.367749394435;203.712001929978;6983868.92978512;0.0492942584711928;-0.0236989822612329;1.10597829237361;-0.00863389419904396;1.61364843110041
13050;-333173.50507708;3133435.44773423;6242598.37084453;-7544.89610192239;58.0197396021773;-14.7964419826001;6983945.43700278;0.049354955763975;-0.0235084847326562;1.10597953411562;-0.0086731792272406;1.64585732036881
13080;-559307.288762575;3133541.41688197;6238889.76413625;-7529.39227079591;-50.8695862479577;-232.250099383898;6984052.26548776;0.0494143228222048;-0.0231906644181931;1.10598189555297;-0.00871214602070756;1.6778356022332
13110;-784859.656771758;3130388.94201336;6228676.067772;-7506.15060020677;-159.192051004903;-448.433648014972;6984188.3779808;0.0494718312823905;-0.0227504626703889;1.10598535263849;-0.0087507172136682;1.70958892312719
13140;-1009599.90481753;3123996.61889918;6211998.54773879;-7475.26753228418;-266.842099148496;-663.137142009527;6984352.64326603;0.0495269839257738;-0.0221937115682233;1.10598987721486;-0.00878881836828902;1.74112391937675
13170;-1233300.31450318;3114386.17016223;6188904.68684768;-7436.84562481934;-373.716835046836;-876.156082640018;6984543.84558397;0.0495793180687979;-0.021527042350738;1.10599543726115;-0.00882637820887144;1.77244812242979
13200;-1455736.33148849;3101582.3650141;6159448.02047225;-7390.9931992467;-479.716052685739;-1087.29147206436;6984760.69390836;0.0496284084421702;-0.0207577925967629;1.10600199714631;-0.00886332883097136;1.803569862822
13230;-1676686.7332395;3085612.93822112;6123687.97091583;-7337.82399834698;-584.742257419812;-1296.34985119074;6985001.83103247;0.0496738695709228;-0.0198939133290046;1.10600951788772;-0.00889960588585623;1.83449817406761
13260;-1895933.78666268;3066508.50853061;6081689.68086701;-7277.45685426552;-688.700680289383;-1503.14332276565;6985265.84241763;0.0497153576727669;-0.0189438770421324;1.10601795741311;-0.00893514874085521;1.86524269748404
13290;-2113263.39594079;3044302.49677248;6033523.84637073;-7210.01536733937;-791.49928543931;-1707.48956077214;6985551.2647632;0.0497525720958597;-0.0179165874827534;1.10602727082412;-0.00896990061628604;1.89581358878713
13320;-2328465.24090065;3019031.04383511;5979266.54970927;-7135.62759613331;-893.048771165051;-1909.21180720227;6985856.59426371;0.0497852563199421;-0.0168212918475504;1.10603741066012;-0.00900380869975086;1.92622142713137
13350;-2541332.90625428;2990732.92869899;5918999.09255656;-7054.42575899791;-993.262565098574;-2108.13885724062;6986180.29452484;0.0498131985467702;-0.0156674959186801;1.10604832716088;-0.00903682423868617;1.95647712712128
13380;-2751664.00206249;2959449.48669651;5852807.82973817;-6966.54594738327;-1092.05681403222;-2304.10503386526;6986520.80411591;0.0498362319069615;-0.0144648825235476;1.10605996852677;-0.00906890261212646;1.98659185418803
13410;-2959260.27577646;2925224.52815138;5780784.00389978;-6872.12785106833;-1189.35036886269;-2496.9501528392;6986876.54374145;0.049854234310912;-0.0132232335909442;1.10607228117543;-0.00910000338270113;2.01657694360896
13440;-3163927.71621599;2888104.25753704;5703023.58135832;-6771.31449539845;-1285.06476512027;-2686.51947902997;6987245.92301997;0.0498671279714386;-0.0119523559778458;1.10608520999394;-0.00913009032992827;2.04644382334979
13470;-3365476.64984566;2848137.19327993;5619627.08938227;-6664.2519905631;-1379.12419953055;-2872.66367495793;6987627.34686203;0.0498748786253436;-0.010662011159774;1.1060986985855;-0.00915913146590106;2.07620394082698
13500;-3563721.82970953;2805374.08831991;5530699.45512127;-6551.08929289009;-1471.45550303738;-3055.23874243579;6988019.22144425;0.0498774944803052;-0.00936184881295969;1.10611268950994;-0.00918709903447902;2.10586869362268
13530;-3758482.51738414;2759867.85152797;5436349.84637981;-6431.97797808284;-1561.98811069691;-3234.10595812264;6988419.95977945;0.0498750249124364;-0.00806134426670297;1.10612712451735;-0.0092139694951044;2.13544936413396
13560;-3949582.55830638;2711673.4700692;5336691.51440572;-6307.07202628297;-1650.6540288333;-3409.13180377691;6988827.98688645;0.0498675589386259;-0.00676973976860383;1.10614194477431;-0.00923972349236072;2.16495705810224
13590;-4136850.45082857;2660847.93278739;5231841.63884131;-6176.52761880034;-1737.3877998279;-3580.18789195315;6989241.74456611;0.0498552234864206;-0.00549598948195643;1.10615709108224;-0.00926434581237551;2.19440264694429
13620;-4320119.40934822;2607450.15467713;5121921.17496295;-6040.50294631795;-1822.12646489417;-3747.15088784854;6989659.69579254;0.0498381814828194;-0.00424870812248726;1.10617250408749;-0.00928782532715137;2.22379671379417
13650;-4499227.42185323;2551540.9024986;5007054.70331472;-5899.15802834781;-1904.80952517205;-3909.9024279668;6990080.32873092;0.0498166297819554;-0.00303612313901436;1.10618812448294;-0.00931015492787787;2.25314950316207
13680;-4674017.30221642;2493182.72158079;4887370.28182192;-5752.65454368727;-1985.37890145704;-4068.32903622899;6990502.16039479;0.0497907969502817;-0.00186603034794428;1.10620389320088;-0.00933133144824694;2.28247087412094
13710;-4844336.73756537;2432439.86384968;4762999.30045207;-5601.15567160171;-2063.77889286081;-4222.32203812421;6990923.73995778;0.0497609409266252;-0.000745752943837238;1.10621975159702;-0.00935135557875017;2.31177025694379
13740;-5010038.33104505;2369378.21710897;4634076.33847387;-5444.82594343951;-2139.95613468292;-4371.77747345717;6991343.6517354;0.0497273465732823;0.000317896174612798;1.10623564162568;-0.00937023177289738;2.34105661313131
13770;-5170979.64028137;2304065.23559328;4500739.02434812;-5283.83110436827;-2213.85955575583;-4516.59600821476;6991760.51785403;0.0496903231333094;0.00131864880246847;1.10625150600592;-0.00938796814624629;2.37033839879022
13800;-5327023.21184471;2236569.87180583;4363127.89826973;-5118.3379849069;-2285.4403355091;-4656.68284604052;6992173.00062447;0.0496502016082509;0.00225081256588665;1.10626728837901;-0.00940457636908527;2.39962353134657
13830;-5478036.61200211;2166962.50964544;4221386.27736567;-4948.51438191659;-2354.6518609826;-4791.94763977356;6992579.80463841;0.0496073320698009;0.00310929878932843;1.10628293345703;-0.00942007155355839;2.42891935960259
13860;-5623892.45403674;2095314.89882124;4075660.12354042;-4774.52894870386;-2421.4496840035;-4922.30440347742;6992979.67860602;0.0495620809182948;0.00388964705778387;1.10629838716287;-0.00943447213597128;2.45823263717099
13890;-5764468.42240272;2021700.09054711;3926097.91394813;-4596.55109388185;-2485.79147872708;-5047.6714253553;6993371.41695322;0.049514828100479;0.00458804641481902;1.10631359676184;-0.00944779975496165;2.48756949934465
13920;-5899647.29397269;1946192.37450201;3772850.51405955;-4414.75088862962;-2547.63699972741;-5167.97118191936;6993753.8611972;0.0494659642987099;0.00520135311488642;1.10632851098502;-0.00946007912616667;2.5169354434817
13950;-6029316.95662455;1868867.21703731;3616071.05328059;-4229.29898198583;-2606.94804081106;-5283.13025375544;6994125.90111818;0.0494158881035616;0.00572710482899552;1.10634308014464;-0.00947133791396436;2.54633531300504
13980;-6153370.42540294;1789801.2006067;3455914.80307022;-4040.36652380961;-2663.68839471378;-5393.07924319897;6994486.47574566;0.0493650031817833;0.00616353118735715;1.10635725624166;-0.00948160660081686;2.57577328513099
14010;-6271705.85648002;1709071.96439016;3292539.05749557;-3848.12509504056;-2717.82381382878;-5497.75269421364;6994834.57417632;0.0493137154516068;0.00650956053188817;1.10637099306591;-0.00949091835468994;2.60525286245177
14040;-6384226.55912882;1626758.14607889;3126103.01615439;-3652.74664488881;-2769.32197210348;-5597.08901474175;6995169.23624081;0.0492624302775582;0.00676482274596332;1.10638424628903;-0.00949930889497481;2.63477686850237
14070;-6490841.00591169;1542939.32478416;2956767.66938669;-3454.40343458647;-2818.15242823117;-5691.03040177355;6995489.55303563;0.0492115496971326;0.00692964802962522;1.10639697355046;-0.0095068163572903;2.66434744744111
14100;-6591462.84127516;1457695.96502959;2784695.68569075;-3253.26798733319;-2864.28659025366;-5779.52276936262;6995794.66733578;0.0491614696919546;0.0070050614953452;1.10640913453674;-0.00951348115749722;2.69396606796618
14130;-6686010.88873141;1371109.36178278;2610051.30125177;-3049.51304406975;-2907.69768168184;-5862.51567979508;6996083.77390322;0.049112577516303;0.00699277347338602;1.1064206910546;-0.00951934585521214;2.72363353157652
14160;-6774409.15679589;1283261.58647939;2433000.2114858;-2843.31152471612;-2948.3607092318;-5939.9622781026;6996356.11970531;0.0490652490961345;0.00689516543640584;1.10643160709781;-0.00952445501706754;2.7533499852646
14190;-6856586.8438395;1194235.43398968;2253709.46449593;-2634.83649451282;-2986.25243226579;-6011.81923009202;6996611.00405654;0.0490198465119628;0.00671527148034716;1.10644184890839;-0.009528855079924;2.78311493870125
14220;-6932478.34200309;1104114.37047533;2072347.35633283;-2424.26113510724;-3021.35133401951;-6078.04666404861;6996847.77869617;0.0489767155790784;0.00645675533260354;1.10645138503216;-0.00953259421420426;2.81292728593848
14250;-7002023.24031127;1012982.48208162;1889083.32794737;-2211.75872002953;-3053.63759468957;-6138.60811625492;6997065.84781348;0.0489361835386661;0.00612388289823573;1.10646018636915;-0.00953572218748349;2.84278533161663
14280;-7065166.32711192;920924.424408323;1704087.86371868;-1997.50259420574;-3083.09306644795;-6193.47048045301;6997264.66803145;0.0488985568732997;0.00572149040014859;1.10646822621889;-0.00953829022843868;2.87268682161684
14310;-7121857.59195735;828025.372700411;1517532.39143796;-1781.66615715924;-3109.7012504438;-6242.60396136476;6997443.74835883;0.0488641192601073;0.00525494821846412;1.10647548032103;-0.00954035089122976;2.90262897805044
14340;-7172052.22703239;734370.972698292;1329589.18362428;-1564.42284955399;-3133.44727584642;-6285.98203237212;6997602.65011965;0.0488331296745376;0.00473012058700337;1.10648192689124;-0.00954195792035808;2.93260853842414
14370;-7215710.6282247;640047.292085483;1140431.26004665;-1345.94614273679;-3154.31788097768;-6323.58139744763;6997740.98686847;0.0488058206571425;0.00415332135918121;1.10648754665293;-0.0095431661160236;2.9626217987657
14400;-7252798.39592204;545140.772470456;950232.291323231;-1126.40953093804;-3172.30139657613;-6355.38195741404;6997858.42429863;0.0487823967551052;0.00353126611065237;1.10649232286462;-0.00954403119997988;2.99266466043915
14430;-7283286.33561121;449738.181838101;759166.50346712;-905.986525793228;-3187.38773123017;-6381.3667806015;6997954.68014986;0.0487630331493593;0.0028710209000128;1.10649624134342;-0.00954460968186598;3.02273268032539
14460;-7307150.45834327;353926.567405258;567408.583245583;-684.850652849783;-3199.56835901224;-6401.52207796027;6998029.52412099;0.0487478744771142;0.00217994806027249;1.10649929048452;-0.00954495872597847;3.05282112399174
14490;-7324371.98111957;257793.208813856;375133.584218541;-463.175449725964;-3208.83630934132;-6415.83718267755;6998082.77779235;0.0487370338583899;0.0014656494412248;1.10650146127703;-0.00954513601843094;3.08292502142737
14520;-7334937.32724317;161425.571594472;182516.83332045;-241.134465590174;-3215.18615909625;-6424.30453433739;6998114.3145616;0.0487305921338089;0.00073590756472301;1.1065027473161;-0.0095451996346372;3.11303922487896
14550;-7338838.12667031;64911.2608324899;-10266.1621511311;-18.9012616305492;-3218.61402699794;-6426.91966765354;6998124.05959623;0.0487285973193983;-1.37480997116327e-06;1.10650314481146;-0.00954520790704446;-3.14002683889333
14580;-7336071.21638677;-31662.0250314112;-203039.807277834;203.350587814241;-3219.11757027415;-6423.68120579654;6998111.98980445;0.0487310642825779;-0.000738236186395954;1.10650265259246;-0.00954521929303559;-3.10990787938983
14610;-7326638.64082384;-128206.540335075;-395628.512131664;425.447493791402;-3216.695983616;-6414.59085832734;6998078.13382609;0.0487379746418161;-0.00146671835376753;1.10650127210967;-0.0095452922429149;-3.07979452441538
14640;-7310547.65231926;-224634.538331826;-587856.784393354;647.215851265662;-3211.3500004314;-6399.65342374128;6998022.57204356;0.0487492768907392;-0.00217892838051894;1.10649900743287;-0.0095454850678897;-3.04969203035695
14670;-7287810.71161799;-320858.317399494;-779549.322116134;868.482037974311;-3203.08189639611;-6378.87679661779;6997945.43661266;0.0487648867457285;-0.00286710002700175;1.10649586524571;-0.00954585580795974;-3.01960552894362
14700;-7258445.48839857;-416790.267390404;-970531.10677293;1089.07241393417;-3191.89549529888;-6352.27197936235;6997846.91151174;0.0487846877143332;-0.00352365403599816;1.1064918548367;-0.00954646209962937;-2.98953996795603
14730;-7222474.8618002;-512342.916191035;-1160627.49672444;1308.81332192993;-3177.79617717302;-6319.85309851877;6997727.23260711;0.048808531880159;-0.004141256779153;1.10648698808673;-0.00954736104336251;-2.95950005359016
14760;-7179926.92091641;-607428.976559777;-1349664.32124476;1527.53108931432;-3160.79088870208;-6281.63742562085;6997586.68773161;0.0488362408983133;-0.00471287676551718;1.10648127945284;-0.00954860907070708;-2.92949019497269
14790;-7130834.9652109;-701961.393310763;-1537467.97524015;1745.05203145245;-3140.88815588291;-6237.64540254341;6997425.61677238;0.0488676071940027;-0.00523183855437151;1.1064747459483;-0.00955026181102664;-2.89951445128895
14820;-7075237.5048012;-795853.3909112;-1723865.51479524;1961.20245714403;-3118.09809892487;-6187.90067130324;6997244.41176319;0.0489023953555507;-0.00569187365696109;1.10646740711871;-0.00955237395778802;-2.86957648194223
14850;-7013178.26054577;-889018.521558891;-1908684.75367924;2175.80867635999;-3092.43244935886;-6132.43010825087;6997043.51697547;0.0489403437119013;-0.00608716805973483;1.10645928501414;-0.00955499913436949;-2.8396795001152
14880;-6944706.16386008;-981370.713805792;-2091754.36094298;2388.69701063188;-3063.90456932498;-6071.26386258359;6996823.42900171;0.0489811660836564;-0.0064124060534013;1.10645040415705;-0.00955818975937095;-2.8098262300523
14910;-6869875.35617697;-1072824.32179243;-2272903.95973511;2599.69380643565;-3032.5294730023;-6004.43539909976;6996584.69682361;0.0490245536958398;-0.00666281010630969;1.1064407915058;-0.00956199691142724;-2.78001886832794
14940;-6788745.18795626;-1163294.17515683;-2451964.22746345;2808.62545191402;-2998.32385013854;-5931.98154510291;6996327.92185691;0.0490701772399133;-0.00683417657560038;1.10643047641358;-0.0095664701935483;-2.75025904931015
14970;-6701380.21713823;-1252695.62968023;-2628766.99742443;3015.31839728481;-2961.30609163178;-5853.94254135238;6996053.7579635;0.0491176890720547;-0.00692290710405394;1.10641949058259;-0.0095716575970346;-2.72054781497511
15000;-6607850.20692529;-1340944.61873035;-2803145.3620203;3219.599179286;-2921.49631710981;-5770.36209694451;6995762.91142095;0.0491667255343976;-0.006926035602627;1.10640786801307;-0.00957760536504376;-2.69088558917543
15030;-6508230.12276521;-1427957.7055613;-2974933.77768017;3421.29445001106;-2878.91640444646;-5681.28744799512;6995456.14083835;0.0492169093857185;-0.00684125076794552;1.10639564494715;-0.00958435785591404;-2.66127215641626
15060;-6402600.12839906;-1513652.13652713;-3143968.17159671;3620.23101049182;-2833.59002114691;-5586.76941997986;6995134.25700689;0.0492678523280329;-0.0066669141283593;1.10638285980708;-0.00959195740638318;-2.63170664514844
15090;-6291045.5808259;-1597945.89526409;-3310086.05038606;3816.23584938894;-2785.54265752668;-5486.86249357363;6994798.12267228;0.0493191576156142;-0.00640207365152504;1.10636955312766;-0.00960044419487516;-2.60218751554867
15120;-6173657.02402567;-1680757.75789409;-3473126.61077311;4009.13618715298;-2734.80166160109;-5381.62487381468;6994448.65221577;0.0493704227331055;-0.00604647297967425;1.10635576748261;-0.00960985610506629;-2.5727125517235
15150;-6050530.18127053;-1762007.34929942;-3632930.85239937;4198.75952602197;-2681.39627559341;-5271.1185624015;6994086.81122936;0.0494212421296148;-0.00560055638544859;1.10634154740446;-0.00962022858997994;-2.54327885824693
15180;-5921765.9458442;-1841615.20051572;-3789341.69284394;4384.93370622332;-2625.35767396107;-5155.40943291282;6993713.61597021;0.0494712099959386;-0.00506546956108342;1.1063269392979;-0.00963159453690336;-2.51388286092151
15210;-5787470.36997755;-1919502.80728712;-3942204.0849423;4567.48696875005;-2566.71900282963;-5034.56730872142;6993330.13267852;0.0495199230723275;-0.00444305636685679;1.10631199134603;-0.00964398413346191;-2.48452031163956
15240;-5647754.65179761;-1995592.68982407;-4091365.13647965;4746.24802508222;-2505.51542071424;-4908.66604335254;6992937.47674238;0.0495669834744521;-0.00373585167105667;1.10629675340954;-0.00965742473523466;-2.45518629721472
15270;-5502735.12007615;-2069808.45380044;-4236674.23232841;4921.04613422513;-2441.78414039738;-4777.78360301535;6992536.81169268;0.0496120015254402;-0.00294707041373587;1.10628127691818;-0.00967194073534153;-2.42587525205367
15300;-5352533.21655274;-2142074.85262262;-4377983.15909059;5091.71118743527;-2375.5644718204;-4642.00215101365;6992129.34801044;0.0496545985819958;-0.00208059302049379;1.10626561475466;-0.00968755343648283;-2.39658097454416
15330;-5197275.47559601;-2212317.85099855;-4515146.2322967;5258.07380100361;-2306.89786583437;-4501.40813371727;6991716.34172866;0.0496944098426592;-0.00114094728127841;1.10624982113038;-0.00970428092596351;-2.36729664704589
15360;-5037093.50095606;-2280464.68983018;-4648020.426203;5419.96541746315;-2235.82795864288;-4356.0923677503;6991299.09281036;0.0497310871262191;-0.000133286793228373;1.10623395145295;-0.00972213795428517;-2.33801485938738
15390;-4872123.93934971;-2346443.9524473;-4776465.50621795;5577.21841558356;-2162.40061675614;-4206.15012802525;6990878.94328444;0.0497643016081003;0.000936633953115513;1.1062180621853;-0.00974113581794342;-2.3087276357906
15420;-4702508.45060957;-2410185.63219528;-4900344.16397755;5729.66622951009;-2086.66398226163;-4051.68123622401;6990457.27512077;0.049793746502242;0.0020624877875155;1.10620221069611;-0.00976128224712065;-2.27942646516827
15450;-4528393.67411746;-2471621.20138303;-5019522.15507638;5877.14347739658;-2008.66851820159;-3892.79014929676;6990035.50782616;0.0498191396755113;0.00323740634145243;1.1061864551015;-0.00978258129901717;-2.25010233476229
15480;-4349931.19123216;-2530683.68159113;-5133868.43944822;6019.4860998728;-1928.46705383238;-3729.58604751898;6989615.09574317;0.049840226181092;0.00445401479035844;1.10617085409786;-0.0098050332576159;-2.22074576711752
15510;-4167277.48341145;-2587307.71533299;-5243255.32437562;6156.53150867479;-1846.11482952439;-3562.18292161432;6989197.52503427;0.0498567806965075;0.00570446987476878;1.10615546678581;-0.00982863454072816;-2.19134686040902
15540;-3980593.88571893;-2641429.63905437;-5347558.61009265;6288.11874575254;-1761.66954104437;-3390.69965841754;6988784.31033435;0.0498686098510379;0.00698050124217792;1.10614035248519;-0.0098533776152153;-2.16189533216498
15570;-3790046.53539658;-2692987.55744868;-5446657.73792862;6414.08865315253;-1675.19138294455;-3215.26012451681;6988376.99105611;0.0498755544262255;0.00827345617215949;1.1061255705413;-0.00987925092132886;-2.13238056644739
15600;-3595806.31517589;-2741921.41905697;-5540435.9409234;6534.28405395238;-1586.74309076507;-3035.99324727875;6987977.12733345;0.0498774914119899;0.00957434776416187;1.10611118012238;-0.00990623880715434;-2.10279166456931
15630;-3398048.79099178;-2788173.09311224;-5628780.39682631;6648.54994450171;-1496.38998173719;-2853.03309262254;6987586.29559031;0.0498743358995901;0.010873906678912;1.10609724000864;-0.00993432147418291;-2.07311749943861
15660;-3196954.143757;-2831686.44757826;-5711582.38337118;6756.73369819624;-1404.19999365622;-2666.51893887164;6987206.08372359;0.0498660427913142;0.0121626365289551;1.10608380837307;-0.00996347493506817;-2.04334677362215
15690;-2992707.09484769;-2872407.42832283;-5788737.43569922;6858.68528098103;-1310.24372157317;-2476.59534597309;6986838.08589148;0.0498526083053875;0.0134308730105095;1.10607094255439;-0.00999367098465305;-2.0134680812206
15720;-2785496.82494591;-2910284.13935435;-5860145.50577978;6954.25747874383;-1214.59445193464;-2283.41221933535;6986483.89690111;0.0498340712531828;0.0146688468551997;1.10605869882274;-0.0100248771853723;-1.98346997363009
15750;-2575516.88588043;-2945266.92403954;-5925711.12365559;7043.30613671942;-1117.32819378053;-2087.12486749631;6986145.10619206;0.0498105140644975;0.0158667506559711;1.10604713213842;-0.0100570568681471;-1.95334102924179
15780;-2362965.10510421;-2977308.44720781;-5985343.5603153;7125.69041098115;-1018.52370658899;-1887.89405279384;6985823.29141606;0.0497820635354247;0.0170148095842049;1.10603629590464;-0.0100901691498921;-1.92306992709318
15810;-2148043.48244546;-3006363.77803536;-6038956.99197034;7201.27303204595;-918.26252433848;-1685.88603417265;6985520.01161673;0.0497488912723277;0.0181033559637807;1.10602624171487;-0.0101241689687452;-1.89264552443223
15840;-1930958.07876909;-3032390.4735888;-6086470.6654868;7269.92058056357;-816.628975337112;-1481.27260122266;6985236.80001744;0.0497112138046481;0.0191229076011615;1.1060170190957;-0.0101590071381146;-1.86205693808926
15870;-1711918.89618732;-3055348.66289427;-6127809.06469515;7331.50377499944;-713.710197350435;-1274.2310985077;6984975.15643009;0.0496692923388779;0.020064249687975;1.10600867524639;-0.0101946304206005;-1.83129362946722
15900;-1491139.74946176;-3075201.13138389;-6162902.07727211;7385.8977711529;-609.596147540788;-1064.94443920771;6984736.53930233;0.0496234321260676;0.0209185199926967;1.10600125477602;-0.0102309816228065;-1.80034549286113
15930;-1268838.12824521;-3091913.40555622;-6191685.1618588;7432.98247327917;-504.379606713923;-853.601107064885;6984522.35742653;0.0495739814158437;0.0216772969410928;1.10599479943963;-0.010267999711993;-1.76920294669967
15960;-1045235.04981955;-3105453.83767225;-6214099.51504897;7472.64285650251;-398.156177352879;-640.39514559383;6984333.96133921;0.0495213299711842;0.022332690051755;1.10598934787481;-0.0103056199554483;-1.73785702716773
15990;-820554.901996763;-3115793.69029259;-6230092.23784909;7504.76930012138;-291.024274904775;-425.526133489123;6984172.63444593;0.0494659071202506;0.0228774320438593;1.10598493534003;-0.0103437740833593;-1.70629948351905
16020;-595025.275863423;-3122907.22044519;-6239616.50118013;7529.25793131222;-183.085111774032;-209.199145141246;6984039.58391312;0.0494081793245132;0.023304971771751;1.10598159345661;-0.0103823904758526;-1.67452287422464
16050;-368876.788065434;-3126771.76319657;-6242631.70995758;7546.01097863795;-74.4426734656284;8.37530484585454;6983935.93137486;0.0493486472463403;0.0236095669681861;1.10597934995586;-0.0104213943747464;-1.64252066292936
16080;-142342.892349035;-3127367.81438248;-6239103.66525304;7554.93713465953;34.7963136849695;226.981334254002;6983862.70350954;0.0492878423042273;0.0237863755988783;1.1059782284334;-0.010460708120407;-1.61028731300892
16110;84340.31990302;-3124679.11223725;-6229004.72400707;7555.9519268349;144.522423762407;446.397784090319;6983820.82254842;0.0492263227100013;0.0238315444515698;1.10597824811258;-0.0105002514139368;-1.57781837933954
16140;310934.330375023;-3118692.71764376;-6212313.95572923;7548.97809576913;254.623582069838;666.398328788044;6983811.09678499;0.0491646689896738;0.0237422934094323;1.10597942361904;-0.0105399416047319;-1.54511059571835
16170;537198.415966514;-3109399.09270923;-6189017.29558773;7533.94597975279;364.985126038294;886.751606878535;6983834.21116111;0.0491034789981465;0.0235169936994443;1.10598176476863;-0.0105796940032495;-1.51216195621275
16200;762889.8825562;-3096792.17735514;-6159107.69325823;7510.79390439392;475.489876801425;1107.22137322366;6983890.71801267;0.0490433624476422;0.0231552382706506;1.10598527637084;-0.0106194222185965;-1.47897178858045
16230;987764.310514761;-3080869.46359303;-6122585.25686906;7479.46857601184;586.018221976006;1327.56667386655;6983981.02806412;0.0489849349804499;0.0226579023547542;1.10598995805002;-0.0106590385203179;-1.44554081779889
16260;1211575.81205767;-3061632.06714243;-6079457.39134874;7439.92547732037;696.448210168957;1547.54204451593;6984105.401767;0.0489288118281699;0.0220271922028103;1.10599580408672;-0.0106984542235055;-1.41187121768335
16290;1434077.30048283;-3039084.79603136;-6029738.93045253;7392.12926378425;806.655657705701;1766.89773362373;6984263.94108361;0.0488756011118994;0.0212666799868861;1.10600280328149;-0.0107375800960815;-1.37796664856776
16320;1655020.77128717;-3013236.21580581;-5973452.26171644;7336.05415888699;916.514268042104;1985.37995094689;6984456.58182124;0.0488258968504175;0.0203813229146061;1.10601093884327;-0.0107763267868312;-1.3438322790804
16350;1874157.59510127;-2984098.71096132;-5910627.44356193;7271.68434640262;1025.89576428251;2202.73114240088;6984683.08662654;0.0487802717560459;0.0193774647350064;1.10602018830487;-0.0108146052724715;-1.30947479017708
16380;2091238.82232172;-2951688.54219772;-5841302.31375164;7199.01435761863;1134.67003517907;2418.690291914;6984943.03875263;0.0487392699100616;0.0182628180221456;1.10603052346753;-0.0108523273217439;-1.27490235980178
16410;2306015.49925722;-2916025.89908745;-5765522.58837688;7118.04945131619;1242.70529493227;2632.99325087691;6985235.83671267;0.048703399420845;0.0170464259119008;1.10604191037674;-0.0108894059742281;-1.24012462683355
16440;2518238.99553637;-2877134.94773971;-5683341.95054175;7028.80598417643;1349.86825704912;2845.37309565112;6985560.68993449;0.0486731251778673;0.0157386023350957;1.10605430933125;-0.0109257560312702;-1.20515263334572
16470;2727661.34245361;-2835043.8730355;-5594822.12789693;6931.31176915199;1456.02432244357;3055.56051345232;6985916.61552908;0.0486488618226401;0.0143508502326216;1.1060676749271;-0.0109612945561318;-1.16999874464622
16500;2934035.58185344;-2789784.91500462;-5500032.95816929;6825.60641922269;1561.03778188306;3263.28421675963;6986302.43628324;0.0486309670633765;0.0128957577446001;1.10608195613825;-0.0109959413801806;-1.13467654707365
16530;3137116.12507479;-2741394.39891384;-5399052.44183147;6711.74167384556;1664.77203279632;3468.27138622033;6986716.77998137;0.0486197354628969;0.0113868729218575;1.10609709643511;-0.0110296196116792;-1.09920072408066
16560;3336659.12139445;-2689912.7586362;-5291966.7810594;6589.7817053155;1767.08981035978;3670.24814182118;6987158.08015535;0.0486153928288965;0.00983855809450428;1.10611303394225;-0.0110622561434746;-1.0635869117223
16590;3532422.83532437;-2635384.55287588;-5178870.40413611;6459.80340217602;1867.85343267467;3868.94004188321;6987624.57835202;0.0486180913317849;0.0082658256273841;1.10612970163591;-0.0110937821556693;-1.02785153526272
16620;3724168.03203064;-2577858.47382994;-5059865.97447623;6321.89662676229;1966.92505973333;4064.07260920775;6988114.32799762;0.0486279054678092;0.0066841573695882;1.10614702758191;-0.011124133609159;-0.992011629191435
16650;3911658.37005383;-2517387.34787933;-4935064.38347021;6176.16444392438;2064.16696575307;4255.37188345831;6988625.1999252;0.0486448289740635;0.00510931064012803;1.10616493521413;-0.0111532517257575;-0.956084643475599
16680;4094660.80042168;-2454028.12791617;-4804584.7263776;6022.72331796969;2159.44182432926;4442.56499860812;6989154.88961623;0.0486687727874533;0.00355711405786371;1.10618334365309;-0.0111810834505103;-0.920088239341831
16710;4272945.97115659;-2387841.87693233;-4668554.26053874;5861.70327488163;2252.61300572745;4625.38078401814;6989700.92619073;0.0486995641220629;0.00204325689816536;1.10620216806432;-0.0112075818917186;-0.88404007825617
16740;4446288.63609247;-2318893.74251733;-4527108.3452205;5693.24802692136;2343.54488549822;4803.55038743778;6990260.68316123;0.0487369467191182;0.000583075922716702;1.10622132005509;-0.0112327067341635;-0.847957608035804
16770;4614468.06683021;-2247252.92193963;-4380390.3624677;5517.5150568;2432.10316345996;4976.80791794364;6990831.3909454;0.0487805823014705;-0.00080865623159078;1.10624070810822;-0.0112564246210456;-0.811857850166898
16800;4777268.46657788;-2172992.61751647;-4228551.61839523;5334.67565872463;2518.15519195466;5144.89110655241;6991410.15110988;0.0488300532409257;-0.00211793701066225;1.10626023805098;-0.0112787095002295;-0.775757192412272
16830;4934479.38454346;-2096189.98201217;-4071751.22442806;5144.91493377257;2601.57031214258;5307.5419819676;6991993.95229479;0.0488848664225906;-0.00333173027727537;1.10627981355649;-0.0112995429305173;-0.739671190670949
16860;5085896.12947393;-2016926.05384398;-3910155.95807667;4948.43173723597;2682.2201969647;5464.50755864847;6992579.68774373;0.0489444582664248;-0.00443814929820241;1.10629933667505;-0.0113189143438736;-0.703614383805412
16890;5231320.18086734;-1935285.68191773;-3743940.1029237;4745.43857580413;2759.97919926936;5615.54053412823;6993164.17433964;0.0490082008431817;-0.00542662302017229;1.10631870839192;-0.0113368212597744;-0.667600124795321
16920;5370559.59632406;-1851357.43996232;-3573285.26759348;4536.16145271222;2834.72470347359;5760.39999226146;6993744.17302141;0.0490754090005213;-0.00628804272135376;1.10633782920785;-0.0113532694481731;-0.631640431127433
16950;5503429.41345209;-1765233.53028317;-3398380.18357933;4320.83965928401;2906.33747901241;5898.85210885144;6994316.41043215;0.0491453483959108;-0.00701488664544259;1.10635659973841;-0.0113682730379453;-0.595745856813015
16980;5629752.04469847;-1677009.67690834;-3219420.48191302;4099.72551162832;2974.70203372299;6030.67085590244;6994877.6016254;0.0492172443164334;-0.00760132078983116;1.10637492132751;-0.0113818545681117;-0.559925387861739
17010;5749357.66344755;-1586785.00815836;-3036608.44877628;3873.08403161513;3039.70696521755;6155.63870056261;6995424.4736335;0.0492902911521655;-0.0080432746022489;1.10639269667041;-0.0113940449796166;-0.524186362460265
17040;5862084.57970621;-1494661.9287302;-2850152.76027452;3641.19257165236;3101.24530822076;6273.54729467573;6995953.78968144;0.049363662379521;-0.00833849091706524;1.1064098304412;-0.0114048835459778;-0.488534416529151
17070;5967779.60368816;-1400745.98144774;-2660268.19671721;3404.34038320589;3159.21487578677;6384.19815074764;6996462.37381095;0.0494365209039889;-0.00848655001096648;1.10642622991938;-0.0114144177416966;-0.452973454785454
17100;6066298.39561424;-1305145.69889404;-2467175.33687632;3162.82812944941;3213.51859226952;6487.40330005977;6996947.13566401;0.0495080296079146;-0.008488868159645;1.10644180561023;-0.0114227030479307;-0.417505646938762
17130;6157505.8000641;-1207972.445205;-2271100.23282285;2916.96734289075;3264.06481589887;6582.98592863102;6997405.09516257;0.0495773619482623;-0.00834867151867467;1.10645647185327;-0.0114298026955733;-0.382131448209155
17160;6241276.16324733;-1109340.24836853;-2072274.06607044;2667.07982929411;3310.76764881663;6670.78098674224;6997833.40681242;0.0496437124513679;-0.00807094652359197;1.10647014741341;-0.0114357873465443;-0.346849642986023
17190;6317493.63160846;-1009365.62343735;-1870932.78588274;2413.49701969513;3353.54723245064;6750.63576779831;6998229.38335449;0.0497063069562682;-0.00766236830204912;1.10648275604909;-0.0114407347147699;-0.311657410151067
17220;6386052.43024168;-908167.387126419;-1667316.73072651;2156.5592727827;3392.33002615367;6822.4104524102;6998590.51848648;0.0497644124649197;-0.00713120881498316;1.10649422705199;-0.0114447291290029;-0.276550408366923
17250;6446857.11966621;-805866.464327376;-1461670.2339736;1896.61513039109;3427.04906710612;6885.97861373657;6998914.50838136;0.0498173464661675;-0.00648722659780151;1.10650449575316;-0.0114478610402981;-0.241522879480877
17280;6499822.82960257;-702585.687130925;-1254241.21507121;1634.02052930042;3457.64420957813;6941.22768032882;6999199.27173851;0.0498644856103396;-0.00574154006393776;1.10651350399036;-0.0114502264776054;-0.206567768103776
17310;6544875.46849229;-598449.587003388;-1045280.75750821;1369.13797297793;3484.06234176704;6988.05935297539;6999442.9681156;0.0499052736225073;-0.00490648637088889;1.10652120053206;-0.0114519264555563;-0.171676855388369
17340;6581951.90761903;-493584.180815242;-835042.67500684;1102.33566729724;3506.25757856878;7026.38997233749;6999644.01430773;0.0499392283545087;-0.00399546784421348;1.10652754145368;-0.0114530663390974;-0.136840905037629
17370;6611000.13881559;-388116.751466185;-623783.067459595;833.986624644627;3524.19142880588;7056.1508345074;6999801.09856146;0.0499659478885064;-0.00302278791904631;1.10653249046218;-0.0114537551701528;-0.102049819611084
17400;6631979.40487876;-282175.623892932;-411759.868212325;564.467741151081;3537.83293561863;7077.28845199672;6999913.19243763;0.0499851156179673;-0.00200347850330615;1.10653601916577;-0.011454104961963;-0.0672928052539389
17430;6644860.30196056;-175889.937281752;-199232.384362728;294.158852073467;3547.15878892645;7089.76475807303;6999979.56016575;0.0499965042453676;-0.00095312060245786;1.10653810728567;-0.0114542299671553;-0.0325585430392159
17460;6649624.85335854;-69389.4143373502;13539.1682003675;23.4417705812542;3552.15340908237;7093.55725280206;6999999.76536523;0.049999978649486;0.000112340017784471;1.1065387428079;-0.0114542459259273;0.00216463482243527
17490;6646266.55428858;37195.8715173628;226294.133249205;-247.300684616467;3552.8090010712;7088.65908961445;6999973.67504307;0.0499954975888319;0.00117678040899461;1.10653792207337;-0.0114542693009798;0.036888565595329
17520;6634790.3873884;143735.73012014;438771.884364793;-517.685667248673;3549.12557883815;7075.07910169446;6999901.46081421;0.0499831142214598;0.0022240895754437;1.10653564980536;-0.0114544165060006;0.0716250751038858
17550;6615212.80886783;250100.088827643;650712.294970281;-787.331281449733;3541.11095957698;7052.84176797571;6999783.59732804;0.0499629754351746;0.00323835750506641;1.10653193907408;-0.0114548031345844;0.106385796920194
17580;6587561.70539052;356159.226152325;861856.206441166;-1055.85755410231;3528.78072805073;7021.98711902078;6999620.85792229;0.049935319995851;0.00420406243227998;1.10652681119868;-0.0114555431964689;0.141181993285261
17610;6551876.32193916;461784.003883086;1071945.89249908;-1322.88739600407;3512.1581712612;6982.5705835479;6999414.30756286;0.0499004755353478;0.00510625464628744;1.10652029558779;-0.0114567483678729;0.176024379418147
17640;6508207.16108146;566846.096807873;1280725.51812601;-1588.04754642857;3491.27418402179;6934.6627768452;6999165.29316432;0.0498588544141934;0.0059307351168249;1.10651242952023;-0.0114585272625435;0.21092295290936
17670;6456615.85421428;671218.219176561;1487941.59127994;-1850.96949583092;3466.16714621854;6878.3492327718;6998875.43142015;0.0498109485078951;0.00666422715323891;1.10650325786823;-0.0114609847298592;0.245886829951682
17700;6397175.00551744;774774.347069264;1693343.40575053;-2111.29038168387;3436.88277276382;6813.73008148094;6998546.59430367;0.0497573229792686;0.00729453924866286;1.10649283276609;-0.0114642211859934;0.2809240902267
17730;6329968.00949498;877389.935868539;1896683.47356353;-2368.65385271527;3403.47393745232;6740.91967540694;6998180.89242943;0.0496986091125792;0.00781071719738016;1.10648121322759;-0.0114683319837344;0.316041632330163
17760;6255088.84311868;978942.132073057;2097717.94542484;-2622.71089714989;3366.00047211816;6660.04616642983;6997780.65649011;0.0496354962983364;0.00820318351975467;1.10646846471633;-0.0114734068260768;0.351245041674386
17790;6172641.83371513;1079309.97873493;2296207.01778735;-2873.12063093018;3324.52894266182;6571.2510374652;6997348.41700518;0.0495687232702201;0.00846386219670387;1.10645465867315;-0.0114795292281689;0.386538472839876
17820;6082741.40385221;1178374.61385217;2491915.32522574;-3119.55104229674;3279.13240366492;6474.68859201778;6996886.88263488;0.0494990687075505;0.00858628671554275;1.10643987200549;-0.0114867760316168;0.421924548350264
17850;5985511.79458315;1276019.4611014;2684612.31691439;-3361.6796895435;3229.89013343842;6370.52540548297;6996398.9173253;0.0494273413277671;0.00856568947315828;1.10642418654373;-0.0114952169745264;0.457404275802345
17880;5881086.76849504;1372130.4123527;2874072.61612017;-3599.19434921706;3176.88735145336;6258.93974217963;6995887.51655862;0.0493543696032247;0.00839907068111091;1.10640768846983;-0.0115049143200155;0.492976985186416
17910;5769609.29408352;1466596.00146842;3060076.36174367;-3831.79361249915;3120.21492018399;6140.12094224758;6995355.78298587;0.0492809912449531;0.00808524507997989;1.1063904677237;-0.0115159225452628;0.528640288071498
17940;5651231.21303622;1559307.56894955;3242409.53106817;-4059.18742798709;3059.96903344874;6014.26878264548;6994806.90171861;0.0492080426025016;0.0076248650033609;1.10637261739287;-0.0115282880924858;0.564390060099093
17970;5526112.89205372;1650159.41705617;3420864.24300368;-4281.09758956407;2996.25089336729;5881.59281653867;6994244.11555061;0.0491363481332695;0.00702041863933664;1.10635423309102;-0.0115420491825685;0.600220447924014
18000;5394422.86086908;1739048.95509247;3595239.04124222;-4497.25816852224;2929.16637806093;5742.31169537456;6993670.70037144;0.0490667100964671;0.00627620271822689;1.10633541233098;-0.0115572356913993;0.636123901362075
18030;5256337.43814524;1825876.83461042;3765339.15686895;-4707.41588956047;2858.82570221061;5596.65247790604;6993089.94102103;0.0489998986257498;0.0053982693051005;1.10631625389752;-0.0115738690883441;0.672091231057082
18060;5112040.34693399;1910547.0743491;3930976.75010069;-4911.33045072112;2785.34307255265;5444.849930345;6992505.10781811;0.0489366423304111;0.00439434688438253;1.10629685722523;-0.0115919624356674;0.70811169147299
18090;4961722.32137236;1992967.17478835;4091971.13094699;-5108.77478774955;2708.83634033932;5287.14582171124;6991919.43397685;0.048877619567628;0.00327373647709799;1.10627732178654;-0.0116115204471465;0.744173088466143
18120;4805580.70627122;2073048.22225532;4248148.95870867;-5299.53528375399;2629.42665271995;5123.78821828992;6991336.09410475;0.0488234505175756;0.00204718411001484;1.10625774649451;-0.0116325396035947;0.780261910115997
18150;4643819.05121962;2150704.98257969;4399344.42034368;-5483.41192540692;2547.23810491207;4955.03078092829;6990758.18395236;0.0487746901793817;0.000726731538238144;1.10623822912493;-0.0116550083225309;0.816363478912587
18180;4476646.7007856;2225855.98434815;4545399.38783867;-5660.21840726024;2462.39739493133;4781.13206869326;6990188.70156102;0.0487318223890253;-0.000674452317169913;1.10621886576173;-0.0116789071788115;0.85246212284103
18210;4304278.38234293;2298423.59186004;4686163.5548272;-5829.78218604272;2375.03348253781;4602.35485217962;6989630.52993058;0.0486952549408129;-0.00214225624173476;1.1061997502692;-0.0117042091726706;0.888541362392068
18240;4126933.79299274;2368334.06793397;4821494.55279023;-5991.94448706828;2285.27725393497;4418.96543950973;6989086.42130346;0.0486653158724264;-0.00366182449515493;1.10618097379457;-0.0117308800413077;0.924584110089217
18270;3944837.18698223;2435517.62675944;4951258.04726211;-6146.56026510712;2193.26119362951;4231.23301780255;6988558.98313724;0.0486422509503597;-0.00521776371289599;1.10616262430342;-0.0117588786099153;0.960572878778877
18300;3758216.96494869;2499908.47702783;5075327.81454423;-6293.49812225764;2099.11906472748;4039.42901261793;6988050.66581326;0.0486262223685272;-0.00679435494813812;1.10614478615047;-0.0117881571778504;0.996489994698732
18330;3567305.26623892;2561444.85561321;5193585.79949997;-6432.64018550722;2002.98559880552;3843.82646760472;6987563.75210581;0.0486173086486852;-0.0083757667536147;1.10612753968757;-0.0118186619355286;1.03231781123445
18360;3372337.56547162;2620069.05210556;5305922.15506678;-6563.88194678395;1904.9961963593;3644.69944630247;6987100.34841446;0.0486155057078434;-0.009946265227528;1.10611096091041;-0.0118503334075454;1.06803891930061
18390;3173552.27442488;2675727.4245272;5412235.26417589;-6687.13206838187;1805.28663869409;3442.32245776993;6986662.37774156;0.0486207290357867;-0.0114904171037649;1.10609512114489;-0.0118831069175202;1.10363635043899
18420;2971190.35024368;2728370.40658673;5512431.74481616;-6802.31215669032;1703.99281198832;3236.96990744157;6986251.57437857;0.0486328169058763;-0.0129932822451659;1.10608008677386;-0.0119169130701882;1.139093769007
18450;2765494.91087415;2777952.50684519;5606426.43901654;-6909.35650717595;1601.25044412973;3028.91557434969;6985869.48024783;0.0486515345250409;-0.0144405922858448;1.10606591900426;-0.0119516782463562;1.1743956502169
18480;2556710.85854276;2824432.30018506;5694142.38655208;-7008.21182355658;1497.19485479796;2818.43211559625;6985517.44283191;0.0486765790147517;-0.0158189126447719;1.10605267367475;-0.0119873251064606;1.2095274412638
18510;2345084.51201109;2867772.41198478;5775510.78420113;-7098.83691407117;1391.9607191467;2605.79059871691;6985196.61461013;0.0487075851041206;-0.0171157856741528;1.106040401103;-0.012023773098636;1.24447570332184
18540;2130863.24825034;2907939.4954111;5850470.93139733;-7181.20236769329;1285.68184532511;2391.26006235271;6984907.95391084;0.0487441314092068;-0.0183198532878493;1.10602914597204;-0.0120609389674003;1.27922823277055
18570;1914295.15409556;2944904.20224627;5918970.1631291;-7255.29021305855;1178.49096597182;2175.10710543223;6984652.22708024;0.0487857471691767;-0.0194209580097514;1.10601894725432;-0.0120987372592918;1.3137741606081
18600;1695628.68835775;2978641.14767029;5980963.7709427;-7321.09356278264;1070.51954371604;1957.59550487102;6984430.01186151;0.0488319193099506;-0.0204102219664371;1.10600983817228;-0.0121370808220443;1.34810402959279
18630;1475112.35479333;3009128.86941766;6036414.9129019;-7378.61624573879;961.897590630093;1738.98586161547;6984241.70187388;0.0488820997091484;-0.0212801038989943;1.10600184619364;-0.0121758812941584;1.38220984920492
18660;1252994.38625508;3036349.78172537;6085294.5133503;-7427.87242974324;852.753501495319;1519.53527469563;6984087.51207815;0.0489357125420945;-0.0220244347682863;1.10599499305965;-0.0122150495820103;1.41608512902018
18690;1029522.44027731;3060290.12448354;6127581.15330939;-7468.88623696852;743.213900669522;1299.49704280592;6983967.4851145;0.0489921615969312;-0.0226384329610553;1.10598929484434;-0.0122544963219297;1.44972489151909
18720;804943.306280134;3080939.9079926;6163260.95232956;-7501.69135426797;633.403502278582;1079.12039280401;6983881.49839853;0.0490508374570155;-0.0231187004627272;1.10598476204266;-0.0122941323249807;1.48312566571488
18750;579502.624514746;3098292.85372211;6192327.4425909;-7526.33064045423;523.444983397314;858.650234405251;6983829.2718635;0.0491111244602203;-0.0234632016411559;1.10598139968531;-0.0123338690024705;1.51628546326048
18780;353444.61681203;3112346.33145496;6214781.43602769;-7542.8557324301;413.45886983506;638.326940254144;6983810.37623962;0.049172407357041;-0.023671226483627;1.10597920747794;-0.012373618770512;1.54920373889282
18810;127011.829142398;3123101.29318904;6230630.88522446;-7551.32665192571;303.563434099318;418.386150472246;6983824.24176531;0.0492340776020471;-0.0237433402507214;1.10597817996253;-0.0124132954322481;1.58188133719352
18840;-99555.1140558834;3130562.20415464;6239890.73880363;-7551.81141445079;193.874605075674;199.058600715149;6983870.16723018;0.049295539225814;-0.0236813215608737;1.10597830669854;-0.0124528145366273;1.61432042769477
18870;-326017.743868665;3134736.97129198;6242582.79199484;-7544.38564192822;84.505888933962;-19.430027282773;6983947.32925523;0.0493562142466503;-0.023488090907373;1.10597957246161;-0.0124920937128856;1.64652443034636
18900;-552139.969348864;3135636.86951791;6238735.53304465;-7529.13218033535;-24.4316992516135;-236.859233738368;6984054.79172165;0.0494155475929429;-0.0231676315447524;1.1059819574575;-0.0125310529801419;1.67849793329469
18930;-777688.288578816;3133276.46609535;6228383.98609307;-7506.14072354312;-132.829693697021;-453.01380851689;6984191.51526645;0.049473011517524;-0.0227249045740941;1.10598543754903;-0.0125696150317501;1.71024660481623
18960;-1002431.98855416;3127673.54340289;6211569.55111036;-7475.50744441254;-240.582226457461;-667.683919608165;6984356.36676976;0.0495281094950033;-0.0221657599177961;1.105989984494;-0.0126077054942726;1.74177710110826
18990;-1226143.33412131;3118849.02038579;6188339.84145375;-7437.33463408174;-347.58606687719;-880.66518350352;6984548.12876572;0.049580379601382;-0.0214968447127051;1.10599556619188;-0.0126452531611392;1.77309697147764
19020;-1448597.74622672;3106826.8729532;6158748.51957039;-7391.73035025765;-453.740652488514;-1091.75871859677;6984765.50871593;0.0496293973824597;-0.020725510475924;1.10600214693743;-0.0126821902012404;1.80421456229269
19050;-1669573.96975881;3091634.05356968;6122855.13133887;-7338.80807521239;-558.948111906767;-1300.7711827266;6985007.14809134;0.0496747782235545;-0.0198597202180305;1.10600968767939;-0.0127184523428686;1.83513892088311
19080;-1888854.23128299;3073300.41027333;6080724.93950851;-7278.6863840781;-663.113280263059;-1507.51479596514;6985271.6312154;0.0497161792379204;-0.0189079564994141;1.10601814628236;-0.0127539790335652;1.86587970039325
19110;-2106224.38698621;3051858.60533598;6032428.75666272;-7211.48862393362;-766.143707708794;-1711.80734973925;6985557.49382788;0.0497533006950533;-0.0178791312542327;1.10602747779049;-0.0127887135765588;1.89644706642177
19140;-2321474.06116115;3027344.03376581;5978042.77810045;-7137.34260408303;-867.949661515513;-1913.47220334802;6985863.23133515;0.0497858870128926;-0.016782498045024;1.10603763469121;-0.0128226032445917;1.92685160611894
19170;-2534396.77557063;2999794.74183651;5917648.41499802;-7056.38029783979;-968.444122281205;-2112.3382689128;6986187.30671884;0.0498137273398756;-0.0156275672639874;1.10604856717792;-0.0128555993720176;1.95710424026476
19200;-2744790.07004121;2969251.34581245;5851332.12818356;-6968.73755605013;-1067.54277473998;-2308.23998576525;6986528.15808047;0.0498366557539822;-0.0144240246656124;1.10606022341007;-0.0128876574261358;1.9872161387193
19230;-2952455.61464057;2935756.95102449;5779185.26282589;-6874.55383251597;-1165.16399365628;-2501.01728524608;6986884.20580497;0.0498545511064348;-0.0131816535003642;1.10607254976983;-0.012918737058779;2.01719863952079
19260;-3157199.31379741;2899357.07143689;5701303.88431156;-6773.97192141061;-1261.22882526814;-2690.51554685099;6987253.85933108;0.0498673365376964;-0.0119102604217039;1.10608549111408;-0.0129488021392217;2.04706317180918
19290;-3358831.40272414;2860099.54983199;5617788.61555604;-6667.13770671949;-1355.66096472607;-2876.58554662398;6987635.52352102;0.0498749786929583;-0.0106196052580444;1.10609899102099;-0.0129778207695033;2.07682118267137
19320;-3557166.53650292;2818034.47872655;5528744.47596856;-6554.19992368283;-1448.38672995621;-3059.08339865935;6988027.60462595;0.049877486663496;-0.0093193346764881;1.10611299203042;-0.0130057652832803;2.10648406793893
19350;-3752023.87219425;2773214.12212052;5434280.72226489;-6435.30993216753;-1539.33503235729;-3237.87049053521;6988428.51584768;0.0498749106792148;-0.00801891971599213;1.10612743587739;-0.0130326122293276;2.13606310691963
19380;-3943227.14432412;2725692.83816766;5334510.69129838;-6310.62150185081;-1628.43734472221;-3412.8134134618;6988836.68250016;0.0498673405764678;-0.00672759713184145;1.10614226371813;-0.0130583423408036;2.16556940100742
19410;-4130604.73410203;2675527.00284531;5229551.64505639;-6180.29060905883;-1715.6276667561;-3583.78388788892;6989250.54677725;0.0498549040638821;-0.00545431447056766;1.10615741634826;-0.0130829404913846;2.19501381609247
19440;-4313989.73271655;2622774.93469039;5119524.61794784;-6044.47524506787;-1800.84248854351;-3750.65868527747;6989668.57213601;0.0498377648075312;-0.0042076787822086;1.10617283441273;-0.0131063956393482;2.22440692868019
19470;-4493219.99904918;2567496.82065779;5004554.26648668;-5903.33523564526;-1884.02075229903;-3913.31954670192;6990089.24730671;0.0498161203553963;-0.00299590887448429;1.10618845860725;-0.0131287007606615;2.25375897562501
19500;-4668138.21213988;2509754.64314815;4884768.72145696;-5757.03207157998;-1965.10381271692;-4071.65309891254;6990511.08994277;0.0497901999197193;-0.0018267910192095;1.10620422987091;-0.013149852772091;2.28307980739053
19530;-4838591.91872998;2449612.10824238;4760299.4426267;-5605.72874992951;-2044.03539621748;-4225.5507684496;6990932.64992526;0.0497602620345662;-0.000707638033192783;1.10622008957011;-0.0131698524453178;2.31237884475873
19560;-5004433.57619964;2387134.57517179;4631281.07606054;-5449.58962568973;-2120.76155937041;-4374.9086943656;6991352.51233797;0.0497265921047704;0.000354748326348855;1.10623597967346;-0.013188704312991;2.34166503892849
19590;-5165520.59120783;2322388.98704455;4497851.31406504;-5288.78027357726;-2195.23064675808;-4519.62764007734;6991769.30012993;0.0496894998613751;0.00135411169083715;1.1062518429178;-0.0132064165676121;2.37094683496445
19620;-5321715.35433346;2255443.80284162;4360150.75778532;-5123.46735959972;-2267.39324852571;-4659.61290483562;6992181.67648295;0.0496493167378094;0.00228477214883405;1.10626762296544;-0.0132230009540884;2.4002321385806
19650;-5472885.27100626;2186368.9306879;4218322.78245764;-4953.81852207746;-2337.20215784908;-4794.77423526863;6992588.34690238;0.0496063931802734;0.00314165404390085;1.10628326455259;-0.0132384726567461;2.42952828626801
19680;-5618902.78900572;2115235.66239786;4072513.40530918;-4780.00226177066;-2404.61232853564;-4925.02573742407;6992988.06104939;0.0495610959052226;0.00392031046641003;1.10629871362917;-0.0132528501815384;2.45884201880107
19710;-5759645.42279603;2042116.60928868;3922871.15608413;-4602.18784075853;-2469.58083295996;-5050.28578970547;6993379.61433341;0.0495138051163903;0.00461694437966319;1.10631391749028;-0.013266155234133;2.48817945818056
19740;-5894995.77495425;1967085.63924786;3769546.95016364;-4420.54518971114;-2532.06682052102;-5170.47695707011;6993761.84928306;0.049464911693494;0.00522842629825611;1.10632882489933;-0.0132784125945081;2.51754608809404
19770;-6024841.55493789;1890217.81503718;3612693.96423661;-4235.24482319049;-2592.03147679508;-5285.52590682926;6994133.65671382;0.0494148143646048;0.00575230841748764;1.10634338620327;-0.0132896499886356;2.54694673799315
19800;-6149075.59542744;1811589.33380955;3452467.51446844;-4046.4577626147;-2649.43798354574;-5395.36332636598;6994493.97671045;0.0493639168741187;0.00618683507710687;1.10635755344003;-0.013299897957776;2.57638557090239
19830;-6267595.8664682;1731277.4678108;3289024.93710592;-3854.35546651737;-2704.25147974063;-5499.9238430615;6994841.79944159;0.0493126251583362;0.00653094943209189;1.10637128043847;-0.0133091897258591;2.60586607508469
19860;-6380305.48762464;1649360.50623424;3122525.47144767;-3659.10976773367;-2756.43902371293;-5599.14594669881;6995176.16582338;0.0492613445408051;0.00678429619789012;1.1063845229112;-0.0133175610653759;2.63539105969404
19890;-6487112.73834971;1565917.69819143;2953130.14510231;-3460.89281714524;-2805.96955659533;-5692.97191459017;6995496.16804866;0.0492104769597928;0.00694722033828614;1.10639723854037;-0.0133250501621586;2.66496265454456
19920;-6587931.06676026;1481029.19675952;2781001.66144905;-3259.87703361669;-2852.81386714364;-5781.34773965516;6995800.94999725;0.0491604182405147;0.00702076157134599;1.10640938705694;-0.0133316974793787;2.69458231411805
19950;-6682679.09699884;1394776.00406157;2606304.28920906;-3056.2350597584;-2896.94455805833;-5864.22306165691;6996089.7075423;0.0491115554250035;0.00700664458274991;1.1064209303135;-0.0133375456210511;2.72425082591796
19980;-6771280.63535128;1307239.91733354;2429203.75403001;-2850.13972315228;-2938.33601390259;-5941.55110178577;6996361.68876689;0.0490642641727611;0.00690726485674156;1.10643183235112;-0.0133426391952891;2.75396832325689
20010;-6853664.67527844;1218503.4759287;2249867.13198069;-2641.76400267983;-2976.96437070773;-6013.28860076317;6996616.19410426;0.0490189062455491;0.00672567006233844;1.10644205946034;-0.0133470246775155;2.78373430253702
20040;-6929765.40150986;1128649.90920741;2068462.74484775;-2431.28099959445;-3012.80748734832;-6079.39576062223;6996852.57641421;0.0489758270898105;0.00646553696664121;1.10645158023665;-0.0133507502737989;2.81354764504876
20070;-6999522.19333632;1037763.08525829;1885160.05712206;-2218.86391298304;-3045.84491876229;-6139.83619030678;6997070.24100723;0.0489353535302751;0.00613114388684887;1.10646036563081;-0.0133538657844488;2.8434066432729
20100;-7062879.62722768;945927.460394148;1700129.57455825;-2004.68601926489;-3076.05789108393;-6194.57685521637;6997268.64562743;0.0488977915882285;0.00572733873795656;1.10646838899399;-0.013356422467972;2.87330903162636
20130;-7119787.47889186;853228.029364484;1513542.74418722;-1788.92065537893;-3103.42927875141;-6243.58803081156;6997447.30040391;0.0488634244377317;0.00525950278243692;1.10647562611831;-0.0133584729054621;2.903252021542
20160;-7170200.72488046;759750.276224465;1325571.85565834;-1571.74120531371;-3127.94358364381;-6286.84326038123;6997605.76777994;0.0488325105127083;0.00473351024095735;1.10648205527265;-0.0133600708654665;2.93323234072021
20190;-7214079.5438361;665580.125798715;1136389.94378501;-1353.32108963693;-3149.586916297;-6324.31931706196;6997743.66242786;0.0488052817773117;0.0041556839776017;1.10648765723427;-0.0133612711693539;2.96324627633584
20220;-7251389.31746645;570803.895676885;946170.692164954;-1133.83375768454;-3168.34697924208;-6355.99617018799;6997860.6511572;0.0487819421712697;0.0035327475281214;1.10649241531609;-0.0133621295571776;2.99328972192836
20250;-7282100.63131952;475508.248676755;755088.337744064;-913.452682071916;-3184.21305250461;-6381.85695604013;6997956.4528223;0.0487626662410485;0.00287177379359436;1.10649631539007;-0.0133627025540169;3.02335822764987
20280;-7306189.27542496;379780.145709523;563317.57619117;-692.351355191636;-3197.17598129799;-6401.88795305135;6998030.83823516;0.0487475979666129;0.0021801307733155;1.10649934590666;-0.0133630473367572;3.05344705349371
20310;-7323636.24485596;283706.798981017;371033.467949112;-470.703287364933;-3207.22816593936;-6416.07856151733;6998083.63008795;0.0487368497923698;0.00146542475795082;1.10650149791052;-0.0133632216012559;3.08355122507937
20340;-7334427.7402563;187375.625461796;178411.34482645;-248.682006315182;-3214.36355401173;-6424.42128785083;6998114.70288921;0.048730501869501;0.000735441445819819;1.10650276505257;-0.0133632834298314;3.11366559152736
20370;-7338555.16836733;90874.2005584392;-14373.2830070088;-26.4610576334318;-3218.57763479155;-6426.9117334096;6998123.98291655;0.0487286015154195;-1.91451989628015e-06;1.10650314359846;-0.0133632911590006;-3.13940042225647
20400;-7336015.14257968;-5709.7880821553;-207144.81975839;195.785994093034;-3219.86743595651;-6423.54858791887;6998111.44818802;0.0487311628944738;-0.000738681068137821;1.10650263243356;-0.0133633032473833;-3.10928152633803
20430;-7326809.48352467;-102288.586704053;-399727.676621688;417.885563817458;-3218.23152258412;-6414.33362750044;6998077.12845325;0.0487381669223626;-0.00146690072797719;1.1065012330644;-0.0133633781436891;-3.07916834779388
20460;-7310945.21971054;-198774.421577959;-591946.364397733;639.664044563732;-3213.66999844712;-6399.27171731226;6998021.10520489;0.0487495613949949;-0.0021786826155509;1.10649894961668;-0.0133635741546973;-3.04906614099546
20490;-7288434.58819879;-295079.545210249;-783625.586262453;860.947806277991;-3206.18450960775;-6378.37081879342;6997943.51170969;0.0487652613408013;-0.00286626382853662;1.1064957888298;-0.0133639493131444;-3.0189800343874
20520;-7259295.03530596;-391116.282694276;-974590.330821405;1081.56319533029;-3195.77825030856;-6351.6420015011;6997844.53305804;0.0487851495937855;-0.00352206970713173;1.10649176004779;-0.0133645612454318;-2.9889149712267
20550;-7223549.21730665;-486797.078272779;-1164665.96558803;1301.33653499577;-3182.4559711531;-6319.09945951727;6997724.40622959;0.0488090775829413;-0.00413877244016097;1.10648687520674;-0.0133654670390745;-2.95887565198714
20580;-7181225.00110308;-582034.542179929;-1353678.33102228;1520.09412724603;-3166.22398956548;-6280.76053239396;6997583.42017197;0.0488368663320847;-0.00470934752318694;1.10648114881851;-0.0133667231098191;-2.92886647892526
20610;-7132355.46481733;-676741.497831154;-1541453.83526518;1737.66225618283;-3147.09020251321;-6236.64573059702;6997421.91588876;0.0488683076626657;-0.00522712761161717;1.10647459795069;-0.0133683850683669;-2.89889150326852
20640;-7076978.89825153;-770831.029428347;-1727819.54970358;1953.86719344831;-3125.06410147319;-6186.77876539865;6997240.2865317;0.0489031655907991;-0.00568585335444092;1.10646724220266;-0.0133705075866529;-2.86895437544304
20670;-7015138.80315208;-864216.530047408;-1912603.3054977;2168.53520594814;-3100.15678961583;-6131.18658315931;6997038.97749162;0.0489411779085622;-0.00607972084219718;1.10645910367762;-0.0133731442636444;-2.83905829871078
20700;-6946883.89320315;-956811.750274194;-2095633.79120209;2381.49256622621;-3072.38100117717;-6069.89940392941;6996818.48648152;0.0489820579385792;-0.00640342535466297;1.10645020695038;-0.0133763474906416;-2.80920598653397
20730;-6872268.09366493;-1048530.84745404;-2276740.65160842;2592.56556583276;-3041.75112298371;-6002.9507642904;6996579.3636043;0.0490254964500783;-0.00665220114791254;1.10644057903085;-0.0133801683160825;-2.77939962393019
20760;-6791350.54056164;-1139288.43561878;-2455754.58793608;2801.58053203024;-3008.28321808905;-5930.37756434364;6996322.21139688;0.0490711637239212;-0.00682185707538501;1.10643024932281;-0.0133846563098742;-2.74964083302691
20790;-6704195.5793139;-1228999.63615401;-2632507.45949323;3008.36384818461;-2971.99505147545;-5852.22011874344;6996047.68484154;0.0491187117536254;-0.00690880789193908;1.106419249578;-0.0133898594273024;-2.71993064296954
20820;-6610872.7626998;-1317580.12926766;-2806832.38692818;3212.74197819299;-2932.90611776732;-5768.52221165812;6995756.4913343;0.0491677765690519;-0.00691010114210707;1.10640761384504;-0.0133958238725929;-2.69026946428494
20850;-6511456.84801808;-1404946.20631949;-2978563.85718684;3414.54149530177;-2891.03767089708;-5679.33115552949;6995449.39059954;0.0492179806692592;-0.00682343958267616;1.10639537841316;-0.0134025939622332;-2.66065706775326
20880;-6406027.79331649;-1491014.82306893;-3147537.83028826;3613.58911567245;-2846.41275565663;-5584.69785348693;6995127.19453892;0.0492689355509766;-0.00664719913415403;1.10638258175032;-0.0134102119881932;-2.63109256779672
20910;-6294670.75253744;-1575703.65389692;-3313591.8480253;3809.71173705577;-2799.05624106037;-5484.6768652571;6994790.76700205;0.0493202443192114;-0.00638044239488744;1.10636926443552;-0.0134187180812174;-2.60157441035425
20940;-6177476.06942229;-1658931.14705471;-3476565.14469299;4002.73648293761;-2748.9948554377;-5379.32647639451;6994441.02346531;0.0493715043666742;-0.00602292778454681;1.10635546908499;-0.0134281500744016;-2.5721003651784
20970;-6054539.27000456;-1740616.58099038;-3636298.75994117;4192.49075252265;-2696.25722316452;-5268.7087706405;6994078.93060466;0.0494223101089051;-0.00557511441043576;1.10634124027199;-0.0134385433673046;-2.54266752246362
21000;-5925961.05351154;-1820680.12180051;-3792635.65384223;4378.80227692447;-2640.87390293428;-5152.88970520087;6993705.50574728;0.0494722557622629;-0.00503816276970422;1.10632662443997;-0.0134499307908879;-2.51327229369547
21030;-5791847.28148238;-1899042.88185184;-3945420.82425812;4561.49918193209;-2582.8774274595;-5031.9391887122;6993321.81618632;0.0495209381521877;-0.0044139314136001;1.10631166980876;-0.0134623424736213;-2.48391041659742
21060;-5652308.96489996;-1975626.97961389;-4094501.42658363;4740.41005772466;-2522.30234448457;-4905.93116164728;6992928.97834235;0.049567959539406;-0.00370496970609933;1.10629642627344;-0.0134758057091378;-2.45457696404489
21090;-5507462.24912245;-2050355.60074007;-4239726.89593492;4915.36403590609;-2459.18525898006;-4774.94367888775;6992528.1567544;0.0496129304519519;-0.00291450680909481;1.10628094529581;-0.013490344825871;-2.42526635681706
21120;-5357428.39638933;-2123153.06043055;-4380949.07184427;5086.19087423135;-2393.56487637694;-4639.05899416939;6992120.56288316;0.0496554725110139;-0.00204643702022614;1.10626527978801;-0.0135059810591541;-2.39597238006212
21150;-5202333.76566568;-2193944.86710589;-4518022.32551215;5252.72104939438;-2325.48204668764;-4498.36364608122;6991707.45370819;0.0496952212386721;-0.00110530157801492;1.10624948398812;-0.0135227324263171;-2.36668820336331
21180;-5042309.78957726;-2262657.78741551;-4650803.68965841;5414.78585824526;-2254.97980934747;-4352.94854527396;6991290.13010109;0.0497318288355296;-9.62670329765059e-05;1.1062336133275;-0.0135406136053632;-2.33740640430896
21210;-4877492.94817813;-2329219.91259997;-4779152.99100322;5572.21752779987;-2182.10343859705;-4202.90906250626;6990869.93495596;0.049764966916059;0.000974899736397134;1.10621772428973;-0.0135596358178663;-2.3081189954889
21240;-4708024.73928158;-2393560.72622052;-4902932.98539697;5724.84933440009;-2106.90048921194;-4048.34511712904;6990448.25105879;0.0497943291891723;0.00210185980662833;1.10620187426081;-0.0135798067167774;-2.27881745486247
21270;-4534051.64507462;-2455611.17326306;-5022009.49560601;5872.51573237462;-2029.42084237088;-3889.3612655785;6990026.49867734;0.0498196340710447;0.00327773375947807;1.10618612137073;-0.0136011302798873;-2.24949275946741
21300;-4355725.09472585;-2515303.73061747;-5136251.55174753;6015.05249254167;-1949.71675143849;-3726.06678941717;6989606.13285345;0.0498406272166177;0.00449513649306877;1.10617052432609;-0.013623606709739;-2.22013542246398
21330;-4173201.4226865;-2572572.47892621;-5245531.53435281;6152.29685088259;-1867.84288742218;-3558.57578243016;6989188.64038037;0.0498570839554273;0.00574621531254913;1.10615514223381;-0.0136472323408401;-2.19073553353334
21360;-3986641.82237475;-2627353.17578847;-5349725.32002263;6284.08766770148;-1783.85638384585;-3387.00723625009;6988775.53644813;0.0498688116164934;0.00702269134252997;1.10614003441603;-0.013671999555071;-2.16128280267257
21390;-3796212.29492418;-2679583.33029841;-5448712.4296224;6410.26559756901;-1697.81688076567;-3211.48512394921;6988368.36094137;0.0498756517259389;0.00831590432423847;1.1061252602161;-0.0136978967062309;-2.13176660744894
21420;-3602083.59266867;-2729202.27888737;-5542376.17894712;6530.67327032837;-1609.78656763491;-3032.13848100138;6987968.67437507;0.0498774820598389;0.00961686087712414;1.10611087879591;-0.01372490805471;-2.10217604379251
21450;-3404431.15702801;-2776151.26243086;-5630603.83176786;6645.15548341802;-1519.8302247061;-2849.10148297937;6987578.05345528;0.0498742185335066;0.0109162863160501;1.10609694892472;-0.0137530137133098;-2.07249998041717
21480;-3203435.0504511;-2820373.50457162;-5713286.75515189;6753.55940573902;-1428.0152626398;-2662.51351931537;6987198.08625385;0.0498658169070705;0.0122046801195884;1.10608352875984;-0.0137821896052732;-2.04272711696399
21510;-2999279.88206753;-2861814.29119958;-5790320.57692765;6855.73479326348;-1334.41175996926;-2472.5192624137;6986830.36698841;0.0498522742857978;0.0134723751413673;1.10607067561939;-0.013812407435606;-2.01284604595703
21540;-2792154.72669274;-2900421.05101912;-5861605.34514412;6951.53421654564;-1239.0924980509;-2279.26873136597;6986476.49040153;0.0498336303922279;0.0147096006427143;1.10605844574782;-0.0138436346767982;-1.98284531864716
21570;-2582253.03682763;-2936143.43712219;-5927045.68935086;7040.81330025716;-1142.13299310997;-2082.91734947945;6986138.04573575;0.0498099685858467;0.0159065492002632;1.10604689407458;-0.013875834570061;-1.95271351479473
21600;-2369772.54729089;-2968933.40947416;-5986550.98350074;7123.4309748233;-1043.6115249709;-1883.62599479029;6985816.61030485;0.0497814166048112;0.0170534475045416;1.10603607396672;-0.0139089661431993;-1.92243931640342
21630;-2154915.17212018;-2998745.31820647;-6040035.51025214;7199.24974018701;-943.609162041747;-1681.56104269431;6985513.74266526;0.0497481470032071;0.0181406310140432;1.1060260369761;-0.0139429842462308;-1.89201158536563
21660;-1937886.89337881;-3025535.98759703;-6087418.6264205;7268.13594167183;-842.209782102523;-1476.89439979019;6985230.97539592;0.0497103772565653;0.019158622362366;1.10601683258224;-0.0139778396058435;-1.86141944491237
21690;-1718897.64150615;-3049264.80060548;-6128624.92930161;7329.9600578538;-739.500088427719;-1269.80352799267;6984969.80749917;0.0496683695079604;0.020098213332945;1.10600850793176;-0.0140134788997514;-1.83065236467658
21720;-1498161.16685351;-3069893.78381609;-6163584.42356024;7384.59700028428;-635.569620755226;-1060.47145793858;6984731.69644082;0.049622429927068;0.0209505501155711;1.10600110757552;-0.0140498448519589;-1.79970024907818
21750;-1275894.90205352;-3087387.69262609;-6192232.68834766;7431.92642483234;-530.510760596127;-849.08679067522;6984518.04985226;0.0495729076551781;0.0217072214419198;1.10599467320475;-0.0140868763498874;-1.76855352862137
21780;-1052319.81487858;-3101714.09650188;-6214511.04428117;7471.83305433468;-424.418730363802;-635.843686590779;6984330.21692385;0.0495201933104458;0.0223603490632591;1.10598924338766;-0.0141245085842363;-1.73720325355977
21810;-827660.251255208;-3112843.46410982;-6230366.71988678;7504.2070121536;-317.391585786238;-420.941840519508;6984169.47952456;0.049464717029731;0.0229026798842962;1.10598485330786;-0.0141626732123586;-1.70564118923548
21840;-602143.76811398;-3120749.24811167;-6239753.01707416;7528.94416615017;-209.530201052909;-204.586441932269;6984037.04308951;0.0494069460263367;0.0233276789041585;1.10598153450639;-0.0142012985458193;-1.67385991223395
21870;-376000.955771404;-3125407.96939858;-6242629.47517966;7545.94648247815;-100.938246137414;13.0118808946005;6983934.02732347;0.0493473816469107;0.0236296219426061;1.105979314629;-0.0142403097626753;-1.6418529063234
21900;-149465.249559252;-3126799.30052025;-6238962.03308019;7555.12238849729;8.27784427031459;231.637133850694;6983861.45677563;0.0492865559158048;0.0238036869504318;1.10597821718069;-0.0142796291448644;-1.60961465696735
21930;77227.2695602212;-3124906.14804915;-6228723.18884677;7556.38714398971;118.008910792572;451.06804822676;6983820.2513475;0.0492250275613685;0.0238460425234211;1.10597826128927;-0.0143191763409295;-1.57714074301859
21960;303838.085628553;-3119714.73360224;-6211892.15637304;7549.66321974291;228.143118924027;671.078191334585;6983811.21680327;0.0491633775260195;0.0237539320662307;1.10597946148026;-0.0143588686541105;-1.54442792402925
21990;530126.469780206;-3111214.67322588;-6188455.01838054;7534.88068243589;338.566018690553;891.436097621072;6983835.03535853;0.0491022039704862;0.0235257518936571;1.10598182746507;-0.0143986213556392;-1.5114742214519
22020;755849.713958058;-3099399.05483251;-6158404.87516946;7511.97758463293;449.160614965467;1111.90542136521;6983892.25643046;0.0490421167923107;0.0231611214217455;1.10598536394481;-0.0144383480228455;-1.47827899187109
22050;980763.376388838;-3084264.51336109;-6121741.98845154;7480.90035855258;559.807448988328;1332.24511201512;6983983.28763863;0.0489837316894364;0.0226609434994343;1.10599007043188;-0.0144779609014464;-1.44484299030218
22080;1204621.53891002;-3065811.30331734;-6078473.91957045;7441.60421213831;670.384691612158;1552.20961317929;6984108.38615212;0.0489276638113185;0.0220274528738168;1.10599594109184;-0.0145173712911332;-1.41116842153601
22110;1427177.07619332;-3044043.36833442;-6028615.66138564;7394.05352581363;780.768248779502;1771.54908623052;6984267.65048376;0.0488745210522603;0.0212642507785548;1.1060029646076;-0.0145564899533073;-1.37725897750419
22140;1648181.93685928;-3018968.40737988;-5972189.76306757;7338.22224815843;890.83187969554;1990.00965941181;6984461.01283728;0.0488248970543023;0.0203763236951931;1.10601112406846;-0.0145952275395304;-1.34311985869893
22170;1867387.43642225;-2990597.93722168;-5909226.44702711;7274.0942885977;1000.44732812713;2207.33370324977;6984688.23211702;0.0487793639995988;0.0193700444695659;1.10602039688613;-0.0146334950389711;-1.30875777781382
22200;2084544.56194573;-2958947.35075336;-5839763.71717896;7201.6639050484;1109.48446720975;2423.26013298244;6984948.88771256;0.0487384652844124;0.0182531541748945;1.10603075473996;-0.0146712042428309;-1.27418094398068
22230;2299404.28822423;-2924035.97076835;-5763847.45771941;7120.93608432873;1217.8114580894;2637.52473859341;6985242.37417245;0.0487027081781283;0.017034723404001;1.10604216355341;-0.0147082682234369;-1.23939902626818
22260;2511717.90523984;-2885887.09876403;-5681531.52158309;7031.92691299693;1325.29492266339;2849.86054291294;6985567.8968812;0.0486725565805857;0.0157250920423757;1.10605458350382;-0.0147446018253928;-1.20442309547705
22290;2721237.35656977;-2844528.05834965;-5592877.80773159;6934.66393615678;1431.80013061238;3059.99818809875;6985924.46885267;0.0486484239989904;0.0143357870177934;1.1060679690672;-0.014780122165884;-1.16926554371045
22320;2927715.5883454;-2799990.23282732;-5497956.3264198;6829.18650164673;1537.19120083569;3267.66635064395;6986310.90874963;0.0486306668712482;0.0128794180298577;1.10608226909958;-0.0148147491409571;-1.13393998170579
22350;3130906.90828427;-2752309.09651359;-5396845.25158443;6715.54608692087;1641.33131731326;3472.59218487759;6986725.84023488;0.0486195783652755;0.0113695518196993;1.10609742695648;-0.014848405934318;-1.09846111447119
22380;3330567.35423412;-2701524.23936946;-5289630.95950269;6593.80660583583;1744.0829593202;3674.50179472457;6987167.69275225;0.048615382783356;0.00982056612739834;1.10611338065132;-0.0148810195249539;-1.0628445963573
22410;3526455.07158343;-2647679.38451088;-5176408.05287959;6464.04469248097;1845.30814581455;3873.12073327739;6987634.70382705;0.0486182306966366;0.0082474850790036;1.10613006305388;-0.014912521189649;-1.02710686728985
22440;3718330.69880609;-2590822.39817843;-5057279.36953915;6326.34995913207;1944.86869370552;4068.17452950214;6988124.92296497;0.0486281949272713;0.00666579832240002;1.10614740212904;-0.0149428469962798;-0.991264972466075
22470;3905957.76031964;-2531005.29175582;-4932355.97491853;6180.82522537433;2042.62648958922;4259.38924115847;6988636.21721519;0.048645267484545;0.00509126676455635;1.10616532121606;-0.014971938283605;-0.955336368352285
22500;4089103.06574758;-2468284.21544085;-4801757.1375958;6027.58671543148;2138.44377441211;4446.49203275768;6989166.27844857;0.0486693575467064;0.00353971822707561;1.10618373934809;-0.0149997421231505;-0.919338718284552
22530;4267537.11458799;-2402719.44319081;-4665610.28712096;5866.76422075666;2232.18344039045;4629.21177711814;6989712.63238494;0.0487002905625533;0.00202683670942319;1.1062025716113;-0.0150262117587098;-0.883289681348287
22560;4441034.50520229;-2334375.34858635;-4524050.95346754;5698.5012249896;2323.70933937762;4807.27967880454;6990272.64938418;0.0487378085265152;0.000567949210324493;1.10622172954243;-0.0150513070189497;-0.847206698474333
22590;4609374.34695313;-2263320.37128433;-4377222.6874772;5522.95498846635;2412.88660173218;4980.42991746033;6990843.5569957;0.0487815714586671;-0.0008221858051867;1.10624112156338;-0.0150749946986378;-0.811106779827497
22620;4772340.67423678;-2189626.97376045;-4225276.96173401;5340.29658958342;2499.58196459931;5148.40030876384;6991422.4542383;0.0488311600975047;-0.00212958420032075;1.10626065345076;-0.0150972489040826;-0.775006297570033
22650;4929722.8610773;-2113371.5880775;-4068373.05137722;5150.71092046945;2583.6641083782;5310.93298046177;6992006.3275593;0.0488860797891293;-0.00334123225587763;1.10628022883805;-0.0151180513585149;-0.738920787958106
22680;5081316.03487573;-2034634.55245363;-3906677.89444166;4954.39663460603;2665.00400001036;5467.77506066294;6992592.06839736;0.0489457655325461;-0.00444526933785187;1.10629974974742;-0.0151373916633377;-0.702864766480616
22710;5226921.48784009;-1953500.03744824;-3740365.9314037;4751.56604426388;2743.47524159094;5618.6793753141;6993176.49224872;0.0490095881177868;-0.0054311537877546;1.10631911714808;-0.0151552675114225;-0.666851559390519
22740;5366347.08456202;-1870055.96162984;-3569618.92370634;4542.44496588342;2818.95442267789;5763.4051515325;6993756.35911138;0.0490768612722093;-0.00628980913261435;1.10633823153725;-0.0151716848489519;-0.630893154528134
22770;5499407.66415391;-1784393.89664085;-3394625.75114079;4327.27251182656;2891.32147455596;5901.71872324166;6994328.39515738;0.0491468497112192;-0.00701374823339276;1.10635699353984;-0.0151866579826819;-0.595000073816119
22800;5625925.43531821;-1696608.96162809;-3215582.188071;4106.30082726043;2960.46002460513;6033.39423535107;6994889.31545922;0.049218777973218;-0.00759717355532497;1.10637530452215;-0.0152002096299276;-0.559181269243129
22830;5745730.36268881;-1606799.70706494;-3032690.65860384;3879.79477129903;3026.25774882874;6158.21434254217;6995435.84757404;0.0492918399051867;-0.008036052326979;1.10639306721513;-0.0152123709090663;-0.523444043571976
22860;5858660.54276411;-1515067.98805044;-2846159.97092735;3648.0315419249;3088.60672051758;6275.97089857612;6995964.75576851;0.0493652086551317;-0.00832816593109266;1.10641018634182;-0.015223181268881;-0.487793996434139
22890;5964562.5677431;-1421518.8272324;-2656205.03116443;3411.30024463458;3147.4037529641;6386.46563192721;6996472.86564879;0.0494380470206973;-0.0084731334179556;1.10642656924386;-0.015232688355648;-0.452234995926956
22920;6063291.87558101;-1326260.26756493;-2463046.5372158;3169.90140519564;3202.55073409821;6489.5108034733;6996957.08894451;0.0495095179995626;-0.00847240953299184;1.10644212650169;-0.0152409478174842;-0.416769175331284
22950;6154713.08459933;-1229403.21517501;-2266910.65319522;2924.1464273637;3253.95495089392;6584.92984194418;6997414.44818332;0.0495787953865667;-0.00832925809020407;1.1064567725427;-0.0152480230461108;-0.381396954129677
22980;6238700.31101769;-1131061.27267709;-2068028.66518848;2674.35699688064;3301.52940139586;6672.55795284321;6997842.1009837;0.0496450742646503;-0.00804870189353791;1.10647042623191;-0.0152539848568534;-0.346117082137016
23010;6315137.46782173;-1031350.56333932;-1866636.61919556;2420.86443355277;3345.19309223801;6752.2426966186;6998237.36368953;0.0497075812413176;-0.00763745070449991;1.1064830114396;-0.0152589111083693;-0.310926705261515
23040;6383918.54344243;-930389.546567887;-1662974.94224049;2164.00899368503;3384.87131957368;6823.84453196993;6998597.73406894;0.0497655842890994;-0.00710380897687506;1.10649445758036;-0.0152628862642683;-0.27582145119365
23070;6444947.85879754;-828298.825237563;-1457288.04775473;1904.13912561666;3420.49593140726;6887.23732033288;6998920.91280461;0.049818402057067;-0.00645756523205239;1.10650470011843;-0.0152660008994555;-0.240795533170051
23100;6498140.30133503;-725200.945455277;-1249823.92645546;1641.61068155874;3452.00556941324;6942.30878779123;6999204.82351102;0.049865412530504;-0.00570986503860231;1.10651368103419;-0.0152683511546709;-0.205841869871189
23130;6543421.53482113;-621220.18939946;-1040833.72404925;1376.78608936768;3479.3458884474;6988.96094091745;6999447.63102753;0.0499060609270192;-0.00487306959652084;1.10652134924718;-0.0152700381433156;-0.170952219476836
23160;6580728.1837306;-516482.361929523;-830571.307191959;1110.03348829406;3502.46975209646;7027.11043334101;6999647.75775385;0.0499398667294591;-0.00396060192109034;1.1065276609913;-0.0152711673152295;-0.136117325910396
23190;6610007.99122385;-411114.571707121;-619292.819226921;841.725833117334;3521.3374027759;7056.68888018269;6999803.89781634;0.0499664297686577;-0.00298678258490436;1.10653258013827;-0.015271847782611;-0.101327075341207
23220;6631219.94983265;-305245.007612852;-407256.22730364;572.239971406772;3535.91660506809;7077.64311787108;6999915.02887934;0.0499854352822055;-0.00196665692093182;1.10653607846613;-0.0152721916137386;-0.0665706610708822
23250;6644334.40412322;-199002.711278309;-194720.86254773;301.955698933175;3546.18276119333;7089.93540726817;6999980.42144527;0.0499966578888049;-0.000915815525061965;1.10653813586977;-0.0152723131005545;-0.0318367549953913
23280;6649333.12475927;-92517.3465834548;18053.0449915782;31.2547984887775;3552.11899772103;7093.543578471;6999999.64551911;0.0499999644313756;0.000149790166725197;1.10653874051143;-0.0152723280064997;0.00288631610122498
23310;6646209.3535486;14081.0330073439;230804.834847882;-239.479932449313;3553.71622285584;7088.46111611811;6999972.57454799;0.0499953156557372;0.00121403550578436;1.10653788890945;-0.0152723528012401;0.0376103911105181
23340;6634967.81922157;120662.218380815;443273.886301558;-509.865659656854;3550.9731538694;7074.69718450835;6999899.38658264;0.0499827667054153;0.00226081178107618;1.10653558596447;-0.0152725038890879;0.072347293670201
23370;6615624.72385757;227096.079082773;655200.088391291;-779.520490086366;3543.89631449022;7052.27659232763;6999780.56264506;0.0499624664268525;0.00327421523017028;1.10653184492261;-0.0152728968380053;0.107108651371286
23400;6588207.70004425;333252.797097582;866324.307964496;-1048.06444416358;3532.50000230869;7021.23969727038;6999616.88232438;0.0499346554930505;0.00423873424702556;1.1065266872762;-0.0152736456160686;0.141905716733315
23430;6552755.73902177;439003.099203448;1076388.85397388;-1315.12041690537;3516.80622649715;6981.64225132949;6999409.41666041;0.0498996633673987;0.00513943309945059;1.10652014260305;-0.0152748618421751;0.176749191602617
23460;6509319.0902292;544218.487020482;1285137.93625777;-1580.31512243076;3496.8446163838;6933.55518800467;6999159.51841005;0.0498579041431635;0.00596213042718398;1.10651224834587;-0.0152766540575969;0.21164905667099
23490;6457959.13283063;648771.463888121;1492318.11708626;-1843.28001661687;3472.65230165005;6877.06435313819;6998868.80982671;0.0498098713077685;0.00669357073514219;1.10650304953436;-0.0152791270247206;0.246614407869356
23520;6398748.21995239;752535.757734941;1697678.75381316;-2103.65219288718;3444.27376514109;6812.27018152192;6998539.16811395;0.0497561314945534;0.00732158703223442;1.10649259845269;-0.0152823810589702;0.28165330145603
23550;6331769.49650914;855386.539136672;1900972.43104407;-2361.07524640502;3411.76066948545;6739.2873218257;6998172.70874397;0.0496973172980713;0.00783525270252216;1.10648095425594;-0.0152865113994994;0.316772609684083
23580;6257116.69163345;957200.633797055;2101955.38081324;-2615.20010227727;3375.17165890927;6658.24421276824;6997771.76685635;0.0496341192420498;0.00822502064219754;1.10646818253945;-0.0152916076237574;0.351977888986938
23610;6174893.8868499;1057856.72873029;2300387.88935449;-2865.68580374512;3334.57213780211;6569.28261378479;6997338.87697368;0.0495672770017386;0.00848284766387252;1.10645435486536;-0.015297753110503;0.387273262654907
23640;6085215.26124942;1157235.57147291;2496034.68915358;-3112.200256745;3290.03402774141;6472.55709373548;6996876.7512881;0.0494975699943104;0.00860230217051195;1.10643954825126;-0.0153050245552511;0.422661319976278
23670;5988204.81502155;1255220.16170608;2688665.33507953;-3354.42092765685;3241.63550481139;6368.23448144354;6996388.25678453;0.0494258074619944;0.00857865314633395;1.10642384462589;-0.0153134915415235;0.45814303377343
23700;5883996.07279117;1351695.93472602;2878054.56350916;-3592.03549151172;3189.46071915713;6256.49328205007;6995876.39147492;0.0493528181824445;0.00840893861207993;1.1064073302572;-0.0153232161706198;0.493717698166412
23730;5772731.76828095;1446550.9362598;3063982.63348111;-3824.74242839963;3133.59949879638;6137.52306332169;6995344.26002095;0.0492794399491484;0.00809201185602229;1.10639009515837;-0.0153342527519618;0.529382888234544
23760;5654563.51188136;1539675.98818521;3246235.64904125;-4052.25156629475;3074.14703976887;6011.52381614816;6994795.04902127;0.0492065089711095;0.00762856398685367;1.10637223247714;-0.0153466475553896;0.565134443014038
23790;5529651.44275671;1630964.84477675;3424605.86206941;-4274.28456899167;3011.20358473665;5878.70529352037;6994232.00223451;0.0491348493452722;0.00702112166351339;1.10635383787417;-0.0153604386261146;0.600966472962944
23820;5398163.86714735;1720314.33916273;3598891.95500651;-4490.57536831723;2944.87409215953;5739.28633228593;6993658.39599956;0.0490652627568366;0.0062740192394968;1.10633500889602;-0.0153756556623794;0.636871392644564
23850;5260276.88454672;1807624.5197429;3768899.30302925;-4700.87054024149;2875.26789815802;5593.49416194139;6993077.51510181;0.0489985185614587;0.00539334501030193;1.10631584434793;-0.0153923199552323;0.672839978931607
23880;5116174.00343628;1892798.77637817;3934440.21534652;-4904.92962495283;2802.49837314326;5441.56370464156;6992492.62931816;0.0489353443990955;0.00438686176257811;1.10629644367189;-0.0154104443892202;0.708861454525801
23910;4966045.74825313;1975743.95622629;4095334.15541537;-5102.52539138225;2726.68257524141;5283.73687048788;6991906.97085437;0.0488764174818008;0.00326390237746446;1.10627690633492;-0.0154300335022311;0.74492359603595
23940;4810089.25924473;2056370.46915662;4251407.93999382;-5293.44404705458;2647.94090247022;5120.2618520058;6991323.71286763;0.0488223566870306;0.00203524181975745;1.10625733123222;-0.015451083602193;0.781012865280533
23970;4648507.88683307;2134592.38273515;4402495.91706268;-5477.48539450808;2566.39674553965;4951.3924215377;6990745.94924419;0.0487737155741045;0.000712947426503729;1.10623781610976;-0.0154735829378568;0.81711456190108
24000;4481510.78206837;2210327.50682502;4548440.12275719;-5654.46293585455;2482.17614304955;4777.38723506815;6990176.67577797;0.0487309764245434;-0.000689790031918718;1.10621845701008;-0.0154975119204691;0.853212994815181
24030;4309312.484701;2283497.46790001;4689090.41755117;-5824.2039273478;2395.40744074623;4598.50914576641;6989618.77287128;0.0486945453874838;-0.00215884153342508;1.10619934774532;-0.0155228433927765;0.889291669528188
24060;4132132.51033984;2354027.77321594;4824304.60203161;-5986.54938608851;2306.22095638005;4415.02453028158;6989074.98985389;0.0486647487896877;-0.00367933780494818;1.1061805794003;-0.0155495429414925;0.925333487885708
24090;3950194.93809828;2421847.8650297;4953948.51268822;-6141.35405121607;2214.74865157834;4227.20263056254;6988547.93099167;0.0486418306464697;-0.00523587637511026;1.1061622398687;-0.0155775692491157;0.961320956507159
24120;3763728.00005575;2486891.16509586;5077896.09822222;-6288.48630212425;2121.1238120159;4035.31491370296;6988040.04323216;0.0486259513858071;-0.00681273368170417;1.10614441342466;-0.0156068744808004;0.9972363999123
24150;3572963.67378387;2549095.10970743;5196029.47694886;-6427.82803638708;2025.48073702944;3839.63445203391;6987553.60571097;0.0486171877737809;-0.00839407813240455;1.10612718033153;-0.0156374047018548;1.0330621742496
24180;3378137.27910443;2608401.17557939;5308238.97593115;-6559.2745101952;1927.95443968565;3640.43532540834;6987090.72102115;0.0486155340060343;-0.00996418004502971;1.10611061648939;-0.0156691003213724;1.0687808775646
24210;3179487.08016057;2664754.89690228;5414423.15253615;-6682.73414418333;1828.68035817624;3437.99204734441;6986653.30822716;0.0486209039079289;-0.0115076145520618;1.10609479312233;-0.01570189655749;1.10437555270584
24240;2977253.89379574;2718105.87391684;5514488.79915127;-6798.1282975773;1727.79407927892;3232.57901642362;6986243.09758675;0.0486331341661742;-0.0130094538352505;1.10607977650597;-0.0157357239198014;1.13982987924826
24270;2771680.70514663;2768407.77338134;5608350.93183575;-6905.39101360702;1625.4310744928;3024.46999407584;6985861.626927;0.0486519884975077;-0.0144554454455296;1.10606562773552;-0.0157705087045424;1.17512835120402
24300;2563012.29126795;2815618.32131914;5695932.76371284;-7004.46873912221;1521.72644933037;2813.93760962994;6985510.23960641;0.0486771626459593;-0.0158321739411205;1.10605240253421;-0.0158061734982907;1.21025643776929
24330;2351494.85351943;2859699.28844713;5777165.66393067;-7095.3200213129;1416.81470612807;2601.25289326789;6985190.08398224;0.0487082900896506;-0.0171272036194349;1.10604015110145;-0.0158426376860914;1.24520072489857
24360;2137375.65935887;2900616.4686945;5851989.10303581;-7177.91518437974;1310.82952062348;2386.6848372929;6984902.11429177;0.0487449483311069;-0.0183292007003388;1.10602891799995;-0.0158798179601191;1.27994903608094
24390;1920902.69410122;2938339.65122716;5920350.58561224;-7252.23598892216;1203.9035324411;2170.4999859103;6984647.0928478;0.048786665641686;-0.0194280339132333;1.10601874208062;-0.0159176288252174;1.31449053128725
24420;1702324.32312166;2972842.58639604;5982205.57104169;-7318.27527671893;1096.16814952923;1952.96205352395;6984425.59344225;0.0488329281307976;-0.02041485302435;1.10600965644385;-0.0159559830979066;1.34881578364205
24450;1481888.96490208;3004102.94602733;6037517.38323871;-7376.0366034676;987.753366500483;1734.33157137179;6984238.00584734;0.0488831870138177;-0.0212821453901417;1.10600168843552;-0.0159947923957246;1.38291683392299
24480;1259844.77524539;3032102.27846987;6086257.1102057;-7425.53386192932;878.787596745404;1514.86556216173;6984084.54130076;0.0489368659586107;-0.0220237711210063;1.10599485967595;-0.0160339676140473;1.41678722348911
24510;1036439.34291014;3056825.95881013;6128403.4942413;-7466.79089779697;769.397518114844;1294.81724222411;6983965.23886083;0.0489933683989059;-0.022634977871016;1.10598918611979;-0.0160734193878269;1.45042200667064
24540;811919.396850847;3078263.13465787;6163942.81361846;-7499.84112046803;659.707931900722;1074.43575056822;6983879.97251739;0.0490520847129274;-0.0231123966263385;1.10598467814472;-0.0161130585359885;1.4838177440096
24570;586530.525185911;3096406.66789668;6192868.75652893;-7524.7271107632;549.841634786943;853.965904118348;6983828.4589467;0.049112399177154;-0.0234540201413757;1.10598134066684;-0.0161527964865153;1.51697247801661
24600;360516.905955823;3111253.07278287;6215182.28806732;-7541.50022748776;439.919303392207;633.647978308809;6983810.26580095;0.0491736966173698;-0.0236591658685997;1.10597917328034;-0.0161925456805556;1.54988569330575
24630;134121.049679858;3122802.45076443;6230891.51100223;-7550.22021458796;330.059390983909;413.717512135813;6983824.82042777;0.0492353686918149;-0.0237284253472132;1.10597817041939;-0.0162322199541641;1.58255826308816
24660;-92416.4463311432;3131058.42237815;6240011.52105374;-7550.95481051013;220.378035906875;194.405136697596;6983871.41891924;0.0492968197538294;-0.0236636020649658;1.10597832153962;-0.0162717348965742;1.61499238405352
24690;-318857.1319943;3136028.05656942;6242564.25736674;-7543.77936122756;110.988981241896;-24.0635737995128;6983949.23539628;0.0493574722535602;-0.0234676397940337;1.1059796113172;-0.0163110081841611;1.64719150165464
24720;-544964.926936769;3137721.79776388;6238578.34883813;-7528.77643826056;2.0035051864744;-241.468229632368;6984057.33143986;0.0494167716497812;-0.023144543335936;1.10598201986306;-0.0163499598895077;1.67916022774396
24750;-770506.331608366;3136153.39100472;6228088.95692374;-7506.03546287922;-106.46963836662;-457.593732842547;6984194.66558727;0.0494741908134486;-0.022699293502655;1.10598552295011;-0.0163885127652219;1.71090425240196
24780;-995250.627226396;3131339.80545372;6211137.61551752;-7475.65233754743;-214.324269588959;-672.230365320272;6984360.10281867;0.0495292339141167;-0.0221377580210527;1.10599009225138;-0.0164265925023746;1.74243025165711
24810;-1218970.06478424;3123301.15653756;6187772.06846218;-7437.72908554125;-321.456823357022;-885.173858812613;6984552.42396582;0.0495814397887001;-0.0214665998859866;1.10599569558684;-0.0164641279636258;1.77374579263422
24840;-1441440.04338143;3112060.62700495;6158046.10521667;-7392.37349955497;-427.766381319039;-1096.22544797923;6984770.33498211;0.0496303847992309;-0.0206931845128974;1.10600229717719;-0.016501051391292;1.80485923749307
24870;-1662439.27815559;3097644.38714349;6122019.39517231;-7339.69879999507;-533.154695932142;-1305.19190761277;6985012.47602;0.0496756851922427;-0.0198254868604458;1.10600985790261;-0.0165372985907715;1.83577964733786
24900;-1881749.95811606;3080081.51438917;6079757.32107598;-7279.82330355538;-637.526207009285;-1511.8855751284;6985277.43026881;0.0497169989772611;-0.0188719995156043;1.10601833556472;-0.016572809089888;1.8665166870995
24930;-2099157.89419531;3059403.91254514;6031330.81198603;-7212.87010256708;-740.788051307785;-1716.12435940862;6985563.73251233;0.0497540273456574;-0.0178416425617874;1.10602768515025;-0.0166075262748421;1.89708053221997
24960;-2314452.65784759;3035646.23081059;5976816.17615415;-7138.9667555236;-842.850065681329;-1917.73173706626;6985869.87737227;0.0497865156539257;-0.0167436758902116;1.10603785909484;-0.0166413975035669;1.92748177780696
24990;-2527427.71053489;3008845.78280538;5916294.9341951;-7058.2449890943;-943.624784305101;-2116.53673716129;6986194.32720953;0.0498142539973704;-0.0155876144672687;1.1060488075456;-0.0166743741973756;1.95773135077893
25020;-2737880.52444879;2979042.46576044;5849853.65287559;-6970.84041186096;-1043.0274304697;-2312.3739153766;6986535.51966105;0.0498370774013618;-0.0143831469400924;1.10606047862121;-0.0167064119118653;1.98784042538921
25050;-2945612.69482227;2946278.68002993;5777583.7798237;-6876.89223993766;-1140.9759034241;-2505.08331862419;6986891.87479517;0.0498548656578284;-0.013140057847871;1.10607281866844;-0.016737470388097;2.01782034240281
25080;-3150430.04418961;2910599.24906646;5699581.47943201;-6776.54303456778;-1237.39076073147;-2694.51044101806;6987261.80187375;0.0498675428346247;-0.0118681536091928;1.1060857725141;-0.0167675135851178;2.04768253210146
25110;-3352142.71895434;2872051.33998739;5615947.47019973;-6669.9384517308;-1332.19519658382;-2880.50617211269;6987643.70571335;0.049875076484952;-0.0105771923755723;1.10609928371144;-0.0167965096949231;2.07743844121153
25140;-3550565.27862539;2830684.38484697;5526786.86373284;-6557.22700373642;-1425.31501650401;-3062.92673826803;6988035.99264221;0.0498774765831901;-0.00927681777680117;1.10611329478046;-0.0168244311409689;2.10709946378479
25170;-3745516.77807993;2786550.00271636;5432209.00559611;-6438.55983273369;-1516.67860884432;-3241.63363796266;6988437.07605353;0.0498747942124392;-0.007976496534821;1.10612774744119;-0.0168512545613583;2.13667687601194
25200;-3936820.84320886;2739701.92266193;5332327.31818667;-6314.09049601859;-1606.21691347266;-3416.49357183797;6988845.38155857;0.0498671200278269;-0.00668545988751806;1.1061425828396;-0.0168769607778147;2.16618177491333
25230;-4124305.74029659;2690195.90770045;5227259.1457759;-6183.97476298359;-1693.86338801831;-3587.37836821642;6989259.35174624;0.0498545825182857;-0.00541264874106652;1.10615774176564;-0.0169015347515471;2.19562502082796
25260;-4307804.43948157;2638089.67979911;5117125.60184487;-6048.37042351765;-1779.55397203027;-3754.16490479841;6989677.45055843;0.0498373460881098;-0.00416666245764971;1.10617316486294;-0.0169249655270877;2.22501718360938
25290;-4487154.67263785;2583442.84597779;5002051.41881779;-5907.43710763442;-1863.22704938304;-3916.73502720362;6990098.16729226;0.0498156089782109;-0.00295571118324694;1.1061887928301;-0.0169472461651545;2.25436849243467
25320;-4662198.98601081;2526316.82556163;4882164.80027866;-5761.33611607929;-1944.82340924574;-4074.97546498489;6990520.02024258;0.0497896010456361;-0.00178757162576431;1.10620456661314;-0.0169683736655593;2.28368878913784
25350;-4832784.78793238;2466774.77862218;4757597.27573795;-5610.23026164251;-2024.28620591336;-4228.77774570615;6990941.55999937;0.0497595814186573;-0.000669546206407755;1.1062204275892;-0.0169883488811383;2.31298748499103
25380;-4998764.39193267;2404881.53563724;4628483.55799908;-5454.28372088586;-2101.56091778069;-4378.03810763966;6991361.37241601;0.0497258360435609;0.00039157447559284;1.10623631774125;-0.0170071764236427;2.34227352087399
25410;-5159995.05555568;2340703.52839097;4494961.40315801;-5293.66189597301;-2176.59530572317;-4522.65741160359;6991778.08126538;0.0496886751382542;0.00138954590311935;1.10625217982401;-0.0170248645624769;2.37155533079328
25440;-5316339.01517749;2274308.7221284;4357171.47325461;-5128.5312862796;-2249.33937113208;-4662.54105242728;6992190.35060134;0.049648430566891;0.0023187006408626;1.10626795752089;-0.0170414251171238;2.40084080873628
25470;-5467663.51711528;2205766.54897108;4215257.2015798;-4959.05936944736;-2319.74531383608;-4797.59887049933;6992596.88684384;0.0496054531489883;0.00317397606375924;1.10628359559228;-0.0170568733440457;2.43013727886985
25500;-5613840.84530523;2135147.84259416;4069364.66062972;-4785.41449153678;-2387.76749012563;-4927.74506382302;6992996.44060595;0.0495601099159084;0.00395093877840002;1.10629904001523;-0.0170712278187954;2.45945146911843
25530;-5754748.3458172;2062524.77415855;3919642.43268569;-4607.76576592559;-2453.36237108256;-5052.89810097397;6993387.80828133;0.0495127813271393;0.00464580567713197;1.10631423811466;-0.01708451031402;2.48878948818063
25560;-5890268.448463;1987970.78948633;3766241.48298721;-4426.28298059434;-2516.48850140316;-5172.98063532685;6993769.83341068;0.0494638584585143;0.00525546154246293;1.10632913868637;-0.0170967456739874;2.518156806065
25590;-6020288.68574449;1911560.5474618;3609315.03545488;-4241.13651343629;-2577.10645888974;-5287.91942089124;6994141.40784533;0.0494137401743469;0.00577747310013225;1.1063436921121;-0.0171079616862103;2.54755823824503
25620;-6144701.70937687;1833369.85963574;3449018.45091016;-4052.49725522582;-2635.17881477351;-5397.64523007143;6994501.47272584;0.0493628302954234;0.00621009940388889;1.10635785046677;-0.0171181889506927;2.57699793354829
25650;-6263405.30461116;1753475.63100558;3285509.1077298;-3860.53653987825;-2690.67009501915;-5502.09277364071;6994849.0192932;0.0493115347748588;0.0065522984244888;1.10637156761834;-0.0171274607472731;2.60647936590505
25680;-6376302.40256939;1671955.80194002;3118946.28486439;-3665.42608163303;-2743.54674275066;-5601.20062319826;6995183.08954942;0.0492602588939771;0.00680372971033528;1.10638479932041;-0.017135812901486;2.63600533008678
25710;-6483301.09079445;1588889.29121236;2949491.04714296;-3467.33791879281;-2793.77708192715;-5694.91113635492;6995502.77678404;0.0492094044905862;0.00696475298796627;1.10639750329792;-0.0171432836493198;2.6655779415638
25740;-6584314.62220592;1504355.94010336;2777306.13277816;-3266.4443636518;-2841.3312823871;-5783.17038487409;6995807.22598195;0.0491593672322807;0.00703642257809932;1.10640963932624;-0.0171499135011991;2.69519864060387
25770;-6679261.42264197;1418436.45753083;2602555.84298028;-3062.91795824845;-2886.18132637036;-5865.92808597498;6996095.63412772;0.0491105339476619;0.00702047751690031;1.10642116930391;-0.0171557451054791;2.72486820071933
25800;-6768065.09715673;1331212.36616019;2425405.93358234;-2856.93143557963;-2928.30097661799;-5943.13753698706;6996367.25042036;0.0490632800286246;0.00691932729322672;1.10643205731928;-0.0171608231116954;2.75458674154932
25830;-6850654.43523144;1242765.94944712;2246023.50857316;-2648.65768591598;-2967.6657461417;-6014.75555352826;6996621.37641204;0.0490179669170633;0.00673603314016599;1.10644226971145;-0.0171651940337742;2.78435374623588
25860;-6926963.41504717;1153180.19956115;2064576.91543018;-2438.26972786083;-3004.25286974656;-6080.74241136294;6996857.3660832;0.0489749396895038;0.00647428485344046;1.10645177512566;-0.0171689061133708;2.81416808331834
25890;-6996931.20695593;1062538.76613617;1881235.64213961;-2225.94068379794;-3038.04127738352;-6141.06179208123;6997074.6258657;0.0489345247532029;0.00613837314927566;1.10646054456337;-0.01717200918347;2.84402803313059
25920;-7060502.17627677;970925.905792177;1696170.21578729;-2011.84375937657;-3069.01156940075;-6195.68073272676;6997272.61462484;0.048897027667199;0.00573315761963052;1.10646855142743;-0.0171745545323492;2.87393131863998
25950;-7117625.88553252;878426.432370064;1509552.10259995;-1796.15222668517;-3097.14599375664;-6244.56957948711;6997450.84361023;0.0488627311015873;0.00526403039227692;1.10647577156246;-0.0171765947679759;2.90387514061745
25980;-7168257.0962328;785125.667820023;1321553.60931366;-1579.03941076822;-3122.42842525067;-6287.70194554818;6997608.87638443;0.0488318929479405;0.00473687565581646;1.10648218329056;-0.0171781836828845;2.93385621697555
26010;-7212355.77029839;691109.393682027;1132347.78574297;-1360.67867914346;-3144.84434682269;-6325.0546732024;6997746.32873762;0.0488047445932602;0.00415802526436006;1.10648776744286;-0.0171793761195523;2.96387082605638
26040;-7249887.07121185;596463.803095765;942108.328422045;-1141.24343397976;-3164.38083296548;-6356.60780028922;6997862.86859561;0.0487814893691488;0.00353421069150421;1.10649250738668;-0.017180227836273;2.99391485359664
26070;-7280821.36496921;501275.453276007;751009.485186681;-920.907106598065;-3181.02653528993;-6382.34453103563;6997958.21592745;0.0487623011870178;0.0028725116571298;1.10649638904888;-0.0171807953735065;3.02398384304292
26100;-7305134.22089729;405631.218388278;559225.960564454;-699.843153960495;-3194.77167027759;-6402.25121135472;6998032.14265835;0.0487473233690923;0.0021803018018769;1.10649940093516;-0.0171811359206666;3.05407304883908
26130;-7322806.4123914;309618.242758778;366932.821838368;-478.225056814542;-3205.6080092498;-6416.31730864999;6998084.47259243;0.0487366676837617;0.00146519183130176;1.10650153414575;-0.0171813071832947;3.08417749226045
26160;-7333823.91761799;213323.894351651;174305.405648312;-256.226319160965;-3213.52887057861;-6424.53539616418;6998115.08134917;0.0487304135924617;0.000734970593372368;1.10650278238734;-0.0171813672505537;3.11429201932777
26190;-7338177.92021712;116835.718446052;-18480.7750064943;-34.0204687154726;-3218.52911415965;-6426.90114190231;6998123.89631642;0.0487286077137814;-2.455412217845e-06;1.10650314198152;-0.0171813744629697;-3.13877394688041
26220;-7335864.81002958;20241.3914448849;-211250.123501633;188.218941964746;-3220.60513816304;-6423.41330214945;6998110.89662214;0.0487312635088911;-0.000739123567572696;1.10650261186966;-0.0171813872803389;-3.1086551169683
26250;-7326886.1838636;-76371.3252533057;-403827.052196235;410.318334017951;-3219.75487807386;-6414.07371959546;6998076.11312588;0.0487383611907123;-0.0014670771694849;1.10650119361427;-0.0171814641497148;-3.07854211725669
26280;-7311248.84630647;-172914.631388095;-596036.075054625;632.104100806233;-3215.97780802964;-6398.88732607004;6998019.62843064;0.0487498478575306;-0.00217842740951359;1.10649889139699;-0.0171816633733881;-3.04844020007422
26310;-7288964.81057635;-269300.734045565;-787701.900419127;853.402606763476;-3209.2749444579;-6377.86214988313;6997941.57691426;0.0487656378500196;-0.00286541474998778;1.10649571201294;-0.0171820429767703;-3.0183544905542
26340;-7260051.29939963;-365441.894010313;-978649.524071994;1074.04018689152;-3199.6488520126;-6351.00932775676;6997842.14477926;0.0487856133289296;-0.00352046915522097;1.10649166486169;-0.0171826605760977;-2.98828992740375
26370;-7224530.74588971;-461250.472329963;-1168704.3227239;1293.84314723396;-3187.10365180409;-6318.34312132617;6997721.57011873;0.048809625069032;-0.00413626865705966;1.10648676193453;-0.0171835732458745;-2.95825120534899
26400;-7182430.79439268;-556638.977160875;-1357692.14806561;1512.63776665844;-3171.64503191259;-6279.88093817875;6997580.1429953;0.0488374934633333;-0.00470579576235287;1.10648101779811;-0.0171848373859831;-2.92824271975206
26430;-7133784.30125575;-651520.110963327;-1545439.42151845;1730.25030027948;-3153.28026017089;-6235.64335739044;6997418.20552906;0.0488690097300975;-0.00522239124616506;1.10647444957436;-0.0171865085883996;-2.89826851385949
26460;-7078629.33546427;-745806.818113988;-1731773.22981761;1946.50698485646;-3132.01819919729;-6185.65415950987;6997236.15198985;0.0489039373138899;-0.005679804917314;1.10646707691643;-0.0171886415034635;-2.86833222909862
26490;-7017009.17908289;-839412.333002843;-1916521.42156107;2161.23404650288;-3107.86932365489;-6129.94036093035;6997034.42888803;0.0489420134706591;-0.00607224299094031;1.1064589219806;-0.017191289705667;-2.83843705879071
26520;-6948972.32742666;-932250.228680934;-2099512.70485459;2374.25771104614;-3080.84573970837;-6068.53225258026;6996813.53505723;0.0489829510258666;-0.00639441175471073;1.10645000939408;-0.0171945055589465;-2.80858570559742
26550;-6874572.4888772;-1024234.46612435;-2280576.74618116;2585.40421737957;-3050.96120664407;-6001.46344285083;6996574.02172162;0.0490264402938277;-0.0066415572694425;1.10644036621827;-0.0171983400814781;-2.77878034296305
26580;-6793868.58424916;-1115279.44417876;-2459544.2706208;2794.49983415131;-3018.23116061373;-5928.77090466974;6996316.49253942;0.0490721511457567;-0.00680950089998918;1.10643002190754;-0.0172028428100011;-2.74902258075993
26610;-6706924.74560163;-1205300.05024762;-2636247.16354339;3001.37088013821;-2982.67274045617;-5850.49502661659;6996041.60361331;0.0491197352135186;-0.00689467052650598;1.10641900826314;-0.0172080616637207;-2.71931343529008
26640;-6613810.31437868;-1294211.71178545;-2810518.5738942;3205.84374865562;-2944.30481554517;-5766.67966796371;6995750.06345783;0.0491688282157654;-0.00689412733833476;1.10640735938206;-0.0172140428078649;-2.68965330374393
26670;-6514599.83875259;-1381930.44865629;-2982193.01918786;3407.74493635754;-2903.14801560511;-5677.37221751257;6995442.63291263;0.0492190523929479;-0.00680558816168697;1.10639511160062;-0.0172208305170046;-2.66004194316799
26700;-6409373.07003279;-1468372.92641534;-3151106.49232269;3606.90107678493;-2859.22476242891;-5582.62365608159;6995120.12498983;0.0492700190376592;-0.00662744331654173;1.10638230343244;-0.0172284670382754;-2.63047845394916
26730;-6298214.95799266;-1553456.51056975;-3317096.57032233;3803.13897902288;-2812.55930342537;-5482.48862248608;6994783.40464284;0.0493213311068296;-0.00635877003729056;1.10636897550068;-0.0172369924546761;-2.60096126778395
26760;-6181215.64495534;-1637099.32187225;-3480002.52510706;3996.28567183043;-2763.17774691513;-5377.02548283504;6994433.38844305;0.0493725859024527;-0.00599934152449955;1.10635517046406;-0.0172464445486558;-2.57148814006813
26790;-6058470.45846906;-1719220.29269881;-3639665.43639138;4186.16845360975;-2711.1080990859;-5266.29640295238;6994071.04415019;0.049423377807743;-0.00554963172172188;1.10634093293654;-0.0172568586662428;-2.54205614661568
26820;-5930079.90239118;-1799739.22455865;-3795928.30679847;4372.61494858331;-2656.3803025087;-5150.36742371191;6993697.3901612;0.0494733010658805;-0.00501081593077875;1.10632630940031;-0.0172682675820069;-2.51266168459622
26850;-5796149.64618911;-1878576.84678176;-3948636.17927554;4555.45316954997;-2599.02627610742;-5029.30853905613;6993313.49482188;0.0495219525887667;-0.00438476739190804;1.10631134811181;-0.0172807013651973;-2.48330047756704
26880;-5656790.51225532;-1955654.87642588;-4097636.25688698;4734.51158759173;-2539.07995646349;-4903.19377644859;6992920.47558486;0.0495689347834657;-0.00367404996106029;1.10629609900055;-0.0172941872474369;-2.45396758446995
26910;-5512118.46102211;-2030896.07944107;-4242778.02505409;4909.61920910382;-2476.57734032719;-4772.10127948745;6992519.49799684;0.0496138583841987;-0.00288190701662099;1.10628061356028;-0.0173087494924091;-2.42465741246277
26940;-5362254.57365105;-2104224.33312594;-4383913.37630208;5080.60566052006;-2411.55652819525;-4636.11339238536;6992111.77449756;0.0496563452779182;-0.00201224672128258;1.10626494473253;-0.0173244092680182;-2.39536373346197
26970;-5207325.03206061;-2175564.68990535;-4520896.73756544;5247.3012811041;-2344.05776880255;-4495.31674599612;6991698.56301249;0.0496960313115136;-0.00106962375358449;1.106249146782;-0.0173411845215581;-2.36607970428381
27000;-5047461.09604439;-2244843.44245449;-4653585.20009306;5409.53722417479;-2274.12350436292;-4349.80234504305;6991281.165321;0.0497325690686579;-5.92176073388492e-05;1.10623327516374;-0.0173590898584752;-2.33679789028746
27030;-4882799.07722156;-2311988.19018923;-4781838.65198357;5567.14556712949;-2201.7984163806;-4199.66565617727;6990860.92518145;0.0497656306041083;0.00101319246264173;1.1062173863819;-0.0173781364253645;-2.30751029244318
27060;-4713480.30955016;-2376927.90713701;-4905519.91336999;5719.95943062372;-2127.12947183951;-4045.00669646517;6990439.22619492;0.0497949101229589;0.00214125579277101;1.10620153783975;-0.0173983317978914;-2.2782083777711
27090;-4539651.11612322;-2439593.01119643;-5024494.87426002;5867.81310725834;-2050.16596956302;-3885.93012187532;6990017.4893889;0.0498201265918704;0.00331808192973844;1.10618578768108;-0.0174196798743854;-2.24888311312047
27120;-4361462.77195745;-2499915.43478751;-5138632.63502524;6010.54220011562;-1970.95958652088;-3722.54531530331;6989597.17050321;0.0498410262686813;0.00453627551053035;1.10617019462257;-0.0174421807759013;-2.21952500228422
27150;-4179071.46247385;-2557828.6968873;-5247805.64951801;6147.98377147424;-1889.56442384392;-3554.96647364124;6989179.75696038;0.0498573851360347;0.00578797442265274;1.1061548177774;-0.0174658307535985;-2.19012412646847
27180;-3992638.23736035;-2613267.97643842;-5351889.87077952;6279.97650201882;-1806.03705229014;-3383.31269336427;6988766.76450388;0.0498690112237297;0.00706489128714781;1.10613971646992;-0.0174906221043355;-2.16067018815966
27210;-3802328.95949688;-2666170.18710997;-5450764.89928631;6406.36086084285;-1720.43655688801;-3207.7080540724;6988359.73348854;0.0498757468034485;0.00835835832781884;1.10612495004143;-0.0175165430954234;-2.13115255845245
27240;-3608314.24861502;-2716474.05338169;-5544314.13366483;6526.97928652359;-1632.82458046478;-3028.281699389;6987960.22480839;0.0498774704383314;0.00965937570675372;1.10611057764738;-0.0175435778995253;-2.10156032791779
27270;-3410769.41935606;-2764120.18791348;-5632424.92378549;6641.67637952437;-1543.26536574871;-2845.16791458112;6987569.81544941;0.0498740988685766;0.010958663417283;1.10609665804598;-0.0175717065407282;-2.07188236110115
27300;-3209874.41338421;-2809051.17015237;-5714988.72612774;6750.29910615256;-1451.82579571466;-2658.50620022835;6987190.09365603;0.0498655887128933;0.0122467168301112;1.10608324937873;-0.017600904852844;-2.04210735474525
27330;-3005813.72520516;-2851211.62611927;-5791901.26128713;6852.69701427056;-1358.57543182308;-2468.44134122868;6986822.6537028;0.0498519379642317;0.0135138659841575;1.10607040894306;-0.0176311444510284;-2.01222389982672
27360;-2798776.32133507;-2890548.30930664;-5863062.67347322;6948.7224609218;-1263.58654978222;-2275.12347039058;6986469.09026497;0.0498331872568291;0.014750338700228;1.10605819295763;-0.0176623927178205;-1.98222054748234
27390;-2588955.55246035;-2927010.18260701;-5928377.69182427;7038.23085199404;-1166.93417244302;-2078.7081258214;6986130.99238512;0.0498094208802686;0.0159463275702476;1.10604665632093;-0.0176946128047231;-1.95208587887463
27420;-2376549.058226;-2960548.50118021;-5987755.79334018;7121.08089399723;-1068.69609941617;-1879.35630128276;6985809.93703596;0.0497807675150432;0.0170920608372959;1.10603585236369;-0.017727763650441;-1.92180857900831
27450;-2161758.66428854;-2991116.89615466;-6041111.3672098;7197.13485798327;-968.952932980381;-1677.23448864502;6985507.48228345;0.0497474006630871;0.0181778771297273;1.10602583259608;-0.0177618000168893;-1.89137751445693
27480;-1944790.27126938;-3018671.45904461;-6088363.8802821;7266.2588555795;-867.788099830969;-1472.5147115347;6985225.16005856;0.0497095387459862;0.0191943039452502;1.10601664645042;-0.0177966725440636;-1.86078181489063
27510;-1725853.73524664;-3043170.82675158;-6129438.04340286;7328.32312704597;-765.287868198662;-1265.37454923184;6984964.46855047;0.0496674448431892;0.0201321396976611;1.10600834102057;-0.0178323278248281;-1.83001095821239
27540;-1505162.73942669;-3064576.26700383;-6164263.97830991;7383.2023411994;-661.541359849531;-1055.99714983931;6984726.86423932;0.0496214260426026;0.0209825390380571;1.10600096079902;-0.0178687085006352;-1.79905485900857
27570;-1282934.65664283;-3082851.76407278;-6192777.38474992;7430.77590697234;-556.640556459455;-844.57123171305;6984513.75359155;0.049571832376588;0.0217371010452221;1.10599454741309;-0.0179057533791245;-1.76790395990161
27600;-1059390.40233637;-3097964.10458973;-6214919.70744895;7470.92829629583;-450.680299839993;-631.291072112142;6984326.48444725;0.0495190553176758;0.0223879597451831;1.1059891393615;-0.0179433975744746;-1.73654932525754
27630;-834754.277686344;-3109882.96327038;-6230638.30253764;7503.54937790649;-343.758285477763;-416.356482001163;6984166.33713461;0.0494635258104033;0.0229278762707759;1.10598477175285;-0.0179815726712837;-1.70498273655095
27660;-609253.802567135;-3118580.98833845;-6239886.60299899;7528.53476158478;-235.975048836546;-199.97276591481;6984034.51535308;0.0494057118186576;0.0233503318085529;1.10598147604778;-0.0180202069126465;-1.67319678852595
27690;-383119.538029792;-3124033.88642271;-6242624.28267428;7545.78615223041;-127.43394386087;17.6493342224422;6983932.13687377;0.0493461153718837;0.023649620307504;1.10597927980639;-0.0180592254129606;-1.64118498511793
27720;-156584.898022157;-3126220.50668511;-6238817.41832896;7555.21171307301;-18.2411131120687;236.293712440458;6983860.22411222;0.0492852690985698;0.0238209397445868;1.1059782064429;-0.0180985503958499;-1.60894183392089
27750;70114.0499142963;-3125122.92392026;-6228438.64924658;7556.72643720167;91.4945510366834;455.738990354886;6983819.69463578;0.0492237322416316;0.0238604805629512;1.10597827498953;-0.0181381014574236;-1.57646293780507
27780;296738.795206741;-3120726.52034948;-6211467.33378562;7550.25252647641;201.661454720734;675.758628206622;6983811.35167489;0.0491620861577031;0.0237655097254793;1.10597949987154;-0.0181777958549033;-1.54374508211586
27810;523048.606278204;-3113020.0658154;-6187889.70229999;7535.71977675757;312.14536099074;896.121056418497;6983835.87471456;0.0491009293109246;0.0235344486681575;1.10598189069581;-0.0182175488204452;-1.51078631572593
27840;748800.764211652;-3101995.79606591;-6157699.0057915;7513.06596825688;422.829458868955;1116.58982875733;6983893.81024893;0.0490408717815296;0.0231669433031169;1.10598545205496;-0.0182572738997631;-1.47758602407726
27870;973750.808184933;-3087649.48879991;-6120895.65963014;7482.23725967715;533.59444360489;1336.92379815771;6983985.56278864;0.0489825293202945;0.022663924120433;1.10599018334942;-0.0182968833149176;-1.4441449922485
27900;1197652.79276849;-3069980.53713062;-6077487.38164694;7443.18858466572;644.318608661418;1556.87731622069;6984111.38621635;0.0489265169915373;0.0220276543810519;1.10599607862962;-0.0183362883503826;-1.4104654560253
27930;1420259.55713134;-3048992.02010708;-6027489.32387476;7395.88404896372;754.877949937268;1776.20045734444;6984271.37559173;0.0488734424596346;0.0212617643910031;1.10600312646081;-0.018375399761231;-1.37655113894909
27960;1641323.0061501;-3024690.76991939;-5970924.19718444;7340.2973264864;865.146282700137;1994.63926837461;6984465.45951157;0.0488238989866481;0.0203712699087575;1.1060113098126;-0.0184141282020026;-1.34240727338037
27990;1860594.40336064;-2997087.43539981;-5907822.38803853;7276.41205242427;974.995371665687;2211.93604457803;6984693.39313478;0.0487784582212612;0.0193625728713101;1.10602060597557;-0.018452384674528;-1.30804060374615
28020;2077824.67563267;-2966196.54141943;-5838222.06656194;7204.22221130952;1084.29507461116;2427.82963264436;6984954.75198476;0.0487376628713975;0.0182434428362323;1.10603098650713;-0.0184900809926858;-1.27345937035247
28050;2292764.72938342;-2932036.54376911;-5762169.28510968;7123.73251784993;1192.91349985784;2642.055761305;6985248.9266432;0.0487020193641542;0.0170229778288178;1.10604241720874;-0.0185271302617744;-1.2386732724343
28080;2505165.77807881;-2894629.87910444;-5679718.06649584;7034.95878819597;1300.71717789379;2854.34740002709;6985575.11844958;0.0486719906065304;0.015711543654819;1.10605485813633;-0.0185634473698832;-1.20369340948637
28110;2714779.68069859;-2854003.00952733;-5590930.48103649;6937.92829917618;1407.57124733703;3064.43514609189;6985932.33631936;0.0486479889683608;0.0143206911845546;1.10606826364588;-0.0185989494883543;-1.16853220036373
28140;2921359.29076579;-2810186.46137199;-5495876.71155259;6832.68013291585;1513.33965535924;3272.04764020132;6986319.39479073;0.0486303696143783;0.0128630516229608;1.10608258247559;-0.0186335565781458;-1.13320328014928
28170;3124658.81546195;-2763214.85776073;-5394635.10547687;6719.26550414511;1617.88537260183;3476.91201057436;6986734.91340492;0.0486194243149881;0.0113522103381343;1.10609775786609;-0.0186671918986422;-1.09772137534404
28200;3324434.18426725;-2713126.94449571;-5287292.21321328;6597.74806740867;1721.0706225186;3678.75434529546;6987177.31751841;0.0486153758647716;0.00980256040817569;1.10611372771978;-0.0186997825152028;-1.06210215852296
28230;3520443.42647965;-2659965.60885582;-5173942.81190754;6468.20420131227;1822.75712497448;3877.30019246284;6987644.84063642;0.0486183732336906;0.00822913764091599;1.10613042480005;-0.0187312598015236;-1.02636208419438
28260;3712447.05688052;-2603777.89087533;-5054689.91380447;6330.72326688398;1922.80635381617;4072.27508745424;6988135.52834626;0.0486284875683009;0.00664743939731108;1.10614777697096;-0.0187615599326857;-0.990518208177985
28290;3900208.46872595;-2544614.98669064;-4929644.75839185;6185.40783709439;2021.07980801042;4263.40510638444;6988647.24391622;0.0486457091490347;0.00507323008168374;1.1061657074773;-0.0187906243646096;-0.954587993348853
28320;4083494.33315396;-2482532.24355589;-4798926.78756213;6032.37389457033;2117.43929581884;4450.41744457329;6989177.67561033;0.0486699453949337;0.00352233662464482;1.10618413526499;-0.0188184002955092;-0.91858910505889
28350;4262075.00400903;-2417589.14614587;-4662663.60306268;5871.75099455588;2211.74723134578;4633.04101857783;6989724.34575275;0.0487010199894819;0.00201043765452195;1.10620297534102;-0.0188448411048665;-0.882539199917602
28380;4435724.9269981;-2349849.29378676;-4520990.9055527;5703.68239022383;2303.86694265946;4811.00709006927;6990284.62155609;0.0487386731808191;0.000552850312219606;1.10622213917179;-0.0188699067654173;-0.846455711874428
28410;4604223.05200559;-2279380.36828114;-4374052.41464087;5528.32511752195;2393.66299054709;4984.04990955815;6990855.72770766;0.048782563287297;-0.00083568120176883;1.10624153511847;-0.0188935642236634;-0.810355639679779
28440;4767353.24731312;-2206254.09202426;-4221999.76934151;5345.85003685477;2481.00149682363;5151.90737769255;6991434.76068536;0.0488322694156872;-0.00214119125666329;1.10626106890727;-0.0189157877445072;-0.774255339806121
28470;4924904.71439005;-2130546.17614272;-4064992.40845984;5156.44182905298;2565.75048097396;5314.32172157714;6992018.70475139;0.0488872953751958;-0.00335068863438292;1.10628064413222;-0.0189365592157393;-0.738170328782972
28500;5076672.40184761;-2052336.25842576;-3903197.43049723;4960.29894327095;2647.78020376944;5471.04018329046;6992604.44954784;0.0489470747464788;-0.00445233887608008;1.10630016278762;-0.0189558684083107;-0.702115098648858
28530;5222457.41708204;-1971707.83086195;-3736789.43275625;4757.63349467828;2726.96351636616;5621.81571751677;6993188.8091933;0.0490109770419095;-0.00543562978549509;1.10631952582691;-0.0189737131885753;-0.666102948861551
28560;5362067.43407149;-1888748.15664073;-3565950.32942139;4548.6711100739;2803.17621326459;5766.40769496235;6993768.54275447;0.0490783148720232;-0.00629151719644873;1.10633863374405;-0.0189900996790084;-0.630145837555791
28590;5495317.09574015;-1803548.17652896;-3390869.14849462;4333.65071984972;2876.29738739106;5904.58260799792;6994340.37594246;0.0491483520140061;-0.00701254863465477;1.10635738717352;-0.0190050423642833;-0.594254254516762
28620;5622028.40926068;-1716202.40458604;-3211741.80757529;4112.82429506463;2946.20978545326;6036.11477476409;6994901.02385926;0.049220312261725;-0.00759296306970717;1.10637568750434;-0.0190185641400207;-0.558437117674026
28650;5742031.132634;-1626808.81323853;-3028770.86858877;3886.45652875565;3012.80016162664;6160.78703779856;6995447.21459771;0.049293388923456;-0.00802876553620762;1.10639343750342;-0.0190306963020141;-0.522701694339625
28680;5855163.15086558;-1535468.70779443;-2842165.27168955;3654.82446100906;3075.95962754814;6278.39145309809;6995975.71347724;0.0493667548233636;-0.00831777597903349;1.10641054194301;-0.0190414784742671;-0.487053547840283
28710;5961270.84004896;-1442286.59053894;-2652140.04868828;3418.21704773642;3135.58399653065;6388.72996541693;6996483.34767965;0.049439572655923;-0.00845965222458017;1.1064269082272;-0.0190509584747582;-0.45149650964905
28740;6060209.4176725;-1347370.01461724;-2458916.01647956;3176.93467354478;3191.57411986747;6491.61506553221;6996967.03103346;0.0495110055388611;-0.00845588747952611;1.10644244701188;-0.0190591921184624;-0.416032676624295
28770;6151843.27748357;-1250829.42797357;-2262719.4510761;2931.28860955094;3243.83621307232;6586.87042517693;6997423.78868303;0.0495802276095783;-0.00830978319737204;1.10645707281255;-0.0190662429577993;-0.380662432527586
28800;6236046.30727741;-1152778.00768108;-2063781.74298344;2681.60041746278;3292.28216989954;6674.33150535675;6997850.78137044;0.049646434512213;-0.00802639852171059;1.10647070459463;-0.0190721819613431;-0.345384492625517
28830;6312702.18802421;-1053331.48506115;-1862339.03477728;2428.20130172845;3336.82986201014;6753.84613382865;6998245.32905293;0.0497088536271746;-0.00761247781003914;1.10648326634048;-0.0190770871322987;-0.310195969887988
28860;6381704.67280971;-952607.962054124;-1658631.84187066;2171.43141203139;3377.40342219577;6825.27504763;6998604.93357904;0.0497667539017858;-0.00707635796279766;1.10649468758783;-0.0190810430689236;-0.275092461076687
28890;6442957.84413944;-850727.719365354;-1452904.65757908;1911.63909887861;3413.93350914198;6888.49239670482;6998927.30015048;0.0498194551492914;-0.00642785743368622;1.10650490393434;-0.0190841404697395;-0.240068150868309
28920;6496376.34824663;-747813.016969453;-1245405.54370758;1649.18012548483;3446.35755180659;6943.38620488099;6999210.35730545;0.0498663366935548;-0.00567814888613625;1.10651385750321;-0.019086475587021;-0.205115932070159
28950;6541885.60514595;-643987.887611682;-1036385.70799218;1384.41683958824;3474.61997160669;6989.85878470571;6999452.27517276;0.0499068452479782;-0.00483961749660418;1.10652149736524;-0.0190881496326628;-0.170227539951895
28980;6579421.99329075;-539377.923997646;-826099.069828808;1117.71730923949;3498.67238074849;7027.82710294488;6999651.48176359;0.049940501929262;-0.00392570689913856;1.10652777991295;-0.0190892681411035;-0.135393698725046
29010;6608933.00781824;-434110.06040994;-614801.815813315;849.454426975643;3518.4737551965;7057.22309389243;6999806.67708988;0.0499669083193189;-0.00295075472875156;1.10653266918297;-0.0190899402945058;-0.100604278240449
29040;6630377.39150464;-328312.349532924;-402751.946696607;580.004987121295;3533.99058095994;7077.99391801386;6999916.8449242;0.0499857515017931;-0.00192981966511279;1.10653613712328;-0.0190902782158632;-0.0658484590310568
29070;6643725.23769873;-222113.735303408;-190208.817426738;309.748741242312;3545.19697257438;7090.10216386006;6999981.26204541;0.0499968080130511;-0.000878501813672097;1.10653816380251;-0.0190903962360995;-0.0311149038931747
29100;6648958.06465682;-115643.822635618;22567.3279945813;39.0674370106188;3552.07476287024;7093.52599162769;6999999.5048464;0.0499999466610793;0.000187241801970422;1.10653873755918;-0.0190904101415587;0.00360806573663722
29130;6646068.86086253;-9032.64489258842;235315.825071876;-231.65615408409;3554.61356334722;7088.25921720497;6999971.45321557;0.0499951301794126;0.00125128491663188;1.10653785508911;-0.0190904364085264;0.038332290297033
29160;6635062.10108007;97589.5700068866;447776.058995317;-502.039214620228;3552.81079470894;7074.31133602041;6999897.2916393;0.0499824156969225;0.00229752118795233;1.10653552147027;-0.0190905914315932;0.0730695911585897
29190;6615953.73305707;204092.633946894;659687.934629599;-771.699859112871;3546.67168735422;7051.7074865005;6999777.5075108;0.0499619540180415;0.0033100531867078;1.10653175012467;-0.0190909907527446;0.107831589851235
29220;6588771.13496188;310346.632537335;870792.344503786;-1040.2581062519;3536.20925186554;7020.48835343331;6999612.88666805;0.0499339877217296;0.00427337954878845;1.10652656271779;-0.0190917482980557;0.142629529094205
29250;6553553.04380762;416222.157704718;1080831.63300985;-1307.33683995949;3521.44421977854;6980.71001202206;6999404.50622094;0.0498988481012341;0.00517257860106579;1.10651998899651;-0.0190929756287707;0.177474097284162
29280;6510349.45528036;521590.538066491;1289550.05504831;-1572.56275383966;3502.40495515551;6932.44371388832;6999153.72476386;0.0498569509803997;0.00599348673099371;1.10651206656732;-0.0190947812133659;0.212375258139965
29310;6459221.49554867;626324.066223791;1496694.22740421;-1835.56727377336;3479.12733771733;6875.77561674313;6998862.17010413;0.0498087914559473;0.00672286971319154;1.10650284061726;-0.0190972697269284;0.247342087259968
29340;6400241.26578624;730296.222133452;1702013.57119453;-2095.98745364794;3451.65461850879;6810.80645987911;6998531.72466862;0.0497549376286918;0.00734858514204619;1.10649236358023;-0.0191005413838411;0.282382617412877
29370;6333491.66028493;833381.891752501;1905260.74379926;-2353.46683949623;3420.03724927935;6737.65118804126;6998164.50877935;0.0496960234000367;0.00785973405577082;1.10648069475241;-0.0191046913093498;0.317503694447991
29400;6259066.15917297;935457.580186743;2106192.05877042;-2607.65629765205;3384.33268695206;6656.43852660565;6997762.86201412;0.0496327404231398;0.00824679978449728;1.10646789986068;-0.0191098089551063;0.352710845764923
29430;6177068.59687892;1036401.61861885;2304567.89230645;-2858.21480290135;3344.60517472543;6567.31051132622;6997329.32288938;0.0495658293107359;0.0085017720235074;1.10645405058827;-0.0191159775632488;0.388008163315906
29460;6087612.90759696;1136094.36434005;2500153.07498155;-3104.81018301459;3300.92550150464;6470.42197619964;6996866.60711926;0.0494960702135197;0.00861825413429719;1.1064392240627;-0.0191232736829951;0.423398203113985
29490;5990822.84911075;1234418.39326231;2692717.26752994;-3347.11981647971;3253.37074148798;6365.94000324174;6996377.58471718;0.0494242728939928;0.00859155172239713;1.10642350231079;-0.0191317667431018;0.458881903176001
29520;5886831.70642194;1331258.68434458;2882035.3196017;-3584.83128071004;3202.02397584113;6254.0433381662;6995865.25621426;0.0493512664304687;0.00841874064196434;1.10640697168626;-0.0191415186828958;0.494458521730246
29550;5775781.97670417;1426502.79542563;3067887.61052912;-3817.64294847036;3146.97399847443;6134.921776104;6995332.72827193;0.0492778886941944;0.00809871274279031;1.10638972227527;-0.0191525836439145;0.530125597355109
29580;5657825.03716382;1520041.03001762;3250060.37126819;-4045.26453074031;3088.31500799714;6008.77552160272;6994783.18896503;0.0492049757489394;0.00763219791150691;1.10637184728549;-0.0191650077235202;0.565878932481117
29610;5533120.79743527;1611766.5946773;3428345.98680781;-4267.41756471065;3026.14628795779;5875.81452719659;6994219.88300616;0.0491333513265835;0.00702176126936413;1.10635344242433;-0.01917882879118;0.601712601380409
29640;5401837.33817015;1701575.74663524;3602543.27846844;-4483.83584607869;2960.57187749152;5736.25781484393;6993646.08717276;0.0490638165338555;0.00627177477291003;1.10633460527174;-0.0191940763674457;0.637618983386042
29670;5264150.53749867;1789367.93142701;3772457.76564016;-4694.26580526776;2891.70023448465;5590.33278449029;6993065.0861852;0.0489971399441664;0.00538836291642517;1.10631543465318;-0.0192107715650305;0.673588821633267
29700;5120243.68704501;1875045.91033304;3937901.90663696;-4898.46682763698;2819.64389333579;5438.2745139351;6992480.14926841;0.0489340482241708;0.00437932274584326;1.10629603001778;-0.0192289270907725;0.709611307106354
29730;4970307.09917118;1958515.87749573;4098695.31846736;-5096.21151816696;2744.51911934114;5280.32505406133;6991894.50761002;0.0488752174371726;0.00325401894873816;1.10627649082686;-0.0192485473067053;0.745674187221917
29760;4814537.70710254;2039687.5666421;4254664.97544155;-5287.28591149981;2666.44556166359;5116.7327233345;6991311.33290771;0.0488212651546766;0.00202325536432922;1.10625691595754;-0.0192696283479309;0.781763897602569
29790;4653138.65955673;2118474.34739777;4405645.38664923;-5471.48962857513;2585.54590676039;4947.75140529321;6990733.71717483;0.0487727434934025;0.000699124839116806;1.10623740312563;-0.019292158294514;0.817865715115166
29820;4486318.91145539;2194793.31123302;4551478.75245126;-5648.63598143358;2501.94553404599;4773.6398525437;6990164.65394987;0.0487301331781006;-0.000705160087320477;1.10621804833216;-0.0193161173941959;0.853963929691072
29850;4314292.81224611;2268565.34713323;4692015.10023003;-5818.55202805585;2415.77217545679;4594.66100053793;6989607.02103035;0.0486938387109319;-0.00217545267150366;1.1061989453368;-0.0193414783323597;0.89004203193749
29880;4137279.69330258;2339715.20713433;4827112.39973806;-5981.07857936374;2327.15558046532;4411.08129416543;6989063.5648268;0.0486641847064629;-0.00369687019824474;1.10618018516176;-0.0193682065453753;0.926082913113622
29910;3955503.45580296;2408171.56190824;4956636.65847157;-6136.07016073317;2236.2271879645;4223.17002992532;6988536.88640757;0.0486414134280839;-0.00525400118274258;1.10616185562866;-0.0193962605732067;0.962069073706044
29940;3769192.16041382;2473867.0466243;5080461.99757437;-6283.39493055452;2143.11980631102;4031.19871617303;6988029.42928133;0.0486256835376259;-0.00683111754165246;1.10614404093084;-0.0194255924469789;0.997982836611395
29970;3578577.62002812;2536738.29734888;5198470.70884836;-6422.93455852485;2047.96730268167;3835.44045365839;6987543.46894073;0.0486170700458029;-0.00841238763094713;1.10612682124298;-0.0194561481070791;1.03380656083473
30000;3383894.99672356;2596725.97827832;5310553.29350912;-6554.58406647072;1950.90430276011;3636.16933829353;6987081.10416872;0.0486155654276961;-0.00998208607872747;1.10611027236944;-0.0194878678472958;1.06952285164347
30030;3185382.40402236;2653774.80012858;5416608.48337908;-6678.25163458006;1852.06590163546;3433.65988781184;6986644.25008912;0.0486210818455137;-0.0115247965024213;1.10609446543232;-0.019520686780489;1.10511476327942
30060;2983280.51544651;2707833.53002957;5516543.24525653;-6793.85837596941;1751.58738666034;3228.18649370825;6986234.6329239;0.0486334544010068;-0.0130256034832708;1.10607946659992;-0.0195545353213238;1.14056599061565
30090;2777832.18027402;2758854.99329244;5610272.76923652;-6901.33808253073;1649.60397288507;3020.02289958754;6985853.78640354;0.0486524453227945;-0.014470270562523;1.10606533685561;-0.0195893396816826;1.1758610465376
30120;2569282.04731395;2806796.06743489;5697720.44178948;-7000.63694499221;1546.25055155906;2809.4417067942;6985503.04976175;0.0486777489798643;-0.0158454015031018;1.10605213180713;-0.0196250223745052;1.2109854223077
30150;2357876.19743009;2851617.66886221;5778817.80442619;-7091.71325009277;1441.66145206982;2596.71390795676;6985183.56723372;0.0487089976020195;-0.0171385826042334;1.10603990153554;-0.0196615027219693;1.24592572871712
30180;2143861.78545706;2893284.73261152;5853504.49879319;-7174.53705771278;1335.9702175764;2382.10844885256;6984896.28896616;0.0487457675811387;-0.0183385044389781;1.1060286904832;-0.0196986973641283;1.28066981641117
30210;1927486.69206845;2931766.18557235;5921728.19905151;-7249.08986072693;1229.30939448734;2165.89181878746;6984641.97323957;0.048787586223819;-0.0194350619798839;1.10601853737945;-0.019736520764351;1.31520687437054
30240;1708999.18607505;2967034.91359998;5983444.53239486;-7315.36423025136;1121.81033583414;1948.32766948918;6984421.18989622;0.0488339388261111;-0.0204194326607626;1.10600947520259;-0.0197748857081615;1.3495275061133
30270;1488647.59755251;2999067.72293807;6038616.98856019;-7373.36344884917;1013.60301850054;1729.67646233436;6984234.32486332;0.0488842759443484;-0.0212841324720235;1.1060015311767;-0.0198137037923476;1.38362378373231
30300;1266680.00212279;3027845.29636458;6087216.81917604;-7423.10113413904;904.815874184883;1510.19514356752;6984081.58565792;0.0489380207421395;-0.0220230506831114;1.10599472680117;-0.0198528859014914;1.41748928037871
30330;1043343.91664211;3053352.14447007;6129222.92778136;-7464.6008551225;795.575633898606;1290.13684702493;6983963.00775926;0.0489945763019595;-0.0226314642165528;1.10598907791129;-0.019892342669368;1.4511190822327
30360;818886.006481023;3075576.55247095;6164621.75133117;-7497.89574340964;686.007185737386;1069.75062374854;6983878.46173456;0.0490533327999745;-0.023106033052557;1.10598459476751;-0.0199319849229558;1.48450978135746
30390;593551.804518398;3094510.52295084;6193407.1339849;-7523.0281013824;576.233445603489;849.281197763395;6983827.66100639;0.049113674454224;-0.0234447783184883;1.10598128217138;-0.0199717241070983;1.51765945110674
30420;367585.44191271;3110149.7149134;6215580.19395051;-7540.0490091909;466.375240507268;628.968747195787;6983810.17015255;0.0491749861685864;-0.0236470449122473;1.10597913960571;-0.0200114726881538;1.55056760595099
30450;141229.390658799;3122493.37951766;6231149.18413084;-7549.01793233359;356.551204032869;409.04870982877;6983825.41363358;0.0492366598076036;-0.0237134506266795;1.10597816139691;-0.0200511445352542;1.58323514770484
30480;-85275.7821117657;3131544.29285424;6240129.34729135;-7550.00233142772;246.877683517367;189.751612125026;6983872.68484792;0.0492981000498192;-0.0236458237894621;1.10597833689685;-0.0200906552780731;1.61566430018494
30510;-311691.648174771;3137308.68610668;6242542.76643767;-7543.07727563398;137.468658463325;-28.697079306174;6983951.15542041;0.0493587297794501;-0.0234471314186755;1.10597965068232;-0.0201299226402693;1.64785853431304
30540;-537782.140731723;3139796.17342735;6238418.21106061;-7528.32506105981;28.4356696818483;-246.077084861956;6984059.88463577;0.0494179949876741;-0.0231213998272027;1.10598208276953;-0.0201688667480238;1.6798224856108
30570;-763313.765570011;3139019.67784216;6227790.97987368;-7505.83483533007;-80.1122413540451;-462.173418812183;6984197.82893564;0.0494753691653652;-0.022673629500226;1.10598560884158;-0.0202074104133219;1.71156186592385
30600;-988055.801066095;3134995.35548236;6210702.74063498;-7475.70222938299;-188.068583477861;-676.776476991592;6984363.85140423;0.0495303571785949;-0.0221097059300181;1.10599020048681;-0.0202454793918554;1.74308337107159
30630;-1211780.48726275;3127742.51842572;6187201.36761189;-7438.02899742396;-295.329457659209;-889.682106439733;6984556.7311749;0.0495824986265431;-0.0214363079297385;1.10599582544581;-0.0202830026156161;1.77439458595588
30660;-1434263.2042776;3117283.55641317;6157340.77721342;-7392.92266585023;-401.793590236751;-1100.6916581119;6984775.17269675;0.0496313706886094;-0.020660814773166;1.10600244786534;-0.0203199124004376;1.80550388848675
30690;-1655282.64032285;3103643.85769059;6121180.76228104;-7340.49619184628;-507.36235809584;-1309.61202377804;6985017.8148076;0.0496765904734688;-0.0197912133273118;1.1060100285571;-0.0203561446289044;1.83642035350195
30720;-1874620.94963547;3086851.72920937;6078786.82549604;-7280.86763224338;-611.939806327883;-1516.25565821366;6985283.23956638;0.0497178168876431;-0.0188360061665207;1.10601852525985;-0.0203916389091933;1.86715365767852
30750;-2092063.90063344;3066938.31640338;6030230.01232805;-7214.15982313663;-715.432658901258;-1720.44058776863;6985569.98080451;0.0497547520449125;-0.017804121485244;1.10602789290305;-0.0204263387105372;1.89771398626234
30780;-2307401.01462695;3043937.52274406;5975586.74391767;-7140.50007065989;-817.750322863841;-1921.99040637601;6985876.53236254;0.0497871422406774;-0.016704825466204;1.10603808387062;-0.020460191476111;1.92811194228017
30810;-2520425.69542425;3017885.92926016;5914938.65025407;-7060.01985323262;-918.804886585345;-2120.7342600363;6986201.35598398;0.0498147785172919;-0.0155476376141261;1.10604904826351;-0.020493148714229;1.95835845875185
30840;-2730935.35018007;2988822.71419337;5848372.40397852;-6972.85453551284;-1018.51111253392;-2316.50682078105;6986542.88884435;0.0498374968475414;-0.0143422494344035;1.10606073415974;-0.0205251660688189;1.98846471428844
30870;-2938731.50184021;2956789.5729466;5775979.55511454;-6879.14309421733;-1116.7864250664;-2509.14825108715;6986899.55069847;0.0498551779639378;-0.0130984467220222;1.10607308787081;-0.0205562033701945;2.01844205234765
30900;-3143619.89354007;2921830.63846763;5697856.36699712;-6779.02785590305;-1213.55089369507;-2698.50415967686;6987269.75063416;0.0498677468614697;-0.0118260356293692;1.10608605419353;-0.0205862246671928;2.0483019043205
30930;-3345410.58531655;2883992.40219692;5614103.65364593;-6672.65424674312;-1308.72721227688;-2884.42554960198;6987651.89342503;0.0498751720009662;-0.0105347726012969;1.10609957665637;-0.0206151982417739;2.07805571654199
30960;-3543918.04349286;2843323.63569558;5524826.61880089;-6560.17055427522;-1402.24067455273;-3066.76875947204;6988044.38547893;0.0498774642394159;-0.00923429820210618;1.10611359775955;-0.0206430966071958;2.1077148812548
30990;-3738961.22309459;2799875.31305679;5430134.69681345;-6441.72770105089;-1494.01914644649;-3245.39539864759;6988445.64038281;0.0498746755125153;-0.00793407481011389;1.10612805920822;-0.0206698964908854;2.13729067150487
31020;-3930363.64365236;2753700.53419186;5330141.39556281;-6317.47903006959;-1583.99303551452;-3420.1722771804;6988854.08404745;0.0498668972934739;-0.00664332812073159;1.1061429021382;-0.0206955788031206;2.16679417991285
31050;-4117953.45874234;2704854.449071;5224964.1415433;-6187.58010184176;-1672.09525791789;-3590.97133124294;6989268.15945888;0.0498542588507513;-0.00537099237618712;1.10615806733384;-0.0207201285926276;2.19623626124195
31080;-4301563.5196108;2653394.18298754;5114724.1272478;-6052.18850289008;-1758.26120327081;-3757.66954475087;6989686.33104566;0.0498369253260103;-0.00412565922874405;1.10617349543757;-0.0207435349901715;2.2256274786708
31110;-4481031.43322245;2599378.76290434;4999546.16095117;-5911.46366546722;-1842.42869770033;-3920.1488678435;6990107.08867351;0.0498150956521702;-0.00291553014193575;1.10618912715095;-0.0207657911411961;2.25497805367747
31140;-4656199.6150656;2542869.04493135;4879558.5189785;-5765.56669824144;-1924.53796543416;-4078.29613284959;6990528.95128031;0.0497890003301024;-0.00174837224054797;1.10620490342702;-0.0207868941285277;2.28429781944621
31170;-4826915.33703892;2483927.64297374;4754892.80052473;-5614.66022767809;-2004.53158921556;-4232.00296832922;6990950.47016637;0.049758899081246;-0.00063147753229254;1.10622076565372;-0.020806844886124;2.31359617772057
31200;-4993030.77073655;2422618.85858172;4625683.78507484;-5458.90824982499;-2082.35446982714;-4381.16571174628;6991370.23195597;0.0497250783922585;0.00042837455803039;1.10623665582851;-0.0208256481048007;2.34288205904378
31230;-5154403.02643889;2359008.61202466;4492069.29245792;-5298.47599219253;-2157.95378498822;-4525.68532129182;6991786.86124702;0.0496878489667853;0.00142495137986558;1.10625251672401;-0.0208433121308243;2.37216388634841
31260;-5310894.18810725;2293164.37460449;4354190.04555307;-5133.52978540539;-2231.2789478744;-4665.467287345;6992199.02296652;0.0496475430985451;0.00235259798769532;1.10626829204481;-0.0208598488582098;2.40144954188073
31290;-5462371.3446705;2225155.10221639;4212189.53565127;-4964.23694429055;-2302.281565492;-4800.42154402609;6992605.42444998;0.0496045119791822;0.00320626480010192;1.10628392657558;-0.0208752736155096;2.43074633747031
31320;-5608706.61788144;2155051.17015755;4066213.89046389;-4790.76565805704;-2370.91539712518;-4930.46238126541;6993004.81726316;0.0495591229537512;0.00398153195068918;1.10629936632053;-0.0208896050478277;2.46006098818008
31350;-5749777.18701073;2082924.30917894;3916411.74475646;-4613.28488921516;-2437.13631305887;-5055.50835778246;6993395.99878473;0.0495117567362626;0.00467463027013537;1.10631455863446;-0.0209028649947409;2.48939958939646
31380;-5885465.3106349;2008847.54276883;3762934.11357478;-4431.96428087706;-2500.90225376705;-5175.48221534153;6993777.81356816;0.0494628045974183;0.00528245881660989;1.10632945234563;-0.0209150783647546;2.5187675974405
31410;-6015658.34576464;1932895.12565154;3605934.26801994;-4246.97407207662;-2562.1731897425;-5290.31079462339;6994149.15450118;0.0494126655365202;0.00580259885240213;1.1063439978706;-0.0209262730068688;2.54816981380076
31440;-6140248.76454833;1855142.4834795;3445567.61351901;-4058.48502074328;-2620.91108213181;-5399.9249530272;6994508.96378064;0.0493617434494877;0.00623332414967465;1.10635814732137;-0.0209364795797771;2.57761037310277
31470;-6259134.16877512;1775666.15369237;3281991.57052902;-3866.66833396328;-2677.07984432741;-5504.25948469284;6994856.23372032;0.0493104443049965;0.00657360749764398;1.10637185460502;-0.0209457314191709;2.60709273494082
31500;-6372217.30239051;1694543.72751218;3115365.45760367;-3671.69560516095;-2730.64530465727;-5603.25304301118;6995190.00740852;0.0492591733409011;0.00682312327851644;1.10638507551618;-0.0209540644035718;2.63661967970239
31530;-6479406.06222653;1611853.79303981;2945850.37674421;-3473.73875783279;-2781.57517030208;-5696.84806586824;6995509.37923174;0.0492083322933187;0.00698224598054953;1.10639776782264;-0.0209615168190674;2.66619330851444
31560;-6580613.50713777;1527675.87941387;2773609.10094921;-3272.96999546854;-2829.83899255971;-5784.99070384909;6995813.49528026;0.0491583166710117;0.00705204452412374;1.10640989134421;-0.0209681292232775;2.69581504743309
31590;-6675757.86572321;1442090.40199016;2598805.96387122;-3069.56175729444;-2875.40813356744;-5867.63075160807;6996101.55365027;0.0491095130879653;0.00703427229092523;1.10642140802539;-0.0209739443088398;2.72548565598396
31620;-6764762.54280314;1355178.60849629;2421606.75148238;-2863.68667947652;-2918.2557345831;-5944.72158259428;6996372.80465693;0.0490622966673133;0.00693135276740931;1.10643228200187;-0.0209790067666534;2.75520524013922
31650;-6847556.12480963;1267022.52611333;2242178.59564585;-2655.51756142388;-2958.35668591829;-6016.22008730404;6996626.55097151;0.0490170285299709;0.0067463607416687;1.10644247966137;-0.0209833631490892;2.78497326978927
31680;-6924072.3842381;1177704.9094335;2060689.8694847;-2445.22733683468;-2995.68759860844;-6082.08661521642;6996862.14769522;0.0489740533814781;0.00648299902693021;1.10645196969882;-0.0209870617333304;2.81478860073302
31710;-6994250.28329694;1087309.18924093;1877310.0844358;-2232.98904913067;-3030.22677789741;-6142.28492055283;6997079.0023814;0.048933697210602;0.00614557072526833;1.10646072316648;-0.0209901523849777;2.8446495011701
31740;-7058033.97688169;995919.422059575;1692209.7888719;-2018.97583092879;-3061.95419860702;-6196.78211198769;6997276.57501669;0.0488962651131723;0.00573894709046395;1.10646871351889;-0.0209926864220196;2.87455368263295
31770;-7115372.8149895;903620.240411071;1505560.4681717;-1803.36088720176;-3090.85148245527;-6245.54860642393;6997454.37797124;0.0488620392544247;0.00526853109847241;1.10647591665317;-0.0209947164792384;2.90449833524724
31800;-7166221.3446794;810496.803723077;1317534.44611441;-1586.31748178212;-3116.90187738091;-6288.55808693457;6997611.97592701;0.0488312769827551;0.00474021688688225;1.10648231094469;-0.0209962963730957;2.93448016715615
31830;-7210539.31167365;716634.749827109;1128304.7874724;-1368.01892686759;-3140.09023892599;-6325.7874649598;6997748.98579212;0.0488042091072624;0.00416034527914935;1.10648787727843;-0.0209974809671179;2.9644954478893
31860;-7248291.66168493;622120.146983457;938045.201673213;-1148.63857518787;-3160.40301372228;-6357.21684683793;6997865.07660872;0.0487810383507537;0.00353565566443049;1.10649259907617;-0.0209983260377795;2.99454005540244
31890;-7279448.54154429;527039.446369433;746929.94739963;-928.349814495767;-3177.82822512249;-6382.82950473777;6997959.96946064;0.0487619379890024;0.00287323455769188;1.10649646231965;-0.0209988881408607;3.02460952645992
31920;-7303985.30019449;431479.434966068;555133.737995157;-707.326064047831;-3192.35546101167;-6402.61185204996;6998033.43738638;0.0487470506859985;0.00218046121595461;1.10649945556985;-0.0209992244782445;3.05469910998063
31950;-7321882.48960346;335527.188777358;362831.647540189;-485.740772741511;-3203.97586382967;-6416.55342328519;6998085.3053021;0.0487364875337132;0.00146495073365251;1.10650156998256;-0.0209993927650957;3.08480382292135
31980;-7333125.86564253;239270.026315355;170199.017463172;-263.767418577707;-3212.6821228307;-6424.64685851751;6998115.4499383;0.0487303273035309;0.000734495081569923;1.10650279932028;-0.0209994510973617;3.11491850822947
32010;-7337706.38896437;142795.462283632;-22588.6364501132;-41.5795091188066;-3218.46846860151;-6426.88789240246;6998123.79979316;0.048728615915011;-2.99741151340273e-06;1.10650313996052;-0.0209994578195172;-3.13814741281681
32040;-7335620.22590541;46191.1613911026;-215355.716786678;180.649417386619;-3221.33066985531;-6423.27534779022;6998110.33510464;0.0487313661260399;-0.000739563608634872;1.10650259090067;-0.0209994713924741;-3.10802865133259
32070;-7326868.74942796;-50455.1077722762;-407926.637113952;402.745790540706;-3221.26603251421;-6413.81113394591;6998075.08784235;0.0487385574467565;-0.00146724760217561;1.10650115375923;-0.0209995502615692;-3.07791583285552
32100;-7311458.54010719;-147055.518866711;-600125.914603163;624.536006322743;-3218.27340108876;-6398.50024938021;6998018.14171972;0.0487501362779186;-0.00217816268683634;1.10649883277376;-0.0209997527245431;-3.04781420764411
32130;-7289401.38715831;-243522.234009688;-791778.262806745;845.846425933307;-3212.3531623588;-6377.35078928509;6997939.63222579;0.048766016272639;-0.00286455271691972;1.10649563479513;-0.0210001367994208;-3.01772889749347
32160;-7260714.28948964;-339767.450128027;-982708.684727724;1066.50337528468;-3203.50725135559;-6350.37395756063;6997839.74667535;0.04878607891871;-0.00351885230753935;1.10649156927843;-0.0210007600922118;-2.98766483653461
32190;-7225419.4567571;-435703.44552389;-1172742.56631851;1286.33314546712;-3191.73915964107;-6317.58408341052;6997718.72427508;0.0488101743370708;-0.00413374535939213;1.10648664827013;-0.0210016796643469;-2.95762671372063
32220;-7183544.31038599;-531242.626723496;-1361705.7705457;1505.1619945217;-3177.05394587536;-6278.99864247465;6997576.85620268;0.0488381222904022;-0.00470222141537616;1.10648088639172;-0.0210029518997819;-2.92761891749495
32250;-7135121.48451575;-626297.575677049;-1549424.73215641;1722.81615085222;-3159.45824865941;-6234.63828245818;6997414.48569491;0.0488697133943574;-0.00521762939370287;1.10647430081941;-0.0210046323717044;-2.89764548310014
32280;-7080188.8268137;-720781.097377843;-1735726.55328033;1939.12181861045;-3138.96030163503;-6184.5268532072;6997232.00813986;0.0489047105226102;-0.00567372828508355;1.10646691126012;-0.0210067757087948;-2.86771004294319
32310;-7018789.39909334;-814606.267967948;-1920439.10000001;2153.90518539134;-3115.56995081946;-6128.69144117089;6997029.8711675;0.0489428503957206;-0.00606473444975195;1.10645873992324;-0.0210094354610063;-2.83781578038467
32340;-6950971.47766294;-907686.483397127;-2103391.10001992;2366.9924325775;-3089.29867414693;-6067.16240818044;6996808.57473221;0.0489838453428044;-0.00638536520203449;1.10644981148832;-0.0210126639648472;-2.80796538726743
32370;-6876788.55331981;-999935.508700682;-2284412.24156266;2578.20974867471;-3060.15960318427;-5999.9734344636;6996568.67117954;0.049027385224151;-0.00663087842446691;1.10644015306827;-0.0210165122081667;-2.77816102544603
32400;-6796299.33089527;-1091267.52796092;-2463333.27361801;2787.38334598353;-3028.16754698187;-5927.16156580294;6996310.76528905;0.0490731395022778;-0.00679710800841799;1.10642979416801;-0.0210210296944711;-2.7484042925231
32430;-6709567.72824513;-1181597.19501561;-2639986.10766757;2994.33948095522;-2993.33901801571;-5848.76726473367;6996035.51428394;0.049120759448409;-0.00688049497249768;1.10641876663829;-0.0210262643068194;-2.7186961919447
32460;-6616662.87456984;-1270839.68497547;-2814203.92100448;3198.90447858313;-2955.69226016989;-5764.8344656642;6995743.62779728;0.0491698804710507;-0.00687811416206426;1.10640710462445;-0.0210322621713761;-2.68903710755419
32490;-6517659.1079379;-1358910.74661101;-2985821.26176406;3400.90476118452;-2915.24727870234;-5675.4106337894;6995435.86778398;0.0492201245531575;-0.00678769648198055;1.10639484450984;-0.0210390675207292;-2.65942678265583
32520;-6412635.97187553;-1445726.75566731;-3154674.15577685;3600.16688193055;-2872.02587212948;-5580.54682765208;6995113.04836659;0.0492711027843395;-0.00660764665896092;1.10638202485378;-0.021046722557114;-2.62986430359461
32550;-6301678.21087468;-1531204.76916322;-3320600.2153513;3796.51756348585;-2826.05166595826;-5480.29776519303;6994776.03560222;0.0493224179746372;-0.0063370565687582;1.10636868632351;-0.0210552673157171;-2.6003480878199
32580;-6184875.76466066;-1615262.58072928;-3483438.75008813;3989.7837421216;-2777.35014818587;-5374.72189311414;6994425.74715717;0.0493736673365461;-0.00597571419625146;1.10635487162023;-0.0210647395282748;-2.57087587636799
32610;-6062323.76104972;-1697818.77703601;-3643030.87982283;4179.79261766928;-2725.94870647911;-5263.88145936158;6994063.15187474;0.0494244452221954;-0.00552410832278447;1.10634062539853;-0.0210751744872185;-2.54144473067159
32640;-5934122.50721575;-1778792.79536163;-3799219.64978693;4366.37170968418;-2671.8766669363;-5147.84258851814;6993689.26922138;0.0494743459028474;-0.0049834290545891;1.10632599417932;-0.0210866049106611;-2.51205103358534
32670;-5800377.47917435;-1858104.982345;-3951850.14807171;4549.34892018994;-2615.16533432519;-5026.6753598744;6993305.1685952;0.0495229663781389;-0.00435556431884728;1.10631102625565;-0.0210990608085659;-2.48269049450322
32700;-5661199.30928111;-1935676.65396642;-4100769.62547126;4728.5526033765;-2555.84803368015;-4900.45388792785;6992911.96848052;0.0495699092027494;-0.00364309245977157;1.10629577159135;-0.0211125693504811;-2.4533581584379
32730;-5516703.77153008;-2011430.15679518;-4245827.61777338;4903.81164262435;-2493.96015313087;-4769.25640503732;6992510.83543118;0.0496147853183714;-0.00284927106681524;1.10628028171209;-0.0211271547352769;-2.4240484189321
32760;-5367011.76442689;-2085288.93053865;-4386876.07055897;5074.95553522776;-2429.53918782391;-4633.16534593727;6992102.98286543;0.0496572168789996;-0.00197802216072572;1.10626460958874;-0.0211428380633662;-2.39475503467847
32790;-5212249.2912001;-2157177.57192359;-4523769.4665606;5241.8144851882;-2362.62478478573;-4492.26743379176;6991689.66965392;0.0496968400576032;-0.0010339138514767;1.10624880951255;-0.0211596372119466;-2.36547114973577
32820;-5052547.43710303;-2227021.89993547;-4656364.95562167;5404.21950444637;-2293.25878856345;-4346.65376744281;6991272.19848298;0.0497333078221807;-2.21385660326526e-05;1.10623293696221;-0.0211775667138482;-2.33618931724508
32850;-4888042.3435475;-2294749.02243638;-4784522.48728614;5562.0025229176;-2221.48528746596;-4196.4199094803;6990851.91397435;0.0497662926690087;0.00105151207610788;1.10621704846237;-0.0211966376406306;-2.30690152656969
32880;-4718875.17880001;-2360287.40417689;-4908104.94603788;5714.99650768958;-2147.35066021368;-4041.66597473255;6990430.20054311;0.0497954893005735;0.00218067568442448;1.10620120143352;-0.0212168574906195;-2.27759923380473
32910;-4545192.1049601;-2423566.93621094;-5026978.28919557;5863.03559173395;-2070.90362279055;-3882.49671874682;6990008.47997531;0.0498206172351985;0.00335845078522154;1.10618545403312;-0.0212382300826314;-2.24827339562669
32940;-4367144.24093035;-2484519.00671656;-5141011.6874562;6005.95521247404;-1992.19527527601;-3719.02162579784;6989588.20870737;0.049841423334758;0.00457743177057995;1.1061698649879;-0.0212607554561846;-2.21891450647846
32970;-4184887.62107741;-2543076.57321831;-5250077.6680656;6143.59226053928;-1911.27914841842;-3551.35499593014;6989170.87478962;0.0498576842360938;0.0058297471281082;1.10615449341721;-0.0212844297790456;-2.18951263911
33000;-3998583.14927356;-2599174.23619982;-5354052.26057913;6275.78523902262;-1828.21124969434;-3379.61603050615;6988757.99451737;0.0498692086708239;0.00710710099463839;1.10613939864749;-0.0213092452630105;-2.16005748851763
33030;-3808396.5479993;-2652748.31408708;-5452815.14515952;6402.37443354032;-1743.05010858041;-3203.92891569722;6988351.10871374;0.0498758396571681;0.00840081809754194;1.10612464001793;-0.0213351900888661;-2.1305384193456
33060;-3614498.30217856;-2703736.91957438;-5546249.80334104;6523.2020933736;-1655.85682074617;-3024.42290331853;6987951.77864982;0.0498774565462397;0.00970189216419954;1.10611027667741;-0.0213622483415178;-2.10094451682959
33090;-3417063.59741019;-2752080.03725606;-5634243.67117102;6638.11262394798;-1566.69509085727;-2841.23238837201;6987561.58158936;0.0498739769039498;0.011001037890789;1.10609636737303;-0.0213903999563117;-2.07126464137233
33120;-3216272.25225209;-2797719.60251733;-5716688.2946199;6746.95279087939;-1475.6312736592;-2654.49698262332;6987182.10594703;0.0498653582083274;0.0122887465662675;1.10608297023037;-0.0214196206776101;-2.04148748684559
33150;-3012308.64420803;-2840599.58162753;-5793479.48713024;6849.57193578498;-1382.73441299164;-2464.36158350044;6986814.94605169;0.0498515993406462;0.0135553454428274;1.10607014252602;-0.0214498820307051;-2.01160164270791
33180;-2805361.62906147;-2880666.05296817;-5864517.48915318;6945.82220402128;-1288.0762783636;-2270.97643756237;6986461.69650856;0.0498327418473687;0.0147910609305277;1.10605794045279;-0.0214811513081792;-1.98159566001312
33210;-2595624.45319683;-2917867.28931676;-5929707.12949761;7035.55878447255;-1191.7313986989;-2074.49719774714;6986123.94615733;0.0498088709485809;0.0159860856682032;1.10604641887805;-0.0215133915718281;-1.95145812135892
33240;-2383294.65854526;-2952153.84109545;-5988957.98829325;7118.64016146718;-1093.77709284118;-1875.08497356901;6985803.27162652;0.0497801162673822;0.017130649485001;1.10603563109614;-0.0215465616712663;-1.92117771478602
33270;-2168573.97979064;-2983478.62048089;-6042184.56134299;7194.92837885006;-994.293496387292;-1672.90637339619;6985501.23048829;0.0497466522536776;0.0182150942143942;1.10602562857539;-0.0215806162803248;-1.89074331158582
33300;-1951668.23347129;-3011796.98625831;-6089306.42561352;7264.28931618313;-893.363584397682;-1468.13353790204;6985219.35402218;0.0497086982750695;0.0192299522552189;1.1060164607008;-0.0216155059523341;-1.8601440479061
33330;-1732787.1986148;-3037066.82928935;-6130248.4055853;7326.59297698479;-791.073189512761;-1260.94416374617;6984959.13960056;0.0496665183471691;0.0201660286902223;1.10600817451333;-0.0216511771953457;-1.82936940996
33360;-1512144.48854696;-3059248.65844819;-6164940.74015431;7381.71378885119;-687.511014985375;-1051.52151650658;6984722.04271403;0.0496204204757158;0.0210144866718674;1.10600081444703;-0.021687572568307;-1.79840932254189
33390;-1289957.41352165;-3078305.68686622;-6193319.24974779;7429.53091522854;-582.76864212143;-840.054431851172;6984509.46866014;0.0495707555835456;0.0217669356672241;1.10599442206514;-0.0217246307991335;-1.76725424043517
33420;-1066446.83382648;-3094203.91830944;-6215325.50328588;7469.92857852474;-476.94053160405;-626.737303907148;6984322.76392462;0.0495179159967584;0.0224155220192143;1.10598903579677;-0.0217622869255511;-1.73589524216197
33450;-841837.003030017;-3106912.23349711;-6230906.98458884;7502.79639416148;-370.124018161553;-411.7700597599;6984163.20729061;0.0494623334665426;0.0229530211314046;1.1059846906754;-0.0218004724594833;-1.70432412537356
33480;-616355.401049232;-3116402.47615371;-6240017.25779772;7528.02971507374;-262.419298026335;-195.358118991259;6984032.00071763;0.0494044767061158;0.0233729304204533;1.10598141808116;-0.0218391155756451;-1.67253350301694
33510;-390232.556732648;-3122649.53856953;-6242616.13134278;7545.52998606239;-153.929408620952;22.2876628505954;6983930.26003872;0.0493448484262321;0.0236695620067345;1.10597924548836;-0.0218781413248777;-1.64051689923843
33540;-163701.859673699;-3125631.44642801;-6238669.81996118;7555.20510729802;-44.7601998995853;240.951067968488;6983859.00553134;0.0492839818577919;0.0238381339344754;1.10597819622035;-0.0219174718726055;-1.60826884380515
33570;63000.639008213;-3125329.4426411;-6228151.10423112;7556.96980615932;64.9797032317995;460.410608344436;6983819.15242422;0.0492224367563149;0.0238748585334459;1.10597828921362;-0.0219570267626305;-1.57578496364564
33600;289636.437155284;-3121728.069916;-6211039.48705661;7550.74601646859;175.178947994505;680.439637199222;6983811.50140967;0.0491607948904565;0.0237770263614682;1.10597953879308;-0.0219967232062941;-1.54306206993682
33630;515964.80353374;-3114815.25176005;-6187321.34650298;7536.4632640599;285.723510890364;900.806480992213;6983836.72923773;0.0490996550253482;0.0235430840090011;1.105981954461;-0.0220364763968266;-1.51009823900623
33660;741743.011443524;-3104582.37161258;-6156990.08435072;7514.05905748306;396.496765496626;1121.27459304898;6983895.3794753;0.0490396274212833;0.0231727039132423;1.10598554070142;-0.0220761998484869;-1.47689288518381
33690;966726.584109627;-3091024.34977653;-6120046.26970283;7483.47928250925;507.379561457106;1341.60272987236;6983987.85351991;0.048981327879045;0.0226668442292091;1.10599029680268;-0.0221158057598519;-1.44344682363673
33720;1190669.55194736;-3074139.71780554;-6076497.77694986;7444.67859896291;618.250315205837;1561.545151149;6984114.4019639;0.0489253713748181;0.0220277967493544;1.10599621670006;-0.0221552054003605;-1.40976232116458
33750;1413324.72174739;-3053930.68998697;-6026359.91736727;7397.62083826043;728.985112934767;1780.85184440721;6984275.11641009;0.0488723653399162;0.0212592208627379;1.10600328884108;-0.0221943095189499;-1.37584313293066
33780;1634443.95777572;-3030403.23154616;-5969655.56359217;7342.27939988998;839.457826285719;1999.26877521216;6984469.92184494;0.0488229026531807;0.0203661616075251;1.10601149607559;-0.0222330287733402;-1.34169452316783
33810;1853778.47472834;-3003567.12318346;-5906415.26620092;7278.63764492062;949.540241208303;2216.53816370028;6984698.56967888;0.0487775544265179;0.0193550500060813;1.106020815573;-0.0222712741782343;-1.30732326803201
33840;2071079.14242121;-2973436.0215431;-5836677.36158679;7206.68928448366;1059.10220037928;2432.39878815501;6984960.63156644;0.048736862676188;0.0182336840853199;1.10603121876881;-0.0223089575704052;-1.27273763898966
33870;2286096.8020318;-2940027.51520168;-5760488.07031712;7126.43876102706;1168.01175952481;2646.58631621079;6985255.49412023;0.0487013329837078;0.017011189278308;1.10604267134243;-0.0223459920883467;-1.23794736541849
33900;2498582.59364094;-2903363.17575483;-5677901.58513422;7037.90162000647;1276.1353579245;2858.83366414007;6985582.35463294;0.0486714272600307;0.015697957276445;1.10605513322842;-0.0223822926638624;-1.20296357547367
33930;2708288.29475123;-2863468.60357337;-5588980.14775223;6941.10486954642;1383.33800330518;3068.87138452939;6985940.21792049;0.0486475567345569;0.0143055628480058;1.10606855866274;-0.0224177765226827;-1.16779871471848
33960;2914966.66938258;-2820373.46779516;-5493794.113596;6836.08732548461;1489.48347125285;3276.42808248471;6986327.89439587;0.0486300752959859;0.0128466586489614;1.1060828962658;-0.0224523636909121;-1.13246644252787
33990;3118371.82726639;-2774111.54011606;-5392422.00362613;6722.89993910351;1594.43451918254;3481.23086032341;6986743.99947879;0.0486192733146104;0.0113348486107654;1.10609808916341;-0.0224859775038471;-1.09698150683291
34020;3318259.59257705;-2724720.72194414;-5284950.54239869;6601.60610475935;1698.05311480931;3683.00579051117;6987186.9544391;0.0486153720750247;0.00978454107747559;1.10611407514703;-0.0225185451134524;-1.06135959836141
34050;3514387.88155517;-2672243.06448406;-5171474.68151862;6472.28194454154;1800.20067895821;3881.47841638656;6987654.98876339;0.0486185189440913;0.00821078345906697;1.10613078687378;-0.0225499979905645;-1.02561718612523
34080;3706517.08828944;-2616724.7813254;-5052097.60766284;6335.01656703892;1900.73834243781;4076.37427998612;6988146.14412282;0.0486287833912728;0.00662908074370946;1.10614815210698;-0.0225802724176937;-0.989771336480985
34110;3894410.47783619;-2558216.25311856;-4926930.73437344;6189.91229725431;1999.52721658177;4267.41947603903;6988658.28000772;0.0486461539671131;0.00505520074244287;1.10616609399711;-0.0226093099681388;-0.953839518622151
34140;4077834.58576648;-2496772.02393586;-4796093.67685303;6037.08487470072;2096.42867693589;4454.34123094444;6989189.0810791;0.04867053633091;0.00350496940101502;1.10618453140302;-0.0226370579670094;-0.917839399822696
34170;4256559.62314192;-2432450.78893276;-4659714.20903375;5876.66361673076;2191.3046594357;4636.86850527965;6989736.06627002;0.0487017524008146;0.00199405988139045;1.10620337925266;-0.022663469929672;-0.881788634120954
34200;4430359.88583253;-2365315.37294618;-4517928.20223938;5708.7915442009;2284.01796828276;4814.73261811386;6990296.5996512;0.0487395406791984;0.000537779371777809;1.10622254894231;-0.0226885059731137;-0.845704648389883
34230;4599014.16700421;-2295432.6996925;-4370879.54481559;5533.62546665344;2374.43259458832;4987.66789112516;6990867.90305404;0.0487835577837509;-0.000849142284477712;1.10624194877262;-0.0227121331957379;-0.809604429872533
34260;4762306.17152056;-2222873.75125798;-4218720.04216779;5351.33602431557;2462.41404471149;5155.41231023971;6991447.07042248;0.0488333811911211;-0.00215275805127095;1.10626148441959;-0.0227343260211906;-0.77350431926239
34290;4920024.9309247;-2147713.51760858;-4061609.29671866;5162.10768436661;2547.82967707808;5317.70820223512;6992031.08384129;0.0488885131757392;-0.00336009929456548;1.10628105943805;-0.0227550665019525;-0.737419813278713
34320;5071965.21759356;-2070030.93588481;-3899714.56737806;4966.13868911297;2630.54904612761;5474.30292347991;6992616.8311644;0.048948385902527;-0.00445935780646561;1.10630057579471;-0.0227743445786323;-0.701365380432992
34350;5217927.95658884;-1989908.81928963;-3733210.6082071;4763.64095393639;2710.44425190107;5624.94955772001;6993201.12514179;0.0490123676092742;-0.00544005092023954;1.10631993442745;-0.0227921582911528;-0.665354293319483
34380;5357720.63366943;-1907433.77542413;-3562279.4860542;4554.83991314351;2787.39029365356;5769.40761957712;6993780.7239185;0.0490797697931805;-0.00629316683419029;1.10633903582725;-0.0228085139383443;-0.629398480308447
34410;5491157.69787764;-1822696.11397605;-3387110.37704492;4339.9743121439;2861.26542575596;5907.44376019622;6994352.35275481;0.0491498552970635;-0.00701128778608159;1.10635778063846;-0.0228234261828341;-0.59350839899891
34440;5618060.95706984;-1735789.74371988;-3207899.34191683;4119.29594471761;2931.95151404044;6038.83247127492;6994912.72679281;0.0492218471744085;-0.00758868928614579;1.1063760702731;-0.0228369180985591;-0.557692933223501
34470;5738259.96473007;-1646812.058844;-3024849.08030706;3893.06933449971;2999.33439064797;6163.35678353017;6995458.57467188;0.049294938199183;-0.00802141419997509;1.10639380753428;-0.0228490211587116;-0.521959314816797
34500;5851592.39638493;-1555863.8146802;-2838168.6642201;3661.57136020539;3063.30420535482;6280.80895551245;6995986.66277532;0.0493683008762788;-0.00830732104812217;1.10641089724381;-0.0228597751624708;-0.486313070785332
34530;5957904.41393019;-1463048.99297214;-2648073.25102844;3425.09082454191;3123.75577129024;6390.99114856735;6996493.8198718;0.0494410978016792;-0.00844610643532425;1.10642724686848;-0.022869228099444;-0.450757995973554
34560;6057051.01618426;-1368474.65688309;-2454783.77648548;3183.92796719775;3180.58890291259;6493.71608367402;6996976.9618999;0.049512492217874;-0.00843930202084473;1.1064427671399;-0.022877435951362;-0.415296150823781
34590;6148896.37400266;-1272250.79600746;-2258526.62835885;2938.39392276081;3233.70874408592;6588.80767586077;6997433.11663184;0.0495816586095126;-0.00829024687853372;1.10645737266196;-0.022884462431213;-0.379927883393345
34620;6233314.14831985;-1174490.16171551;-2059533.30142122;2688.8101248901;3283.02608409652;6676.10164191509;6997859.44794406;0.049647793186522;-0.00800403646266285;1.10647098250074;-0.0228903786606622;-0.344651874426978
34650;6310187.78953204;-1075308.09322537;-1858040.03466327;2435.5076585438;3328.45765946938;6755.44607716787;6998253.27941762;0.049710124106648;-0.00758744968864163;1.10648352075094;-0.0228952627872777;-0.309465203991652
34680;6379410.81669548;-974822.334859678;-1654287.4317185;2178.82656254352;3369.92643948871;6826.70199724321;6998612.11699144;0.0497679212962213;-0.00704885585720955;1.10649491707366;-0.0228991995437548;-0.274363437963799
34710;6440887.0750906;-873152.845006637;-1448520.0656108;1919.11508522438;3407.36189339532;6889.74384082439;6998933.67039558;0.0498205057366015;-0.00639810330055986;1.10650510720021;-0.0229022797519983;-0.239340732511043
34740;6494530.97079142;-770421.597364226;-1240986.06905069;1656.72889637518;3440.7002373266;6944.45992969473;6999215.87310057;0.0498672580938495;-0.00564639171656075;1.1065140333968;-0.0229045997755607;-0.204389954624877
34770;6540267.68098248;-666752.375102989;-1031936.71161531;1392.0302591067;3469.8846591815;6990.75288256637;6999456.9005324;0.0499076265804088;-0.0048061301919652;1.10652164488567;-0.0229062609245538;-0.169502816727834
34800;6578033.33888074;-562270.558635161;-821625.965246891;1125.38716569116;3494.86551973243;7028.53997950946;6999655.18632053;0.0499411339496726;-0.00389078290852611;1.10652789821815;-0.0229073688177201;-0.134670023387361
34830;6607775.1922471;-457102.907725914;-610310.059595406;857.172441786488;3515.6005284672;7057.75347413516;6999809.43636827;0.0499673835370256;-0.00291470448853138;1.10653275759587;-0.0229080327068765;-0.0998814282075836
34860;6629451.73460919;-351377.338725335;-398247.028810782;587.762823788765;3532.05489282513;7078.34085106533;6999918.64056112;0.0499860642740899;-0.00189296687994001;1.10653619513687;-0.0229083647694078;-0.0651261990277865
34890;6643032.80846426;-245222.697736884;-185696.251457935;317.53801433955;3544.20143969006;7090.26502663365;6999982.08195787;0.0499969546163227;-0.000841179616829028;1.10653819108363;-0.0229084793748862;-0.0303929896220666
34920;6648499.67988514;-138768.530569031;27082.0147169449;46.8797212472499;3552.02070821681;7093.50449120424;6999999.34334169;0.0499999253376924;0.000224694772267456;1.10653873395098;-0.0229084923322173;0.00432988384133004
34950;6645845.08411272;-32144.8503411041;239827.10139895;-223.829314741062;3555.50101329406;7088.05339195621;6999970.31104331;0.0499949411598413;0.00128852848934088;1.10653782061224;-0.0229085201239619;0.0390542632679959
34980;6635073.24188381;74518.0963682314;452278.399898521;-494.206297761732;3554.6384791818;7073.92155546222;6999895.17598458;0.0499820611968536;0.0023342176447175;1.10653545632274;-0.0229086791346427;0.0737919676809279
35010;6616199.84641052;181090.063931169;664175.831116872;-763.869354635839;3549.43704310347;7051.13444987702;6999774.43192856;0.0499614382104906;0.00334587122594324;1.10653165468034;-0.0229090848799239;0.108554612468968
35040;6589252.02109612;287441.041738051;875260.313474453;-1032.43850703718;3539.90842881704;7019.73308704358;6999608.87095943;0.0499333166844914;0.00430799819322105;1.1065264375236;-0.02290985124354;0.143353430472217
35070;6554268.24823991;393441.487024508;1085274.22701068;-1299.53663247763;3526.07209043267;6979.77386531058;6999399.5762534;0.0498980297402769;0.00520569101290301;1.10651983476838;-0.0229110897287505;0.178199096560772
35100;6511298.26914822;498962.55557289;1293961.87189415;-1564.79040868375;3507.95512698439;6931.32835433113;6999147.91223736;0.049855994930101;0.00602480389781265;1.10651188418488;-0.0229129087309151;0.213101557406382
35130;6460402.95622917;603876.329421095;1501069.91962759;-1827.83123611976;3485.59216849466;6874.48302357021;6998855.51226661;0.0498077089573529;0.00675212396634874;1.10650263111731;-0.0229154128375141;0.248069868204185
35160;6401654.15780242;708056.040737487;1706347.85529015;-2088.29613364742;3459.02523449237;6809.33891668268;6998524.26398432;0.0497537413872654;0.00737553346797456;1.10649212814914;-0.0229187021615985;0.283112038167037
35190;6335134.51650156;811376.291052494;1909548.40923067;-2345.82860260012;3428.30356615245;6736.01127432796;6998156.29255446;0.0496947274246447;0.00788416115931625;1.10648043471751;-0.0229228717142331;0.318234886679488
35220;6260937.26228333;913713.265075506;2110427.9767083;-2600.07945488018;3393.48343341676;6654.62910835761;6997753.94198445;0.0496313598482855;0.00826852086244943;1.10646761668059;-0.0229280108210197;0.353443912052526
35250;6179165.98118441;1014944.93836907;2308747.02406968;-2850.70760106089;3354.62791862924;6565.33473064291;6997319.75477522;0.0495643802043147;0.00852063520611585;1.10645374584252;-0.0229342025872466;0.388743174852608
35280;6089934.36108065;1114951.27820074;2504270.48015473;-3097.38079488127;3311.80667837079;6468.28324009774;6996856.45015302;0.0494945693726136;0.00863414255308552;1.10643889944049;-0.0229415234156285;0.424135197777766
35310;5993365.91580592;1213614.43694557;2696768.11173331;-3339.77633095529;3265.09568531024;6363.64197169502;6996366.90114944;0.0494227376314357;0.00860438516396422;1.10642315959917;-0.0229500425799763;0.459620884008398
35340;5889593.68907606;1310818.93746826;2886014.88189189;-3577.58169297231;3214.57695199555;6251.58991147091;6995854.11080409;0.0493497143551105;0.00842847675037143;1.10640661275779;-0.0229598218574899;0.495199455859721
35370;5778759.93973825;1406451.84997319;3071791.2904119;-3810.49515013415;3160.33823859318;6132.31708165807;6995321.18776734;0.0492763374879449;0.00810534773720601;1.10638934907521;-0.0229709152216955;0.530868415398198
35400;5661015.80992655;1500402.95987168;3253883.69530686;-4038.22630005013;3102.47274664412;6006.02390018838;6994771.32157925;0.0492034429437866;0.00763576679164267;1.10637146181879;-0.0229833685973784;0.566623528448511
35430;5536520.97775053;1592564.92627836;3432084.61481379;-4260.49655678749;3041.07880094085;5872.92051885688;6994207.75789553;0.0491318540848426;0.00702233748845949;1.10635304674236;-0.0229972196781893;0.602458833107969
35460;5405443.29617612;1682833.43081228;3606193.00926317;-4477.03958324521;2976.25952164326;5733.22614444305;6993633.7739214;0.0490623714349129;0.00626946936690184;1.10633420145904;-0.0230124978069452;0.638366673501886
35490;5267958.4197756;1771107.31644137;3776014.54238022;-4687.60166747746;2908.12248874185;5587.16834704651;6993052.65430176;0.0489957627809212;0.00538332308811001;1.1063150248142;-0.0230292239180074;0.674337759061965
35520;5124249.42102829;1857288.71617205;3941361.82169676;-4891.94204303414;2836.7794009467;5434.98235981293;6992467.66769935;0.0489327538122596;0.00437172991412175;1.10629561626382;-0.0230474105405146;0.710361249100024
35550;4974506.39784524;1941283.17144737;4102054.61787665;-5089.83315380482;2762.34573103087;5276.91037410668;6991882.04427404;0.0488740194398637;0.0032440862850622;1.10627607526331;-0.0230670618606814;0.74642486189604
35580;4818926.07397053;2022999.74017684;4257920.06287706;-5281.06086424506;2684.9403795892;5113.20083403299;6991298.95425479;0.0488201759260629;0.00201122485074192;1.10625650067137;-0.023088173840843;0.782515006942093
35610;4657711.39387993;2102351.09437889;4408792.82698239;-5465.42461622676;2604.6853290904;4944.10773402785;6990721.48777344;0.0487717739421939;0.000685263894424199;1.1062369901735;-0.0231107343924612;0.818616938404397
35640;4491071.1137554;2179253.6074716;4554515.27485602;-5642.73753408405;2521.7053000026;4769.88992302314;6990152.63610511;0.0487292926539337;-0.000720562355366934;1.10621763972887;-0.0231347235998763;0.854714927309527
35670;4319219.39006236;2253627.43129946;4694937.60085696;-5812.82647972187;2436.12741066415;4590.81041846181;6989595.27443524;0.0486931349146757;-0.00219208952008287;1.10619854304452;-0.0231601139912325;0.890792449453877
35700;4142375.36719643;2325396.56303183;4829917.9439627;-5975.53205991328;2348.08084245233;4407.13573318758;6989052.14624854;0.0486636236255212;-0.0037144215332216;1.10617979107983;-0.023186870852699;0.92683238560192
35730;3960762.76559928;2394488.90211411;4959322.48272687;-6130.70858813402;2257.69651167723;4219.13521797023;6988525.84941005;0.0486409992972067;-0.00527213798996961;1.10616147158414;-0.0232149525818644;0.962817230201504
35760;3774609.47166998;2460836.29749285;5083025.5107785;-6278.22400346828;2165.10674949654;4027.08042215501;6988018.82398455;0.048625418825217;-0.00684950638014455;1.10614366866983;-0.0232443110759987;0.998729304621012
35790;3584147.13071968;2524374.58537335;5200909.49344075;-6417.95974926875;2070.44499101249;3831.24447464716;6987533.34181739;0.0486169554652183;-0.00843069510133494;1.10612646242272;-0.0232748921507546;1.03455097081581
35820;3389610.74413536;2585043.61780086;5312865.10610862;-6549.81061436766;1973.84547457628;3631.90148716398;6987071.49787797;0.0486155999725455;-0.00999998318254488;1.1061099285513;-0.0233066359848129;1.0702648413661
35850;3191238.27183305;2642787.28238533;5418791.25507925;-6673.6845397152;1875.44295218953;3429.32598141006;6986635.20334665;0.0486212628475318;-0.0115419628124016;1.10609413807556;-0.023339477585963;1.10585398199333
35880;2989270.24099403;2697553.51351431;5518595.08157406;-6789.50239336959;1775.37241175878;3223.79234156033;6986226.18040759;0.0486337776086734;-0.0130417310520787;1.10607915705637;-0.0233733472741536;1.14130210294916
35910;2783949.36198923;2749294.29541915;5612191.94972926;-6897.19771678063;1673.76881182826;3015.57429317202;6985845.95869333;0.0486529049985502;-0.0144850675065272;1.10606504636516;-0.0234081711771319;1.17659373606558
35940;2575520.15230909;2797965.65747691;5699505.41936133;-6996.7164452987;1570.76682929056;2804.94440939412;6985495.87331212;0.0486783380135137;-0.0158585952086548;1.10605186149407;-0.0234438717344205;1.21171439473633
35970;2364228.56922841;2843527.66214296;5780467.20433642;-7088.01660580674;1466.50062045435;2592.1736451022;6985177.06437702;0.0487097076377263;-0.0171499225158757;1.10603965240579;-0.0234803682055518;1.24665071464526
36000;2150321.65184987;2885944.38591962;5855017.11738788;-7171.06799431512;1361.10359573427;2377.53089935996;6984890.47794476;0.0487465891553125;-0.0183477644015129;1.10602846342227;-0.0235175771786801;1.28139057364057
36030;1934047.17308561;2925183.89377175;5923103.00223528;-7245.85183628305;1254.70820812171;2161.28260639774;6984636.86826462;0.0487885089111592;-0.0194420421186177;1.10601833315123;-0.0235554130759198;1.31592318974957
36060;1715653.3020547;2961218.20740416;5984680.65386062;-7312.36043233629;1147.44575549556;1943.69235510282;6984416.80123079;0.048834951391111;-0.020423960796411;1.1060092944489;-0.0235937886520156;1.35023919691104
36090;1495388.27729605;2994023.2678156;6039713.72779485;-7370.59679194304;1039.44619674111;1725.02053683802;6984230.65892755;0.0488853664956632;-0.0212860650775589;1.10600137441752;-0.0236326154832172;1.38433069855069
36120;1273500.09112091;3023578.89254211;6088173.63925979;-7420.57425749056;930.837981562262;1505.52402124339;6984078.64515376;0.0489391768873714;-0.0220222733999663;1.1059945944356;-0.0236718044435204;1.41819129962032
36150;1050236.18535802;3049868.72799788;6130039.45299786;-7462.31612107603;821.747893797234;1285.4558595313;6983960.79181237;0.0489957853006151;-0.0226278919555061;1.10598897021907;-0.0237112661657228;1.45181611815016
36180;825843.158676906;3072880.19731493;6165297.76460549;-7495.85523618952;712.300907981417;1065.0650146577;6983876.96605109;0.0490545817125758;-0.0230996097116317;1.10598451191121;-0.0237509114850486;1.48520177771684
36210;600566.485611662;3092604.44407457;6193942.57416583;-7521.23362632645;602.620058842547;844.596117640355;6983826.8780422;0.049114950285806;-0.0234354761548896;1.10598122419906;-0.0237906518633853;1.51834638250245
36240;374650.247348547;3109036.27231323;6215975.15295304;-7538.50209242343;492.826323362353;624.289249199903;6983810.08929265;0.0491762760050809;-0.0236348636087543;1.10597910645412;-0.0238303997924762;1.55124947681298
36270;148336.874286132;3122174.08317343;6231403.90395438;-7547.7198208667;383.038514995645;404.379745818635;6983826.02137967;0.0492379509438724;-0.0236984160945906;1.10597815289509;-0.0238700691746954;1.5839119910403
36300;-78133.0996736473;3132019.80855833;6240244.21692829;-7548.9539936784;273.373189601449;185.098029245665;6983873.96501194;0.0492993801083626;-0.0236279867505325;1.10597835277019;-0.0239095756803114;1.61633617609751
36330;-304521.271191163;3138578.84213384;6242518.31868658;-7542.27940234351;163.944562611274;-33.330541575634;6983953.08932216;0.0493599868190665;-0.0234265658075954;1.1059796905569;-0.0239488370804115;1.64852552834116
36360;-530591.590040889;3141859.96800823;6238255.11925752;-7527.77806660078;54.8644369361662;-250.685797222751;6984062.45130284;0.0494192176015768;-0.0230982010542468;1.1059821461768;-0.0239877735549084;1.68048470692519
36390;-756110.570316402;3141875.28740353;6227490.05455409;-7505.53885938567;-53.757858903372;-466.752864245638;6984201.005304;0.0494765465684765;-0.0226479126111595;1.10598569522328;-0.0240263079752878;1.71221944542152
36420;-980847.490489329;3138640.14361766;6210264.92613894;-7475.65713898253;-161.815522952906;-681.322252467512;6984367.61251794;0.0495314792839218;-0.022081603696977;1.10599030920009;-0.0240643661619746;1.74373645940021
36450;-1204574.58255279;3132173.04555996;6186627.73864334;-7438.23438931803;-269.204322840913;-894.189924256986;6984561.05038361;0.0495835561107053;-0.0214059689033623;1.10599595576857;-0.0241018771163942;1.77504335149919
36480;-1427067.21050609;3122495.59012682;6156632.53536452;-7393.37786920852;-375.822630176099;-1105.15734689467;6984780.02184972;0.049632355046725;-0.0206284013224576;1.10600259900159;-0.0241387732279877;1.80614851533755
36510;-1648104.03845999;3109632.38366809;6120339.23253153;-7341.20027126098;-481.571446863782;-1314.03152915097;6985023.16444333;0.0496774940637192;-0.0197568996898729;1.10601019964255;-0.0241749904566065;1.8370610394456
36540;-1867467.18866135;3093610.96277833;6077813.45269684;-7281.81939102072;-586.354423876003;-1520.62504317894;6985289.05909667;0.0497186329659262;-0.0187999765281795;1.10601871536743;-0.0242104684908506;1.8677906122062
36570;-2084942.38975225;3074461.71463171;6029126.35767777;-7215.35780685934;-690.077873003125;-1724.75603280739;6985576.23869245;0.0497554747900642;-0.0177665681045851;1.10602810104852;-0.0242451508830454;1.89834742862962
36600;-2300319.11559192;3052217.79706307;5974354.48143987;-7141.94257100335;-792.650772105234;-1926.24820929614;6985883.19629349;0.0497877667707889;-0.0166659468562118;1.10603830901815;-0.0242789851616581;1.92874209962337
36630;-2513390.71498065;3026915.05858256;5913579.56328275;-7061.70491201769;-893.984764370069;-2124.93083558785;6986208.39302929;0.0498153008976833;-0.015507636790301;1.10604928933124;-0.0243119229220459;1.95898556427169
36660;-2723954.53263311;2998591.95849635;5846888.38165823;-6974.7799489786;-993.994152070755;-2320.63870006019;6986550.26561714;0.0498379140909682;-0.0143013322360781;1.10606099002523;-0.0243439198965001;1.98908900550775
36690;-2931812.02175426;2967289.48729101;5774372.58892137;-6881.30641749745;-1092.59588530174;-2513.2120807484;6986907.23350134;0.0498554880236143;-0.0130568202114834;1.10607335737647;-0.0243749360046113;2.019063769448
36720;-3136768.84857502;2933051.08742545;5696128.54728596;-6781.42640768974;-1189.70954615518;-2702.49670097295;6987277.70559854;0.0498679486174838;-0.0117839065713835;1.10608633615189;-0.024404935385023;2.04892128856026
36750;-3338634.98920667;2895922.57466027;5612257.16622885;-6675.2851141233;-1285.25732878311;-2888.34367726966;6987660.0866421;0.0498752652406482;-0.0104923460242309;1.10609986985527;-0.0244338864096692;2.07867300875734
36780;-3537224.81917319;2855952.06004164;5522863.74156109;-6563.03059772389;-1379.16401577277;-3070.60946048156;6988052.78312203;0.0498774496322078;-0.00919177604068612;1.10611390096717;-0.0244617616816118;2.10833032044355
36810;-3732357.19597929;2813189.87264409;5428057.7963585;-6444.81355956744;-1471.3569512447;-3249.15577083256;6988454.20882139;0.0498745545798541;-0.00789165462885954;1.10612837117795;-0.0244885380175971;2.13790449349243
36840;-3923855.53506908;2767688.4831646;5327952.92392063;-6320.78712644323;-1561.7660110643;-3423.84952776401;6988862.78995266;0.0498666723741835;-0.00660120191663417;1.10614322161339;-0.0245141964164475;2.16740661609886
36870;-4111547.87952641;2719502.42844894;5222666.63290371;-6191.10664803303;-1650.32357053935;-3594.56277527573;6989276.96990101;0.0498539330624043;-0.00532934545875305;1.10615839305233;-0.0245387220143897;2.19684753742566
36900;-4295266.96386237;2668688.23702037;5112320.19475205;-6055.92950551595;-1736.96446995736;-3761.17260347435;6989695.21358361;0.0498365025226923;-0.00408466917546619;1.10617382613607;-0.024562104028401;2.2262378139535
36930;-4474850.27222965;2615304.35567041;4997038.49353155;-5915.41493137805;-1821.62597829812;-3923.56106699318;6990116.01143648;0.0498145803790508;-0.00287536582724888;1.10618946156925;-0.0245843356886247;2.25558765943983
36960;-4650140.09139618;2559411.07716162;4876949.87824959;-5769.7238401787;-1904.24775543907;-4081.61510091022;6990537.88304208;0.0497883977751912;-0.00170919293652182;1.10620524031198;-0.0246054141608718;2.284906898399
36990;-4820983.55880278;2501070.46908299;4752186.01772755;-5619.0186700024;-1984.77181315302;-4235.22643475418;6990959.38041254;0.0497582150246839;-0.000593432079693722;1.10622110376313;-0.0246253404601871;2.31420492302719
37020;-4987232.70602098;2440346.3038901;4622881.75807483;-5463.46323430481;-2063.14247518072;-4384.29150515243;6991379.09094433;0.0497243191534709;0.00046514850932807;1.10623699393468;-0.0246441193564131;2.34349065351382
37050;-5148744.49791829;2377303.99015348;4489174.98279727;-5303.22258384448;-2139.30633664401;-4528.71136764038;6991795.64006158;0.0496870213498103;0.00146032806159814;1.10625285361724;-0.0246617592726377;2.37277250170153
37080;-5305380.86782876;2312010.50503145;4351206.47555778;-5138.46287837779;-2213.21222304881;-4668.39160811831;6992207.69356547;0.0496466543358243;0.0023864641350527;1.10626862653666;-0.0246782721773646;2.40205833808102
37110;-5457008.74901662;2244534.32797602;4209119.78559279;-4969.35126778255;-2284.81114911174;-4803.24225440942;6992613.95970801;0.0496035696740939;0.00323852020413477;1.10628425750194;-0.02469367347119;2.43135546213154
37140;-5603500.10271073;2174945.37567389;4063061.09577515;-4796.05578226624;-2354.05627762921;-4933.17768834251;6993013.19100854;0.0495581350221519;0.00401208994022681;1.10629969254451;-0.0247079818687209;2.460670576043
37170;-5744731.94297726;2103314.93821823;3913179.09330171;-4618.74523130739;-2420.90287859305;-5058.11655875271;6993404.18583147;0.0495107313472968;0.00470341812162949;1.10631487904914;-0.0247212192764135;2.49000976187955
37200;-5880586.35868705;2029715.61650079;3759624.84297252;-4437.58911097247;-2485.30828874333;-5177.98169576621;6993785.78974367;0.0494617501138533;0.00530941808984042;1.10632976587658;-0.0247334106669589;2.51937846226639
37230;-6010950.53282365;1954221.2608087;3602551.66301794;-4252.75751924691;-2547.23187173564;-5292.70002670786;6994156.89666985;0.0494115904548567;0.00582768564978598;1.10634430347829;-0.0247445839507911;2.54878146470034
37260;-6135716.75936693;1876906.910605;3442115.0034202;-4064.42107901549;-2606.63497908779;-5402.20249394533;6994516.44986369;0.0493606563401025;0.00625650929644381;1.10635844400335;-0.0247547698452386;2.57822288959985
37290;-6254782.45797625;1797848.73546703;3278472.32666701;-3872.7508683261;-2663.48091205873;-5506.42397495962;6994863.44271219;0.0493093537525724;0.00659487664012359;1.10637214139803;-0.0247640017417905;2.60770618221993
37320;-6368050.18668626;1717123.97715279;3111782.99086625;-3677.91835756994;-2717.73488460164;-5605.30320490882;6995196.91939026;0.0492580878854054;0.00684247689764687;1.10638535149807;-0.0247723155718991;2.63723410856265
37350;-6475427.6528172;1634810.89276093;2942208.13514319;-3480.09535321162;-2769.36398752203;-5698.78270193079;6995515.97538176;0.0492072603717971;0.00699969931790709;1.10639803211409;-0.0247797496716936;2.66680875541207
37380;-6576827.72229083;1550988.69894633;2769910.56723487;-3279.45394770364;-2818.33715396207;-5786.80869541003;6995819.75788257;0.0491572665604669;0.00706762741793468;1.10641014311041;-0.0247863446459321;2.6964315346151
37410;-6672168.42753199;1465737.51714993;2595054.65318923;-3076.16647522102;-2864.62512632259;-5869.33105741519;6996107.46610078;0.0491084928495992;0.00704802891989847;1.10642164647753;-0.0247921432314757;2.72610319171515
37440;-6761372.97412499;1379138.31979797;2417806.20907128;-2870.4054728544;-2908.20042472529;-5946.30323749547;6996378.35146785;0.0490613140924152;0.00694334130081711;1.10643250639851;-0.0247971901605292;2.75582381902386
37470;-6844369.74638313;1291272.87742316;2238332.39457283;-2662.34364690174;-2949.03731710933;-6017.68220100755;6996631.71777433;0.0490160910877375;0.00675665289466125;1.10644268930968;-0.0248015320238491;2.78559287318862
37500;-6921092.31197902;1202223.70665728;2056801.60841744;-2452.1538439021;-2987.1117910485;-6083.42837112864;6996866.92124237;0.0489731681690528;0.00649167952099606;1.10645216395577;-0.0248052171340874;2.81540919727857
37530;-6991479.42577264;1112074.01904248;1873383.38544793;-2240.00902605732;-3022.40152736773;-6143.50557469651;6997083.37054689;0.0489328709056214;0.00615273665455612;1.1064609014398;-0.0248082953894016;2.84527104737177
37560;-7055475.0329634;1020907.67060618;1688248.29527971;-2026.08225069071;-3054.88587563039;-6197.88099200305;6997280.52679595;0.0488955039291077;0.00574470719571034;1.10646887526804;-0.024810818137432;2.87517612358048
37590;-7113028.27168227;928809.112142525;1501567.84239956;-1810.54665339486;-3084.54583156173;-6246.52511065493;6997457.90348038;0.0488613488989926;0.00527300495146904;1.10647606139014;-0.0248128380397161;2.9051216054018
37620;-7164093.47512923;835863.340141283;1313514.36758623;-1593.57543452337;-3111.36401646688;-6289.41168360242;6997615.06640161;0.0488306626196703;0.00474353398941269;1.10648243823474;-0.0248144089365831;2.93510419122804
37650;-7208630.17335151;742155.848303648;1124260.95052666;-1375.34184868456;-3135.32465869645;-6326.51769142539;6997751.63358576;0.0488036753215894;0.00416264408161007;1.10648798674073;-0.0248155857125492;2.96512014179661
37680;-7246603.09474726;647772.579582768;933981.313498637;-1156.0191968976;-3156.41357720686;-6357.82330895479;6997867.2751914;0.0487805891180928;0.00353708251046557;1.10649269038433;-0.0248164241622094;2.9951653273042
37710;-7277982.16736977;552799.878685501;742849.725989027;-935.780821074038;-3174.61816725727;-6383.3118762968;6997961.71341722;0.0487615766487337;0.0028739425622792;1.10649653520217;-0.0248169808566051;3.02523527785621
37740;-7302742.52009674;457324.444970758;551040.910114437;-714.800100490245;-3189.92738827986;-6402.96987431716;6998034.7224151;0.0487467799187741;0.00218060908545939;1.10649950981054;-0.0248173130100278;3.05532523687115
37770;-7320864.48371943;361433.28567872;358729.946709883;-493.250449917791;-3202.33175395554;-6416.78690463312;6998086.1282133;0.0487363093433678;0.00146470153728267;1.10650160542079;-0.0248174783472063;3.08543021701285
37800;-7332333.59199651;265213.669424375;166092.181949574;-271.305319080842;-3211.82332452204;-6424.75567415144;6998115.80865343;0.048730243003545;0.000734014984494333;1.10650281585124;-0.0248175349708117;3.11554505818176
37830;-7337140.58270736;168753.079888014;-26696.8656369992;-49.1381931107802;-3218.3957013374;-6426.87198418146;6998123.69334411;0.0487286261196318;-3.54044247967221e-06;1.10650313753536;-0.0248175412292072;-3.13752082011724
37860;-7335281.39872986;72139.1696347788;-219461.597891267;173.07740633074;-3222.04402371684;-6423.13472414375;6998109.76363339;0.0487314707461262;-0.000740001115390121;1.10650256952651;-0.0248175555843597;-3.10740212948281
37890;-7326757.18915783;-24540.2860051933;-412026.429632131;395.167919588442;-3222.76496805722;-6413.54586988597;6998074.05260103;0.0487387556903818;-0.0014674119500808;1.10650111349923;-0.0248176364798283;-3.07728949464198
37920;-7311574.31046333;-121197.435064787;-604215.881281143;616.959747537751;-3220.5567492586;-6398.11048660903;6998016.64507101;0.0487504266557274;-0.00217788837210818;1.10649877374697;-0.0248178422087421;-3.04718816375589
37950;-7289744.32769936;-217744.39514511;-795854.671644577;838.279250424875;-3215.4191244484;-6376.83673639817;6997937.6776437;0.0487663966079128;-0.0028636776550655;1.10649555717637;-0.0248182307816783;-3.01710325525455
37980;-7261284.01572848;-314093.299766975;-986767.810990331;1058.9527473513;-3207.35339900935;-6349.73589034475;6997837.33874628;0.0487865463620685;-0.00351721909154281;1.10649147329802;-0.0248188597943575;-2.98703969866662
38010;-7226215.3604531;-410156.344937745;-1176780.69455707;1278.80651673225;-3196.36243490801;-6316.82234523613;6997715.86869913;0.048810725385695;-0.00413120247690008;1.10648653421361;-0.024819786295075;-2.95700217714683
38040;-7184565.56001336;-505845.83600245;-1365719.19663223;1497.66679805996;-3182.45066131644;-6278.11364478189;6997573.55979517;0.0488387528116339;-0.00469862441481824;1.1064807545994;-0.024821066651797;-2.92699507219561
38070;-7136367.02590824;-601074.234847813;-1553409.76533428;1715.35979530422;-3165.62408751492;-6233.63050533559;6997410.75638796;0.0488704186535025;-0.00521284199013108;1.10647415168594;-0.0248227564188595;-2.89702241102857
38100;-7081657.38398606;-695754.207527366;-1739679.51823358;1931.71168228475;-3145.89031805907;-6183.39684606186;6997227.85498392;0.0489054852147449;-0.00566762339748189;1.10646674523388;-0.0248249102032206;-2.86708781701079
38130;-7020479.47523994;-789798.672375286;-1924356.33894403;2146.54861035206;-3123.25857018997;-6127.43982348877;6997025.3043328;0.0489436886812745;-0.0060571951626467;1.10645855750571;-0.0248275815302303;-2.8371944635222
38160;-6952881.35633397;-883120.848675852;-2107268.97481638;2359.69671871614;-3097.73969346062;-6065.78987037524;6996803.60550981;0.0489847408866789;-0.00637628564535661;1.1064496132333;-0.024830822708904;-2.80734503156861
38190;-6878916.29977559;-975634.305954553;-2288247.13586116;2570.9821477652;-3069.34619154719;-5998.48073881231;6996563.31198198;0.0490283312381106;-0.00662016456680367;1.10643993958106;-0.0248346846966994;-2.77754167139843
38220;-6798642.79363919;-1067253.01395585;-2467121.59502704;2780.23105571959;-3038.09224620743;-5925.54954746605;6996305.02965034;0.049074128790343;-0.00678467835993545;1.10642956610445;-0.0248392169638247;-2.74778596833011
38250;-6712124.5407357;-1157891.39337134;-2643724.28995736;2987.26963896916;-3003.99374334336;-5847.03683285764;6996029.4168586;0.049121784454971;-0.00686628119493764;1.10641852470371;-0.0248444673571269;-2.71807891294113
38280;-6619430.45711252;-1247464.36738081;-2817888.42634415;3191.92415644594;-2967.06830111858;-5762.98660456368;6995737.1843584;0.0491709333314207;-0.00686206158434314;1.10640684957247;-0.0248504819636412;-2.68842087571727
38310;-6520634.66975714;-1335887.41406688;-2989448.58299532;3394.02095838685;-2927.33530007432;-5673.44640420623;6995429.09521995;0.0492211971462623;-0.00676976452085783;1.10639457714115;-0.0248573049739066;-2.65881158621195
38340;-6415816.51336771;-1423076.61976235;-3158240.81872663;3593.3865198449;-2884.8159151812;-5578.46736808783;6995105.96467614;0.0492721867872772;-0.00658780914514937;1.10638174601467;-0.0248649785451916;-2.62925011672163
38370;-6305060.52604248;-1508948.73338729;-3324102.78118545;3789.84747931044;-2839.53314975624;-5478.10429331173;6994768.65988777;0.0493235049188045;-0.00631530197961874;1.10636839690437;-0.0248735426648044;-2.59973487044398
38400;-6188456.44372931;-1593421.22183061;-3486873.81770811;3983.23068280672;-2791.51187116669;-5372.41570721104;6994418.09961586;0.0493747486650601;-0.00595204579682731;1.10635457255386;-0.0248830350137023;-2.57026357405308
38430;-6066099.19326577;-1676412.3264285;-3646395.08830751;4173.36323382747;-2740.77884823388;-5261.46393989391;6994055.25378711;0.0494255123483316;-0.00549854421740996;1.10634031765838;-0.0248934908306537;-2.54083327459959
38460;-5938088.88382875;-1757841.12058926;-3802509.6808811;4360.07254948581;-2687.36279024125;-5145.31519969317;6993681.14293722;0.0494753902692227;-0.00495600215172476;1.10632567877746;-0.0249049427772491;-2.5114403406242
38490;-5804530.79660178;-1837627.56861122;-3955062.72872308;4543.18642324633;-2631.29438744109;-5024.03965128964;6993296.83751632;0.0495239795163792;-0.00432632221181693;1.10631070424073;-0.0249174208041005;-2.48208046736046
38520;-5665535.37245711;-1915692.5857368;-4103901.53041732;4722.53309461306;-2572.60635294458;-4897.71149625797;6992903.45703994;0.0495708827933781;-0.00361209722636661;1.1062954440463;-0.0249309520186175;-2.45274868589646
38550;-5521218.19743796;-1991958.09948251;-4248875.67217961;4897.94132614695;-2511.33346586864;-4766.40905576184;6992502.16906865;0.0496157112506643;-0.0028165989904866;1.10627994975173;-0.0249455605547934;-2.4234393761661
38580;-5371699.98581581;-2066347.11228052;-4389837.15270927;5069.24048818568;-2447.51261560177;-4630.21485510241;6992094.18799855;0.0496580873105541;-0.00194376337592147;1.10626427435714;-0.0249612674454878;-2.39414628364614
38610;-5217106.56048579;-2138783.76546307;-4526640.51060111;5236.26065163784;-2381.1828470391;-4489.21570979962;6991680.77364483;0.0496976474733663;-0.000998171915461;1.1062484721803;-0.0249780904977407;-2.36486253964733
38640;-5057568.83045256;-2209193.40461652;-4659142.9543585;5398.83268922036;-2312.38540662373;-4343.50281286019;6991263.22959996;0.0497340450926803;1.49700409262131e-05;1.10623259872347;-0.0249960441717079;-2.33558068510376
38670;-4893222.76514785;-2277502.64632653;-4787204.49503764;5556.78838550448;-2241.16378901816;-4193.17182285914;6990842.9013481;0.0497669531075282;0.00108985852078058;1.10621671053172;-0.0250151394638563;-2.30629269778448
38700;-4724209.36531;-2343639.44633039;-4910688.08154152;5709.96055612983;-2167.56378421529;-4038.32295243314;6990421.17411731;0.0497960667189966;0.00222011941982457;1.10620086504268;-0.0250353837951175;-2.27699002287377
38730;-4550674.6301451;-2407533.16908687;-5029459.7385695;5858.18317653884;-2091.63352488334;-3879.06105675449;6989999.470451;0.0498211059982485;0.0033988402587006;1.10618512042744;-0.025056780904744;-2.24766360689112
38760;-4372769.52047902;-2469114.65876705;-5143388.70721501;6001.29152057426;-2013.42353372376;-3715.4957215231;6989579.24748083;0.0498418184123318;0.00461860520082881;1.10616953542268;-0.0250793307506693;-2.21830393494677
38790;-4190649.91759941;-2528316.31166321;-5252347.58818979;6139.12230927107;-1932.98677060414;-3547.74134998141;6989161.99388344;0.0498579812533793;0.00587153335174785;1.10615416915383;-0.0251030294172222;-2.18890107135341
38820;-4004476.57747707;-2585072.15000516;-5356212.48763715;6271.51387015965;-1850.37867921169;-3375.91724842381;6988749.22650429;0.0498694039558653;0.00714932038344569;1.10613908094935;-0.0251278690310961;-2.15944470363779
38850;-3814415.08004671;-2639317.89716554;-5454863.16548113;6398.30630738037;-1765.65723295461;-3200.14770963658;6988342.48663301;0.0498759302855243;0.00844328354790557;1.1061243301462;-0.0251538376865174;-2.12992419001597
38880;-3620635.77321867;-2690991.05422735;-5548183.1862402;6519.34168288958;-1678.88297982036;-3020.56209366899;6987943.33591574;0.0498774403823482;0.00974441016046185;1.10610997588664;-0.0251809193806028;-2.10032861041226
38910;-3423313.71128476;-2740030.97787768;-5636060.07221628;6634.46420901359;-1590.11908588105;-2837.29490529843;6987553.35189178;0.0498738526387889;0.0110434096445838;1.10609607690649;-0.0252090939599327;-2.07064682111238
38940;-3222628.5873744;-2786378.95958223;-5718385.45894961;6743.52045258041;-1499.43137711627;-2650.48586751522;6987174.12314369;0.0498651253929323;0.0123307692336677;1.10608269131535;-0.0252383370793995;-2.04086751314463
38970;-3018764.65961063;-2829978.30598491;-5795055.25280974;6846.35955082763;-1406.88837920403;-2460.27999031363;6986807.24405209;0.0498512584150126;0.0135968134211708;1.10606987636889;-0.0252686201744193;-2.01097927447877
39000;-2811910.67061008;-2870774.42046616;-5865969.79057035;6942.83343924994;-1312.56135491004;-2266.82763403681;6986454.30914942;0.0498322941642437;0.0148317672362324;1.1060576882339;-0.0252999104476122;-1.9809706561169
39030;-2602259.75996695;-2908714.88578198;-5931034.00079297;7032.79709150957;-1216.52433868499;-2070.28456648398;6986116.90706953;0.0498083187916166;0.016025823396294;1.10604618174654;-0.0253321708710687;-1.95083024212497
39060;-2390009.36935753;-2943749.54769395;-5990157.56681995;7116.1087714882;-1118.85416805881;-1870.81201294917;6985796.61409361;0.0497794628631051;0.0171692133500792;1.10603541016464;-0.0253653602053226;-1.92054672361465
39090;-2175361.13990077;-2975830.59948765;-6043255.09115181;7192.63029750867;-1019.63051140058;-1668.57669832163;6985494.98729676;0.0497459017767038;0.0182522821715232;1.10602542491458;-0.0253994330361397;-1.89010897663199
39120;-1958520.80140984;-3004912.66726372;-6090246.26095719;7262.22731869929;-918.935891591955;-1463.75088034051;6985213.55730357;0.0497078558459903;0.0192655671976254;1.10601627533391;-0.0254343398302125;-1.85950614384091
39150;-1739698.05317162;-3030952.89587198;-6131056.01443595;7324.76960341185;-816.855705142681;-1256.51237305912;6984953.82066592;0.0496655900225217;0.0201998802187242;1.10600800841058;-0.0254700270108175;-1.82872771980486
39180;-1519106.4358948;-3053911.03534451;-6165614.70772727;7380.13133953676;-713.478236256947;-1047.04455953953;6984717.23188107;0.0496194132294684;0.0210463929287064;1.10600066852004;-0.0255064370544443;-1.79776363956781
39210;-1296963.19447282;-3073749.52766868;-6193858.28202425;7428.19144648468;-608.894665341683;-835.5363927649;6984505.19507369;0.0495696772795398;0.0217967252241971;1.10599429716137;-0.0255435086093418;-1.76660437011697
39240;-1073489.13121606;-3090433.59372542;-6215728.43052631;7468.83389852334;-503.1990714305;-622.182383727561;6984319.05537105;0.0495167753515939;0.0224430358071183;1.10598893269392;-0.0255811766368524;-1.73524100417417
39270;-848908.449218641;-3103931.32020229;-6231172.76482846;7501.94805907073;-396.48842798179;-407.182575624086;6984160.09000705;0.0494611400024398;0.0229781143944039;1.10598461007593;-0.0256193725763042;-1.70366535561161
39300;-623448.585537965;-3114213.74627411;-6240144.98031442;7527.42902545164;-288.862591495928;-190.742503066572;6984029.49919689;0.0494032406933662;0.02339547467549;1.1059813606069;-0.0256580245341242;-1.67187005562344
39330;-397340.033881987;-3121254.94982739;-6242605.02008752;7545.17798352342;-180.424282385382;26.926864797706;6983928.39683119;0.0493435808149439;0.0236894469843078;1.10597921167525;-0.0256970574977002;-1.6398486486106
39360;-170816.15651829;-3125032.13298737;-6238519.2369398;7555.10257146868;-71.2790575231181;245.609198377404;6983857.8010449;0.049282694198755;0.023855269473395;1.10597818651334;-0.0257363935743715;-1.60759568655601
39390;55887.0148580562;-3125525.70668961;-6227860.5528262;7557.11725193815;38.4647261105799;465.082900062579;6983818.6247237;0.0492211411109561;0.0238891763984004;1.10597830396179;-0.0257759522557599;-1.57510682048728
39420;282530.989534617;-3122719.37402002;-6210608.61527692;7551.14369160582;148.695957264366;685.121216104895;6983811.66601733;0.0491595037300234;0.0237884819487134;1.1059795782451;-0.0258156507074647;-1.54237888745105
39450;508875.039676396;-3116600.21203044;-6186749.95014774;7537.11114707145;259.300826314098;905.492369061078;6983837.59893653;0.0490983811196547;0.0235516579024647;1.10598201876081;-0.0258554040839407;-1.50940999126449
39480;734676.43387813;-3107158.75171909;-6156278.11007486;7514.95685591277;370.162891794895;1125.95971188663;6983896.96411666;0.049038383717566;0.0231784032508571;1.1059856298843;-0.0258951258681534;-1.47619957517589
39510;959690.682508878;-3094389.05584863;-6119193.81796903;7484.62643155266;481.163158126407;1346.28190473464;6983990.15983807;0.048980127371717;0.0226697038374718;1.10599041079173;-0.0259347282353682;-1.44274848446611
39540;1183671.79494158;-3078288.79425767;-6075505.10485241;7446.07426046482;592.180165072716;1566.21311547064;6984117.43339886;0.0489242269671597;0.0220278800038298;1.10599635530317;-0.0259741224401723;-1.4090590169676
39570;1406372.5487138;-3058859.31630604;-6025227.44131221;7399.26390009735;703.09008945401;1785.50324485812;6984278.87294131;0.0488712896990047;0.0212566202325071;1.10600345174834;-0.0260132192255604;-1.37513495947741
39600;1627544.770615;-3036105.72007878;-5968383.86181759;7344.16847574749;813.766859596269;2003.89817729896;6984474.39983814;0.0488219080596297;0.0203609988439791;1.1060116828573;-0.0260519292526349;-1.34098160810473
39630;1846939.62964063;-3010036.91795989;-5905005.08112084;7280.77107447419;924.082282967062;2221.14005792883;6984703.76174827;0.0487766526208559;0.019347475939995;1.10602102567827;-0.0260901635491811;-1.30660577072968
39660;2064307.94169364;-2980665.6981742;-5835129.60194157;7209.06513399008;1033.90618739977;2436.96759676742;6984966.52645469;0.0487360647039555;0.0182238780015777;1.10603145152478;-0.026127833975085;-1.27201574996512
39690;2279400.48585;-2948008.78188414;-5758803.81311304;7129.05482433184;1143.10657625486;2651.11640050771;6985262.07659869;0.0487006490415732;0.0169993578446786;1.10604292595421;-0.026164853702259;-1.23722130530769
39720;2491968.33193705;-2912086.87541907;-5676082.07735444;7040.75541997108;1251.54979780456;2863.31933239622;6985589.60542449;0.0486708665454122;0.0156843330115072;1.10605540877974;-0.0262011377064501;-1.20223359353924
39750;2701763.17910104;-2872924.71720683;-5587026.8078214;6944.19365989716;1359.10072905693;3073.3069005069;6985948.11364726;0.0486471273013794;0.0142904021234894;1.10606885411737;-0.0262366032680089;-1.16706508688742
39780;2908537.70496452;-2830551.11897224;-5491708.53258045;6839.40809308326;1465.62297415556;3280.80767454519;6986336.40755422;0.0486297839192834;0.0128302392331165;1.10608321046974;-0.0262711704784205;-1.13172946896559
39810;3112045.92489487;-2784999.00076419;-5390205.94615173;6726.44940663766;1570.97907740329;3485.54873113571;6986753.09844362;0.0486191253667093;0.0113174667714118;1.10609842084793;-0.0263047627491274;-1.09624150907181
39840;3312043.56082281;-2736305.41937315;-5282605.94726865;6605.38073384856;1675.03075086161;3687.25612734736;6987196.60349946;0.0486153714159871;0.00976650827608223;1.10611442293251;-0.0263373073189328;-1.06061691601507
39870;3508288.41896497;-2684511.58970392;-5169003.66201376;6476.27793925337;1777.63911637205;3885.65540199396;6987665.14819112;0.048618667828973;0.00819242267952836;1.10613114927444;-0.0263687357560428;-1.02487217323153
39900;3700540.77571725;-2629662.89867447;-5049502.4515072;6339.22987780676;1878.66496173322;4080.47210401837;6988156.77027583;0.0486290823965499;0.00661072251110735;1.10614852753642;-0.0263989844506207;-0.989024357529108
39930;3888563.77089787;-2571808.9112219;-4924213.90334894;6194.33862518727;1977.96901064637;4271.43234702368;6988669.325469;0.0486466019383495;0.00503717889781195;1.10616648077476;-0.0264279950935606;-0.953090944329158
39960;4072123.80742947;-2511003.36800973;-4793257.80604728;6041.71967627359;2075.41220591566;4458.26338875946;6989200.49483236;0.0486711303533969;0.00348761670664439;1.10618492776138;-0.0264557151370747;-0.917089602733924
39990;4250990.95646114;-2447304.1744483;-4656762.10570644;5881.50210884073;2170.85600525656;4640.69423410504;6989747.79391251;0.0487024877945054;0.00197770353789974;1.1062037833454;-0.0264820982326099;-0.88103798411521
40020;4424939.36684334;-2380773.38066139;-4514862.84429343;5713.82870957564;2264.16268892882;4818.45625981935;6990308.58364366;0.048740411018809;0.000522736532281108;1.10622295885313;-0.026507104641587;-0.844953508174484
40050;4593747.67778264;-2311477.15205786;-4367704.07886069;5538.85605959406;2355.19567827032;4991.28385904874;6990880.0830075;0.0487845549444098;-0.000862568916629283;1.10624236252491;-0.0265307016144777;-0.808853150554456
40080;4757199.43342062;-2239485.73019692;-4215437.78116537;5356.75457675649;2443.81986406636;5158.91510330595;6991459.38342096;0.0488344954194443;-0.00216428445590328;1.10626189998678;-0.0265528637338213;-0.772753236080602
40110;4915083.49800209;-2164873.38366968;-4058223.71719889;5167.70851223337;2529.90194354733;5321.09241935672;6992043.46479913;0.0488897331856987;-0.00336946411842405;1.10628147475459;-0.0265735732169185;-0.736669241578351
40140;5067194.4702242;-2087718.34875798;-3896229.30622136;4971.91589895836;2613.31076466843;5477.56327817999;6992629.21321618;0.0489496989949871;-0.00446632602285979;1.10630098876769;-0.0265928201741445;-0.700615611955682
40170;5213333.09529054;-2008102.75967406;-3729629.45898445;4769.58844983447;2693.91767618931;5628.08089290758;6993213.44006253;0.049013759813598;-0.00544441709911832;1.10632034294871;-0.026610602819077;-0.66460559287518
40200;5353306.67313388;-1926112.56823068;-3558606.39492289;4560.95140382113;2771.59688194228;5772.40492240313;6993792.90257119;0.0490812260288939;-0.00629475796750316;1.10633943778587;-0.0266269276269631;-0.628651082883896
40230;5486929.46121975;-1841837.45284199;-3383349.43819824;4346.24331832916;2846.22579755697;5910.30217691295;6994364.32556181;0.0491513595531805;-0.00700996562487589;1.10635817393368;-0.026641809438421;-0.592762507346259
40260;5614023.07030047;-1755370.71680871;-3204054.79258908;4125.71580668517;2917.6854077986;6041.5473220176;6994924.42422707;0.0492233827037226;-0.00758435215816859;1.10637645282743;-0.0266552715057129;-0.55694871596034
40290;5734416.85145784;-1666809.175898;-3020925.29533719;3899.63321979332;2985.86062257966;6165.92357693618;6995469.92776382;0.0492964877245786;-0.00801399828867965;1.10639417730676;-0.0266673454794127;-0.521216905056799
40320;5847948.27275215;-1576253.03528823;-2834170.15018041;3668.27227151911;3050.64062962201;6283.22340309097;6995997.60363035;0.0493698468059422;-0.0082968011259279;1.10641125224327;-0.0266780713338292;-0.485572565306775
40350;5954463.28378734;-1483805.75601004;-2644004.63992699;3431.92160774238;3111.91924168098;6393.24917873023;6996504.28219341;0.0494426224499837;-0.00843249605503971;1.10642758516676;-0.0266874972301241;-0.450019454921994
40380;6053816.66650714;-1389573.91107896;-2450649.8190538;3190.88131947151;3169.5952361961;6495.81385533763;6996986.88151283;0.0495139780286736;-0.00842265317892;1.10644308688483;-0.0266956793166817;-0.414559597935423
40410;6145872.37055553;-1293667.03157911;-2254332.18693915;2945.46240087203;3223.57268520718;6590.74159152873;6997442.43199977;0.0495830883785947;-0.00827064917240958;1.10645767209005;-0.0267026814669282;-0.379193306717121
40440;6230503.83156793;-1196197.4430225;-2055283.34247003;2695.98615353603;3273.76127337028;6677.86836015216;6997868.10067588;0.0496491502800522;-0.00798161577128255;1.10647125994941;-0.0267085749554615;-0.343919227516583
40470;6307594.27080587;-1097280.09237321;-1853739.62089109;2442.78353879694;3320.07660192732;6757.04252437761;6998261.21475646;0.0497113926725587;-0.00756236641061277;1.10648377467019;-0.0267134380740279;-0.308734407533412
40500;6377036.9746098;-997032.366189622;-1649941.71388767;2186.19448037162;3362.44047652574;6828.12537866447;6998619.28428076;0.0497690864656626;-0.00702130274489329;1.10649514603713;-0.0267173556895504;-0.273634381802493
40530;6438735.55221993;-895573.900399751;-1444134.2740161;1926.56712008115;3400.78117685264;6890.99165066585;6998940.02351649;0.0498215538127747;-0.00636830293083524;1.10650530991537;-0.026720418747082;-0.238613278033402
40560;6492604.17060432;-793026.38228487;-1236565.50470992;1664.25702985681;3435.03370613857;6945.52996033148;6999221.37087508;0.0498681767257635;-0.0056145936401776;1.10651420871436;-0.0267227237211968;-0.203663937459315
40590;6538567.76503643;-689513.345302948;-1027486.73719886;1399.62638367089;3465.14001870259;6991.64323272824;6999461.50708747;0.0499084049193545;-0.00477260780368223;1.10652179180795;-0.0267243720199463;-0.168778049718747
40620;6576562.22427956;-585159.957436463;-817151.99577757;1133.04309343725;3491.04922384791;7029.24906139781;6999658.87140817;0.0499417627864643;-0.00385583007963855;1.10652801590641;-0.0267254693460819;-0.133946299802959
40650;6606534.54936266;-480092.803797414;-605817.5529516;864.879913296787;3512.71776457824;7058.28001941225;6999812.17563762;0.0499678554183346;-0.00287863200238079;1.10653284537656;-0.0267261250207639;-0.099158525141244
40680;6628442.98506927;-374439.664265662;-393741.476067409;595.513517032463;3530.10956978466;7078.68391566867;6999920.41577892;0.0499863735964778;-0.00185609870966051;1.10653625250658;-0.0267264512754448;-0.0644038809542896
40710;6642257.12340859;-268329.28697426;-181183.167101106;325.323553641725;3543.19617875091;7090.42399437697;6999982.88117431;0.0499970976968588;-0.000803849083195915;1.10653821771288;-0.0267265625180113;-0.0296710120714928
40740;6647957.97849138;-161891.158486864;31597.1026647285;54.6916863261822;3551.95683703835;7093.47907613592;6999999.1609995;0.0499999004603325;0.000262148926277444;1.10653872968666;-0.0267265745795899;0.00505177052800239
40770;6645538.03239478;-55255.2715371083;244338.661305454;-215.999379664607;3556.37856303736;7087.84363945623;6999969.14802861;0.0499947485970308;0.00132576607166617;1.10653778547877;-0.0267266039486711;0.0397763101365352
40800;6635001.25176447;51448.1087822908;456780.906462306;-486.366874779529;3556.45618470748;7073.52784206859;6999893.03961882;0.0499817032061047;0.00237090100000342;1.10653539052188;-0.0267267669993633;0.0745144233490652
40830;6616363.07507082;158088.679482203;668663.775283556;-756.028942888071;3552.19234626982;7050.55748184322;6999771.33590158;0.0499609190059726;0.00338166919917072;1.10653155858969;-0.0267271792206651;0.109277719333347
40860;6589650.3706039;264536.333889605;879728.212290794;-1024.60561336632;3543.59748485985;7018.97389763859;6999604.83520462;0.0499326423839622;0.00434259003603964;1.10652631169378;-0.0267279544536312;0.144077420971538
40890;6554901.36545995;370661.394711932;1089716.63337907;-1291.71976199848;3530.68977739205;6978.83381088342;6999394.62676665;0.0498972082879741;0.00523877019682787;1.1065196799189;-0.0267292041432051;0.178924189530311
40920;6512165.54593662;476334.845066398;1298373.38419087;-1556.99805526913;3513.49505812803;6930.20910917154;6999142.08084213;0.0498550359964906;0.00605608179733964;1.10651170119886;-0.0267310366113089;0.213827954560172
40950;6461503.52991434;581428.556605678;1505445.19114938;-1820.07187280279;3492.04670767201;6873.18657360643;6998848.83632829;0.0498066238169303;0.00678133337374158;1.10650242103488;-0.0267335563575096;0.248797750782482
40980;6402986.91195525;685815.513896415;1710681.6034948;-2080.57820294342;3466.38551433926;6807.86755206627;6998516.78607763;0.0497525427758776;0.00740243190009575;1.10649189215989;-0.0267368633932347;0.283841563788086
41010;6336698.08199708;789370.034238567;1913835.42473928;-2338.16050675303;3436.55950905205;6734.36758096354;6998148.06008818;0.0496934293780861;0.00790853391559284;1.10648017415174;-0.026741052615096;0.318966186435913
41040;6262730.01865603;891967.982151145;2114663.13203833;-2592.46954604071;3402.62377510996;6652.81595844305;6997745.00678829;0.0496299775241843;0.00829018379210112;1.10646733299976;-0.0267462132223936;0.354177087893667
41070;6181186.0582791;993486.977792991;2312925.28207026;-2843.16417140612;3364.64023435538;6563.35527229161;6997310.17265407;0.0495629296895942;0.00853943714249802;1.10645344062874;-0.0267524281833362;0.389478297294438
41100;6092179.64100047;1093806.59863521;2508386.90211792;-3089.91206668759;3322.67741140904;6466.14088612057;6996846.28041397;0.0494930674790421;0.00864996737336344;1.10643857438532;-0.0267597737539299;0.424872303981687
41130;5995834.03515868;1192808.57375415;2700817.8651571;-3332.39044663919;3276.81017778239;6361.34038762403;6996356.20610739;0.0494212016820087;0.00861715343397813;1.10642281649179;-0.0267683190528605;0.460359976268627
41160;5892282.04151968;1290376.97016976;2889993.24787371;-3570.28670511591;3227.11947778234;6249.13300291026;6995842.9552718;0.0493481619641937;0.00843814691723455;1.10640625347258;-0.0267781256950471;0.495940500536312
41190;5781665.67882536;1386398.37071286;3075693.67065364;-3803.29901151459;3173.69203820959;6129.70898105055;6995309.63853561;0.0492747863382623;0.00811191683652498;1.10638897555903;-0.0267892474858781;0.531611342328479
41220;5664135.85224788;1480762.04296603;3257705.61871519;-4031.13685369401;3116.62006391288;6003.26895308733;6994759.44689323;0.0492019105634526;0.00763927064193082;1.10637107607789;-0.026801730177463;0.56736823086405
41250;5539852.0063761;1573360.09888515;3435821.74368242;-4253.52152607368;3056.00092129942;5870.02326979371;6994195.62693252;0.0491303576276929;0.00702285035272378;1.10635265082915;-0.0268156112875651;0.603205168076832
41280;5408981.7643922;1664087.64477208;3609841.14502615;-4470.18656208085;2991.93681191599;5730.19132248054;6993621.45627577;0.0490609274673986;0.00626710307023963;1.10633379745882;-0.0268309199812231;0.639114462907144
41310;5271700.55511503;1752842.92133215;3779569.63092826;-4680.87811057347;2924.53443820754;5584.00085110649;6993040.21948189;0.0489943870787702;0.00537822559030546;1.10631461483189;-0.0268476770144298;0.6750867911173
41340;5128191.22959067;1839527.43361312;3944819.95825108;-4885.3552563076;2853.90466353104;5431.68724386497;6992455.18464138;0.0489314611699826;0.00436408334766444;1.10629520241096;-0.0268658947386352;0.71111128039189
41370;4978643.66890284;1924046.07068381;4105412.05141744;-5083.3902849365;2780.16216845389;5273.49283230148;6991869.58087657;0.0488728234959905;0.00323410448085248;1.10627565964519;-0.0268855771642696;0.747175619930055
41400;4823254.38485472;2006307.21497058;4261173.20012611;-5274.76889342071;2703.42510529971;5109.66618586063;6991286.57693856;0.0488190890067322;0.00199915038623869;1.10625608537468;-0.0269067200809624;0.783266193158876
41430;4662226.11514229;2086222.84122757;4411938.23594184;-5459.29034709083;2623.8147528221;4940.46140957689;6990709.26106909;0.0487708069253887;0.00067136471098313;1.10623657725427;-0.0269293112316557;0.81936823161813
41460;4495767.4145967;2163708.60517144;4557549.68790728;-5636.76758493453;2541.45517279068;4766.13744841182;6990140.62227193;0.0487284548562711;-0.000735996707868618;1.10621723120113;-0.0269533305373933;0.855465987511204
41490;4324092.24402169;2238683.92186348;4697857.91742592;-5807.02727497406;2456.47287016548;4586.95740150767;6989583.5331132;0.0486924340022211;-0.00220875194316882;1.10619814086939;-0.0269787503692057;0.89154292191117
41520;4147419.55809205;2311072.03397046;4832721.23275948;-5969.90982185961;2368.99645841842;4403.1878493762;6989040.73414528;0.0486630655496205;-0.00373199166795183;1.1061793971554;-0.0270055358632051;0.92758190517948
41550;3965972.89371192;2380800.07008036;4962005.9835697;-6125.26932902582;2279.15633143496;4215.09819677836;6988514.82002407;0.0486405882558309;-0.00529028665090393;1.106161087736;-0.0270336452747644;0.963565425819475
41580;3779979.96015857;2447799.09329033;5085586.63601335;-6272.97351794395;2187.08434329884;4022.96003377741;6988008.22736541;0.0486251572498017;-0.00686790004930596;1.10614329664244;-0.0270630303674723;0.999475803766137
41610;3589672.23225869;2512004.1403212;5203345.82896928;-6412.9036071511;2092.91349712836;3827.04651717078;6987523.22436314;0.0486168440324825;-0.00844900039566015;1.10612610387154;-0.0270936368324346;1.03529540401884
41640;3395284.54776246;2573354.25144596;5315174.41203856;-6544.95415385123;1996.77764399748;3627.63177422706;6987061.90216955;0.0486156376402873;-0.01001787121043;1.10610958503572;-0.0271254047334213;1.07100684656143
41670;3197054.7099951;2631792.4915485;5420971.4660123;-6669.03286096243;1898.81119283945;3424.99033037823;6986626.1680188;0.0486214469129627;-0.0115591133396175;1.10609381105278;-0.0271582689733576;1.10659320868127
41700;2995223.09677876;2687265.96265392;5520644.30654709;-6785.06035253231;1799.14883209714;3219.39656224591;6986217.74005523;0.0486341037874618;-0.0130578364046479;1.106078847876;-0.0271921597776892;1.14203821608894
41730;2790032.27652978;2739725.80829269;5614108.47182552;-6892.96992046119;1697.92526375418;3011.12417711756;6985838.14381209;0.048653367522413;-0.0144998361474067;1.10606475626479;-0.0272270031902456;1.17732641963609
41760;2581726.63234793;2789127.21007786;5701287.69500888;-6992.70724546254;1595.27495025489;2800.44571973578;6985488.71027154;0.0486789297439448;-0.0158717549358764;1.10605159159563;-0.0272627215773531;1.21244335491264
41790;2370551.99482701;2835429.37688833;5782113.8623112;-7084.23009515584;1491.33187470076;2587.63210702383;6985170.57542446;0.0487104201932618;-0.0171612232418993;1.10603940371274;-0.0272992341361214;1.24737568255101
41820;2156755.28423018;2878595.52706054;5856526.95753948;-7167.50800212931;1386.22931459731;2372.95219114417;6984884.68123817;0.0487474130496309;-0.0183569804858771;1.10602823681764;-0.0273364574030274;1.28211130764866
41850;1940584.16258918;2918592.86399823;5924474.99395312;-7242.52192473375;1280.09962931817;2156.67235107583;6984631.77793183;0.048789433699283;-0.0194489742386018;1.10601812939639;-0.0273743057591513;1.31663947731621
41880;1722286.69620531;2955392.54561269;5985913.93429862;-7309.26389327486;1173.07406135385;1939.05611270162;6984412.42745319;0.0488359658210125;-0.0204284373522489;1.10600911418315;-0.0274126919286753;1.35095085594006
41910;1502111.02895153;2988969.64800711;6040807.59987242;-7367.73664416371;1065.28255132125;1720.36379721816;6984227.00804561;0.0488864586626807;-0.0212879431399477;1.10600121815831;-0.027451527467524;1.38503757829623
41940;1280305.06670004;3019303.12381644;6089127.5694567;-7417.95324446567;956.85356662667;1500.85219752014;6984075.71979224;0.0489403343889941;-0.0220214392171934;1.10599446257951;-0.0274907232393127;1.41889328114557
41970;1057116.17312828;3046375.75560963;6130853.06896036;-7459.93670915922;847.913943599976;1280.77428206655;6983958.59102257;0.0489969953893945;-0.0226242610459886;1.10598886304336;-0.0275301898760619;1.45251311436822
42000;832790.877089184;3070174.104755;6165970.85258055;-7493.7196132807;738.588742850467;1060.37892560873;6983875.4854679;0.04905583144515;-0.0230931265740458;1.105984429576;-0.0275698382214337;1.48589373304637
42030;607574.591668245;3090688.45614084;6194475.07628004;-7519.34370099038;629.001117536262;839.910666049402;6983826.11005358;0.0491162266662768;-0.0234261136332039;1.10598116675;-0.0276095797545433;1.51903327217561
42060;381711.344990818;3107912.75913331;6216367.16435204;-7536.85949345233;519.272194187622;619.609486606135;6983810.02321933;0.0491775661212461;-0.0236226219525105;1.10597907382563;-0.0276493269926936;1.55193130587637
42090;155443.522788886;3121844.56514235;6231655.66981825;-7546.32589727562;409.520965680968;399.710622373018;6983826.64366282;0.0492392420950844;-0.0236833217566318;1.10597814491396;-0.0276889938716658;1.58458879309155
42120;-70988.3773140942;3132484.96215369;6240356.1293777;-7547.809815121;299.864195923678;180.444390307769;6983875.25940683;0.0493006599240438;-0.023610090964595;1.10597836915962;-0.0277284961024781;1.61700801179999
42150;-297345.979887465;3139838.50657112;6242490.91359377;-7541.38575993446;190.416335779723;-37.9639583807941;6983955.0370959;0.049361243367161;-0.0234059429872825;1.10597973094088;-0.0277677515037905;1.64919248375882
42180;-523393.254275761;3143913.15269909;6238089.0729756;-7527.13547413029;81.2894497424572;-255.294364510449;6984065.03143437;0.0494204394864513;-0.0230749470529463;1.10598221008476;-0.027806680309381;1.68114689171735
42210;-748896.725845831;3144720.18018026;6227186.1805775;-7505.14755491061;-27.4068471571765;-471.332066962877;6984204.19468466;0.0494777230179926;-0.0226221428799827;1.10598578209506;-0.0278452054503586;1.7128769909348
42240;-973625.676098965;3142274.11968728;6209824.17170696;-7475.51708677804;-135.565442731495;-685.867689593585;6984371.38615119;0.0495326002255894;-0.0220534513743303;1.10599041839104;-0.0278832528119937;1.74438951669165
42270;-1197352.33187809;3136592.67715223;6186051.18129832;-7438.34528217297;-243.081771838421;-898.697310136688;6984565.38158247;0.0495846122369899;-0.0213755828663761;1.10599608655487;-0.0279207514652458;1.77569208932089
42300;-1419852.04392627;3127696.65680087;6155921.37947517;-7393.73913104773;-349.853851941407;-1109.62251222763;6984784.88243079;0.0496333378697171;-0.020595944226599;1.10600275058568;-0.0279576338732547;1.80679311810943
42330;-1640903.45507531;3115609.88324312;6119494.80579154;-7341.81106007701;-455.782310562824;-1318.45042166037;6985028.52491623;0.0496783959594902;-0.0197225460194772;1.10601037115865;-0.0279938360732188;1.83770170523922
42360;-1860288.65836283;3100359.1228548;6076837.20260785;-7282.67860209771;-560.770405163091;-1524.99372798255;6985294.88884812;0.0497194472089804;-0.0187639106766661;1.10601890588712;-0.0280292978342311;1.86842755075857
42390;-2077793.34539221;3081974.00467006;6028019.84802543;-7216.46407627154;-664.724035971258;-1729.07069251342;6985582.50616401;0.0497561955783693;-0.0177289824998736;1.10602830958629;-0.0280639627917694;1.89898085940266
42420;-2293206.94526339;3060486.9409882;5973119.38877092;-7143.29427937101;-767.551752283616;-1930.50514384585;6985889.86915252;0.0497883892419132;-0.0166270401435291;1.10603853453705;-0.0280977785596443;1.9293722499215
42450;-2506322.75441313;3035933.04788303;5912217.67339025;-7063.3001885031;-869.164752735597;-2129.12646186637;6986215.43833245;0.0498158211365991;-0.0154676120815654;1.10604953074837;-0.0281306968202968;1.95961266742669
42480;-2716938.05771157;3008350.06578853;5845401.58608183;-6976.61667550563;-969.476880039046;-2324.76955129605;6986557.64996604;0.0498383291301017;-0.0142603954327067;1.10606124621724;-0.0281626733944143;1.98971329913804
42510;-2924854.2411679;2977778.28031918;5772762.88146836;-6883.3822331778;-1068.40461066233;-2517.27480572187;6986914.92319011;0.0498557958357215;-0.0130151784049685;1.10607362718496;-0.0281936682908888;2.01968549379666
42540;-3129876.8966017;2944260.44347016;5694398.02057879;-6783.7387134401;-1165.86703991483;-2706.48806305234;6987285.66675301;0.0498681481019307;-0.0117417665244073;1.1060866183887;-0.0282236457381864;2.04954068491478
42570;-3331815.91863852;2907841.69532824;5610408.00828391;-6677.83107745763;-1261.78586288063;-2892.26055329401;6987668.28535052;0.0498753562036574;-0.0104499127333973;1.10610016330766;-0.0282525741982239;2.07929031795219
42600;-3530485.59438845;2868569.48641158;5520898.23240302;-6565.80715770595;-1356.08535162853;-3074.44883950724;6988061.18555734;0.0498774327616119;-0.00914925138081435;1.10611420440282;-0.0282804263638693;2.10894578144564
42630;-3725704.68616489;2826493.50074402;5425978.30467404;-6447.81743190885;-1448.69232910787;-3252.91475276062;6988462.78135501;0.0498744314148782;-0.007849236078014;1.10612868334988;-0.0283071791411838;2.13851834206866
42660;-3917296.50759827;2781665.5797572;5325761.90375514;-6324.01480873348;-1539.53614012083;-3427.52532186426;6988871.49925991;0.0498664452707427;-0.00655908136032361;1.10614354126465;-0.0283328136175233;2.16801908356423
42690;-4105088.99349499;2734139.64710274;5220366.62040336;-6194.55442508796;-1628.54861974413;-3598.15269862258;6989285.78305839;0.0498536051543812;-0.00528770807149991;1.10615871892056;-0.0283573150165992;2.19745884947031
42720;-4288914.76378707;2683971.63444555;5109913.80495413;-6059.59345483229;-1715.66405955397;-3764.67407930888;6989704.09815809;0.0498360776796255;-0.00404369237771216;1.1061741569579;-0.0283806726415795;2.22684818954652
42750;-4468611.18191158;2631219.40829917;4994528.41720477;-5919.29092868202;-1800.81917199053;-3926.97162302481;6990124.93556705;0.0498140631606389;-0.00283521831577501;1.10618979608444;-0.028402879807281;2.25619730980816
42780;-4644020.40795198;2575942.697954;4874338.87878613;-5773.80756505758;-1883.95305317969;-4084.93236757091;6990546.81551394;0.0497877933829871;-0.00167003378654068;1.10620557726748;-0.0284239337624691;2.28551602607948
42810;-4814989.44686583;2518203.02454034;4749476.92808801;-5623.30561160843;-1965.00714451262;-4238.44814341695;6990968.29072409;0.0497575292513319;-0.000555409917314061;1.10622144191687;-0.0284438356032416;2.31481372099066
42840;-4981370.19211471;2458063.63125904;4620077.47778707;-5467.94869712164;-2043.9251932663;-4387.41548632565;6991387.9493675;0.0497235583298148;0.000501896265302841;1.1062373320592;-0.02846259017843;2.34409930435996
42870;-5143019.46500332;2395589.41480458;4486278.47500961;-5307.90169350708;-2120.65321253139;-4531.73554914824;6991804.41769568;0.0496861922901791;0.00149567588900949;1.10625319050315;-0.0284802059879028;2.37338117692422
42900;-5299799.05002529;2330846.85799763;4348220.76414685;-5143.33058753725;-2195.1394406979;-4671.31401327735;6992216.36238505;0.0496457642817891;0.00242029902881081;1.10626896099589;-0.0284966950746085;2.40266719740412
42930;-5451575.72650333;2263903.96363659;4206047.9523261;-4974.40236200804;-2267.33430073328;-4806.06100021042;6992622.49260508;0.04960262623697;0.00327074222722962;1.10628458837082;-0.0285120729111412;2.43196465291559
42960;-5598221.2968013;2194830.18957123;4059906.27752793;-4801.28488597702;-2337.19035947263;-4935.89098364614;6993021.56182953;0.0495571461245177;0.00404261270416436;1.10630001868666;-0.0285263582815625;2.461280232764
42990;-5739612.6113751;2123696.38499488;3909944.47932766;-4624.14681372822;-2404.66228712638;-5060.72270250706;6993412.36940926;0.0495097051637855;0.00473216919473716;1.10631519935819;-0.0285395731591577;2.49062000568129
43020;-5875631.59091905;2050574.72794561;3756313.67222754;-4443.15749210679;-2469.70681719702;-5180.47907525355;6993793.76192526;0.0494606950114728;0.0053363393314793;1.10633007927872;-0.0285517425807517;2.51998940058838
43050;-6006165.24585329;1975538.66400158;3599167.22153595;-4258.48687586224;-2532.28270698336;-5295.0871158274;6994164.63433977;0.0494105149330934;0.00585273346798675;1.10634460893464;-0.0285628945181594;2.54939319098364
43080;-6131105.69338709;1898662.84615045;3438660.62173989;-4070.30545063657;-2592.35069883827;-5404.47785153847;6994523.93096378;0.049359568971062;0.0062796548264034;1.10635874051221;-0.0285730597472895;2.5788354830734
43110;-6250350.17238186;1820023.07580763;3274951.3773081;-3878.78416323147;-2649.87348233407;-5508.58624318341;6994870.64625795;0.0493082631214113;0.00661610584072905;1.1063724279969;-0.0285822717153729;2.60831970777016
43140;-6363801.05622688;1739696.24495432;3108198.88585372;-3684.09435878852;-2704.81565747841;-5607.35110766307;6995203.8254842;0.0492570025313196;0.00686179056317698;1.10638562726559;-0.0285905664067364;2.63784861668916
43170;-6471365.86392943;1657760.27936155;2938564.32357793;-3486.40772451609;-2757.14369911303;-5700.71504334379;6995522.56522402;0.0492061887298291;0.0070171130021626;1.1063982961718;-0.0285979822074939;2.66742428227208
43200;-6572957.26961048;1574294.08286301;2766210.53290868;-3285.89623959802;-2806.82592261741;-5788.62435838739;6995826.01377922;0.0491562169044057;0.00708317126829383;1.1064103946244;-0.0286045597694835;2.69704810215914
43230;-6668493.11058572;1489377.48263582;2591301.91224249;-3082.73213092045;-2853.83245103021;-5871.02900225595;6996113.37146998;0.0491074732362491;0.00706174741916057;1.1064218846599;-0.0286103418737323;2.72672080791598
43260;-6757896.3942012;1403091.17544497;2414004.30769099;-2877.08783425524;-2898.1351836922;-5947.88250057929;6996383.89084429;0.0490603323075168;0.00695529291522908;1.10643273050879;-0.0286153732936917;2.75644247820034
43290;-6841095.30358185;1315516.67480455;2234484.90672897;-2669.13596054086;-2939.70776650598;-6019.14189355641;6996636.87681211;0.049015154593826;0.00676690962721339;1.10644289865603;-0.0286197006584451;2.78621255642518
43320;-6918023.20244035;1226736.2590058;2052912.1336353;-2459.04926690441;-2978.52556389993;-6084.76767804618;6996871.68671669;0.0489722840555435;0.00650032636979686;1.10645235789615;-0.0286233723160541;2.81602987294057
43350;-6988618.63908346;1136832.91995966;1869455.54661407;-2247.00063207099;-3014.56563257626;-6144.72375348779;6997087.73035465;0.0489320458414079;0.00615987097711014;1.10646107938299;-0.028626438197174;2.84589267171577
43380;-7052825.34974194;1045890.31279924;1684285.7364791;-2033.16303580997;-3047.80669711614;-6198.97737177731;6997284.46995558;0.0488947441179601;0.00575043798087511;1.10646903667457;-0.0286289496790375;2.87579864145764
43410;-7110592.26134016;953992.706185339;1497574.22678132;-1817.70954207033;-3078.22912750785;-6247.49909121361;6997461.42013107;0.0488606600380338;0.00527745200195537;1.10647620577308;-0.0286309594498778;2.90574495105139
43440;-7161873.49381073;861224.933256671;1309493.37525549;-1600.81328546055;-3105.8149186582;-6290.26273461435;6997618.1478021;0.0488300498611993;0.00474682701889185;1.10648256516046;-0.0286325213738321;2.93572828915705
43470;-7206628.36204945;767672.343164186;1120216.27645977;-1382.64746073098;-3130.54767194103;-6327.24535169105;6997754.27211287;0.0488031432385065;0.00416492173160458;1.10648809582951;-0.0286336903563466;2.96574490774015
43500;-7244821.37759552;673420.753127836;929916.665479158;-1163.38531491954;-3152.4125788312;-6358.42718576106;6997869.46433846;0.0487801416731684;0.00353849129338874;1.10649278131092;-0.0286345222100775;2.99579066926021
43530;-7276422.25011185;578556.400952474;738768.822561632;-943.200141824085;-3171.39640666721;-6383.7916448636;6997963.44779248;0.0487612171679363;0.00287463573809706;1.10649660769623;-0.0286350735212671;3.02586109718703
43560;-7301405.88873025;483165.897938466;546947.478554085;-722.265278466735;-3187.48748658028;-6403.32527733701;6998035.99774028;0.0487465110688544;0.00218074548050031;1.10649956365704;-0.0286354015165559;3.05595142946334
43590;-7319752.40331631;387336.182121518;354627.721003366;-500.754103217817;-3200.67570362312;-6417.01775190461;6998086.94132231;0.0487361331138611;0.00146444431465759;1.10650164046029;-0.028635563930176;3.08605667448562
43620;-7331447.1056987;291154.471775279;161984.900786656;-278.8400352483;-3210.95248912662;-6424.86184230721;6998116.15749135;0.0487301606933323;0.000733530376399865;1.10650283198011;-0.0286356188714625;3.11617166913386
43650;-7336480.51089786;194708.219109522;-30805.4608657144;-56.6965349812005;-3218.31081530848;-6426.85341651133;6998123.57696657;0.048728638328158;-4.08442965223868e-06;1.10650313470591;-0.0286356246926063;-3.13689416883338
43680;-7334848.33837918;98085.06409604;-223567.76509259;165.50289478679;-3222.74519215316;-6422.99143051325;6998109.1822062;0.0487315773693464;-0.000740436011755135;1.1065025477471;-0.0286356398565687;-3.10677555147093
43710;-7326551.51334566;1372.78835388077;-416126.428007531;387.584707421525;-3224.2516665782;-6413.27792675046;6998073.00740026;0.048738955921466;-0.00146757013709233;1.1065010728342;-0.0286357228050702;-3.07666310266778
43740;-7311596.1680756;-95340.73097485;-608305.97332585;609.375310973393;-3222.8278238979;-6397.71803712342;6998015.13848339;0.0487507189905157;-0.00217760438979328;1.10649871431658;-0.0286359318265672;-3.04656206846039
43770;-7289993.64330073;-191967.567427639;-799931.125151405;830.701067013161;-3218.47279159082;-6376.3199906219;6997935.71316742;0.0487667788550835;-0.00286278949004863;1.10649547915665;-0.0286363249241273;-3.01647756388682
43800;-7261760.48961044;-288419.791571833;-990826.901061076;1051.38829011032;-3211.18724537352;-6349.09512554183;6997834.92099201;0.0487870156579366;-0.00351556943459184;1.1064913769205;-0.0286369596831204;-2.98641451384715
43830;-7226918.46885789;-384609.517571697;-1180818.70562434;1271.26324828353;-3200.97341757851;-6316.05790626951;6997713.00339141;0.0488112782135312;-0.00412863993924194;1.10648641976501;-0.0286378931386439;-2.9563775956724
43860;-7185494.55553392;-480448.950041296;-1369732.42449446;1490.15216475403;-3187.83510783008;-6277.22594460143;6997570.25377385;0.0488393850253584;-0.00469500469318045;1.10648062242125;-0.0286391816426118;-2.92637118389573
43890;-7137520.93806464;-575850.431251991;-1557394.51920688;1707.88122133467;-3171.77769600722;-6232.62002555875;6997407.01760982;0.0488711255055781;-0.00520802897130508;1.10647400217406;-0.0286408807304454;-2.89639929768287
43920;-7083035.01997862;-670726.48876294;-1743632.12281876;1924.27656378904;-3152.80815747798;-6182.26413764578;6997223.69252423;0.0489062613880669;-0.00566149019420539;1.10646657883784;-0.0286430449873165;-2.86646555133543
43950;-7022079.4208796;-764989.88354246;-1928273.13652226;2139.16430949764;-3130.9350805852;-6126.18550749256;6997020.7283867;0.0489445283248367;-0.00604962507361414;1.10645837472815;-0.0286457279139083;-2.83657310823279
43980;-6954701.97715032;-858553.658647413;-2111146.32736193;2352.37055777058;-3106.16868635809;-6064.41463881069;6996798.62739339;0.0489856376547649;-0.0063671730333867;1.10644941462919;-0.0286489817916787;-2.80672463852553
44010;-6880955.74230301;-951331.188526959;-2292081.42718456;2563.72140314904;-3078.52085041925;-5996.98535558132;6996557.94413292;0.0490292783327577;-0.00660941565027245;1.10643972575685;-0.0286528575476292;-2.77692228083952
44040;-6800898.98688167;-1043236.229016;-2470909.2329469;2773.04295204108;-3048.0051270508;-5923.93484938265;6996299.28562781;0.0490751190067992;-0.00677221191380759;1.1064293377171;-0.028657404618604;-2.74716760819455
44070;-6714595.19781098;-1134182.96808249;-2647461.7085041;2980.16134304011;-3014.63677537785;-5845.30373075226;6996023.3113424;0.0491228102298682;-0.00685202915885004;1.10641828245965;-0.0286626708151732;-2.71746159828705
44100;-6622113.07707592;-1224086.07739138;-2821572.08799805;3184.90277127818;-2978.43278762089;-5761.13608446708;6995730.73314695;0.0491719867933773;-0.00684596957622534;1.10640659422643;-0.0286687021851763;-2.68780460823465
44130;-6523526.53960591;-1312860.76474655;-2993074.98096125;3387.09351716912;-2939.41191936246;-5671.47952861014;6995422.31522687;0.0492222701686267;-0.00675179225562411;1.10639430949486;-0.0286755428770375;-2.65819635383141
44160;-6418914.7102263;-1400422.82747015;-3161806.47924773;3586.55997990033;-2897.59472176628;-5576.38527727919;6995098.87392547;0.0492732710427225;-0.00656793075886084;1.10638146691545;-0.0286832350029919;-2.62863589331873
44190;-6308361.91952935;-1486688.70677693;-3327604.26589784;3783.12871603495;-2853.00357567954;-5475.90820677683;6994761.27750707;0.049324591935493;-0.00629350626022357;1.10636810724363;-0.0286918185024033;-2.59912161563796
44220;-6191957.69850596;-1571575.54319899;-3490307.7260388;3976.62648358925;-2805.66272754121;-5370.10692510584;6994410.44582731;0.0493758298840939;-0.00592833632327465;1.10635427326537;-0.0287013310053834;-2.56965123309837
44250;-6069796.77176831;-1655001.23311377;-3649758.05991732;4166.88029195317;-2755.59832701078;-5259.04384457614;6994047.34989609;0.0494265791822142;-0.0054729394094272;1.10634000971649;-0.0287118076969719;-2.54022177836779
44280;-5941979.04918267;-1736884.48642553;-3805798.39815439;4353.71745802373;-2702.83846622274;-5142.78525731159;6993673.01131813;0.0494764341610604;-0.00492853523279772;1.10632536319516;-0.0287232811821711;-2.51082960567409
44310;-5808609.61572033;-1817144.88544759;-3958273.919306;4536.96566892371;-2647.4132205627;-5021.40141342548;6993288.50159521;0.0495249919995608;-0.00429704108820726;1.10631038206751;-0.0287357813521767;-2.48147039609319
44340;-5669798.71932352;-1895702.94502923;-4107031.96980601;4716.45305167866;-2589.3546908507;-4894.96660161289;6992894.94127372;0.0495718555514701;-0.00358106428500361;1.1062951163659;-0.0287493352521949;-2.45213916679329
44370;-5525661.756572;-1972480.17396772;-4251922.18635961;4892.00825022633;-2528.69704680666;-4763.55923188651;6992493.49892042;0.0496166361772696;-0.00278389081846602;1.1062796176797;-0.0287639669512791;-2.42283028410576
44400;-5376319.25592467;-2047399.13774169;-4392796.62084737;5063.46051013197;-2465.4765716612;-4627.26192015917;6992085.3899087;0.0496589565688757;-0.00190947040426521;1.10626393903826;-0.0287796974146732;-2.39353748029939
44430;-5221896.85829954;-2120383.52259839;-4529509.86779049;5230.63977138191;-2399.7317077632;-4486.16157435227;6991671.87499756;0.0496984535552271;-0.000962397989349209;1.1062481347858;-0.0287965443791997;-2.36425387394652
44460;-5062525.29474402;-2191358.20102192;-4661919.19441789;5393.37676962496;-2331.50310302237;-4340.34948168331;6991254.25868482;0.0497347808767395;5.21081635218016e-05;1.10623226044807;-0.0288145222322803;-2.33497199378539
44490;-4898340.36093671;-2260249.29860519;-4789884.6733649;5551.50314622745;-2260.83365801171;-4189.92139675875;6990833.88731614;0.0497676119164343;0.00112823174062463;1.10621637259051;-0.0288336418952334;-2.30568380600349
44520;-4729482.88825083;-2326984.26234251;-4913269.31802198;5704.8515675021;-2187.76857354037;-4034.97763007009;6990412.14693148;0.0497966423752088;0.002259586937182;1.10620052866781;-0.0288539107115418;-2.2763807448885
44550;-4556098.71109873;-2391491.93035383;-5031939.22053884;5853.25585346345;-2112.3553984924;-3875.62313646106;6989990.46083039;0.0498215928782408;0.00343925028291533;1.10618478686463;-0.0288753323408425;-2.24705374681873
44580;-4378338.63026658;-2453702.60304544;-5145763.6924765;5996.55111645336;-2034.64407771125;-3711.96760310271;6989570.28683847;0.0498422114988891;0.00465979572887909;1.10616920592751;-0.0288979066594361;-2.21769328758911
44610;-4196358.37193799;-2513548.11570494;-5254615.40808504;6134.57390996845;-1954.68699969317;-3544.12553648092;6989153.11425714;0.0498582761856678;0.00591333301637571;1.10615384498787;-0.0289216296681694;-2.18828942309406
44640;-4010318.54209591;-2570961.91252101;-5358370.55016958;6267.16238800701;-1872.53904383568;-3372.21634786666;6988740.46048037;0.0498695970769454;0.00719154937198681;1.10613876337611;-0.0289464934085927;-2.15883183341132
44670;-3820384.57598242;-2625879.12201054;-5456908.95849059;6394.15647523614;-1788.25762696937;-3196.36443670477;6988333.86726243;0.0498760186869462;0.00848575459335398;1.10612402042687;-0.0289724858883359;-2.12930987035101
44700;-3626726.68228779;-2678236.6338274;-5550114.2806272;6515.39804825976;-1701.90274888275;-3016.6992713208;6987934.89662252;0.0498774219454457;0.00978692960652558;1.10610967527566;-0.0289995910166965;-2.0997126085501
44730;-3429519.78173161;-2727973.17691803;-5637874.12521356;6630.73112824488;-1613.53703653069;-2833.35546630817;6987545.12637331;0.0498737260722617;0.0110857785867029;1.10609578664699;-0.0290277885514634;-2.07002890020294
44760;-3228943.43969196;-2775029.39897936;-5720080.21743863;6740.00208513628;-1523.22578659758;-2646.47285592044;6987166.14526286;0.0498648902662724;0.0123727847379487;1.10608241263431;-0.0290570540580404;-2.04024743352194
44790;-3025181.79253171;-2819347.94716474;-5796628.55667891;6843.05985365886;-1431.03700606597;-2456.19656275441;6986799.547721;0.0498509151873077;0.0136382698230265;1.10606961047228;-0.0290873588819547;-2.01035679501745
44820;-2818423.46726585;-2860873.54997226;-5867419.57611167;6939.75616127168;-1337.04145042116;-2262.67706097088;6986446.92820462;0.0498318442078563;0.014872457520038;1.10605743630155;-0.0291186701358582;-1.98034553567108
44850;-2608861.49420937;-2899553.10023903;-5932358.30413306;7029.94576819752;-1241.3126591015;-2066.07023326081;6986109.87513882;0.0498077644102146;0.016065540656757;1.106045944927;-0.0291509507021381;-1.95020224105018
44880;-2396693.21224195;-2935335.73915249;-5991354.52738095;7113.48671960718;-1143.92698778326;-1866.53742072496;6985789.96445432;0.0497788073034947;0.017207752335053;1.10603518956979;-0.0291841592522579;-1.91991560537237
44910;-2182120.16632452;-2968172.94117736;-6044322.95513709;7190.24060998734;-1044.96363706827;-1664.24546479679;6985488.75272582;0.0497451492338972;0.018289440904696;1.10602522161423;-0.0292182502839365;-1.88947450947514
44940;-1965347.99690219;-2998018.59978376;-6091183.38485631;7260.07285966532;-944.504677121957;-1459.36674030003;6985207.76991947;0.049707011460929;0.0193011486779258;1.1060160903503;-0.0292531741772566;-1.85886810257719
44970;-1746586.32083016;-3024829.11384769;-6131860.86854264;7322.85300340216;-842.635067789132;-1252.07917869579;6984948.51176302;0.0496646598718739;0.0202336941913645;1.10600784271284;-0.0292888772707571;-1.82808588763245
45000;-1526048.6034626;-3048563.47458116;-6166285.87966351;7378.45499089801;-739.442673695886;-1042.56628053903;6984712.43175655;0.0496184043069265;0.0210782577204176;1.10600052301857;-0.0293253019585171;-1.7971178099761
45030;-1303952.02155059;-3069183.35283372;-6194394.48026317;7426.75749897938;-635.018273826925;-831.017116131251;6984500.93284787;0.0495685974680642;0.0218264696325464;1.10599417270226;-0.0293623868091774;-1.76595434884196
45060;-1080517.31660287;-3086653.18659192;-6216128.48790559;7467.64425515726;-529.455565050813;-617.62631332687;6984315.35880167;0.0495156333860874;0.0224705010308182;1.10598883005339;-0.0294000667077653;-1.73458661119535
45090;-855968.638374227;-3100940.26848692;-6231435.64204558;7501.00437215744;-422.851159049694;-402.594031423826;6984156.98529836;0.04945994542239;0.0230031559881716;1.10598452995486;-0.029438273021094;-1.70300642717354
45120;-630533.378159398;-3112014.83310418;-6240269.76939424;7526.73269293013;-315.304572096324;-186.125920047452;6984027.01080456;0.0494020037850679;0.0234179645094965;1.1059813036254;-0.0294769337873937;-1.67120644626208
45150;-404441.991586809;-3119850.143872;-6242590.94781199;7544.73014554456;-206.918207109748;31.5669380806601;6983926.54726404;0.0493423125430101;0.0237092751844459;1.1059791783674;-0.0295159739307022;-1.63918023316031
45180;-177927.810625819;-3124422.57928875;-6238365.66822895;7554.90410726634;-97.797327412156;250.268101608061;6983856.61066482;0.0492814061267451;0.0238723463148981;1.10597817732214;-0.0295553155003888;-1.60692236210951
45210;48773.1554560157;-3125711.71823102;-6227566.99405884;7557.1687770005;11.9499783961399;469.75586337472;6983818.11154506;0.0492198453110939;0.023903434121574;1.1059783192343;-0.0295948779360221;-1.57442850827716
45240;275422.430422894;-3123700.42406748;-6210174.71753875;7551.44555516177;122.212841028669;689.803362714383;6983811.84550756;0.0491582126821479;0.0237998764620116;1.10597961822781;-0.029634578357598;-1.54169553461772
45270;501779.292895078;-3118374.92728569;-6186175.51239386;7537.66342990696;232.877665154625;910.178718342191;6983838.48381937;0.0490971075997408;0.023560170335163;1.10598208359539;-0.0296743318809459;-1.50872157247268
45300;727601.009840799;-3109724.90632168;-6155563.08219308;7515.75936853094;343.828194666692;1130.64518291499;6983898.56418007;0.0490371406763697;0.0231840413150141;1.10598571960369;-0.0297140519578998;-1.47550609403898
45330;952643.081870971;-3097743.56626504;-6118338.30372962;7485.67871269076;454.945589139086;1350.96132031837;6983992.48174875;0.0489789278043361;0.022672502957295;1.10599052531663;-0.0297536507405866;-1.44204997473617
45360;1176659.50042978;-3082427.71509557;-6074509.3647293;7447.37557598045;566.108512022412;1570.88120669032;6984120.4805253;0.0489230837745556;0.022027904169957;1.10599649443895;-0.0297930394689249;-1.40835554344839
45390;1399403.01692765;-3063777.83709141;-6024091.89516016;7400.81324223503;677.193231098121;1790.1546561348;6984282.64518782;0.0488702155427931;0.0212539625394479;1.10600361518255;-0.0298321288801601;-1.3744266186182
45420;1620625.42381241;-3041798.16303355;-5967109.09138913;7345.96456279554;788.073731684815;2008.52747200787;6984478.89349189;0.0488209152117164;0.0203557816709841;1.10601187015764;-0.0298708296389792;-1.34026852823486
45450;1840077.84751902;-3016496.73681699;-5903591.83240646;7282.81235082062;898.621843050922;2225.7417245744;6984708.96934186;0.0487757528097524;0.019339850739539;1.10602123629121;-0.0299090527864613;-1.3058881118978
45480;2057511.05317881;-2987885.47806641;-5833578.78731604;7211.34977058453;1008.70737844291;2441.53605573306;6984972.43664655;0.0487352689598603;0.0182140246647956;1.1060316847748;-0.0299467102058225;-1.27129370335201
45510;2272675.76090508;-2955980.24034208;-5757116.51327049;7131.58071955926;1118.19828908478;2655.64601139121;6985268.67407373;0.0486999675425216;0.0169874836204819;1.10604318104378;-0.0299837151026184;-1.23649509218913
45540;2485322.97340383;-2920800.8645126;-5674259.5430145;7043.52020094093;1226.96083244292;2867.8044019385;6985596.8708174;0.0486703084669869;0.0156706709645685;1.10605568478994;-0.030019982496768;-1.20150346378365
45570;2695204.31458629;-2882371.22686272;-5585070.46118847;6947.19468415024;1334.85975497982;3077.74169111869;6985956.02349085;0.0486467006726136;0.0142752091266298;1.10606915000936;-0.0300554297234748;-1.16633131698355
45600;2902072.37878373;-2840719.28149934;-5489619.96853825;6842.64245071626;1441.75848954144;3285.18641343253;6986344.93425496;0.048629495487467;0.0128137935009175;1.10608352508695;-0.0300899769398378;-1.13099235958667
45630;3105681.09008601;-2795877.09661557;-5387986.93317507;6729.91392284386;1547.51936743464;3489.86562002102;6986762.21028657;0.0486189804738347;0.0113000649540612;1.10609875291911;-0.0301235476336806;-1.09550138219485
45660;3305786.07124251;-2747880.88417249;-5280258.42803482;6609.07197187075;1652.00384515501;3691.50535277856;6987206.2646846;0.0486153738895117;0.00974846214495408;1.10611477107563;-0.0301560691308769;-1.05987411162644
45690;3502145.02147935;-2696771.02256093;-5166529.75369583;6480.1922037435;1755.07274562021;3889.83114622946;6987675.31890273;0.0486188198894501;0.00817405544847684;1.10613151200138;-0.0301874730972322;-1.02412704566247
45720;3694518.10249966;-2642592.07181185;-5046904.4457325;6343.36321858449;1856.58651365085;4084.56855647067;6988167.40678647;0.0486293845844751;0.00659236484907224;1.10614890325859;-0.0302176960307865;-0.988277271476412
45750;3882668.33184511;-2585392.78093304;-4921494.265806;6198.68684138795;1956.40548532089;4275.4437162391;6988680.38027933;0.0486470530622919;0.00501916469880711;1.10616686780951;-0.0302466797402456;-0.952342270626862
45780;4066361.98270826;-2525226.08696349;-4790419.17572573;6046.27832087427;2054.39017067209;4462.183914906;6989211.91684758;0.0486717274611355;0.00347027869197027;1.1061853243393;-0.0302743718051312;-0.916339713950476
45810;4245368.98919583;-2462149.10535368;-4653807.29375508;5886.266493551;2150.40154915442;4644.51820193487;6989759.52865595;0.0487032261684869;0.00196136877189158;1.10620418761841;-0.0303007260131665;-0.880287250057181
45840;4419463.35595563;-2396223.1113012;-4511794.83248277;5718.79391007861;2244.3013770171;4822.17801206637;6990320.57350758;0.0487412841967857;0.000507721936923129;1.10622336890339;-0.030325702770388;-0.844202291381902
45870;4588423.57099363;-2327513.51169677;-4364526.0176376;5544.01692112129;2335.95250573426;4994.89781021598;6990892.26754065;0.0487855547656319;-0.000875960961627589;1.10624277637446;-0.0303492694795024;-0.808101801874129
45900;4752033.02042484;-2256089.8073649;-4212152.98728888;5362.10571997951;2425.21921040725;5162.4157537918;6991471.6996521;0.0488356120962723;-0.00217577034248033;1.10626231560792;-0.0303714008820907;-0.77200209040233
45930;4910080.40382282;-2182025.54531778;-4054835.67094786;5173.24433945336;2511.9675269432;5324.47436986302;6992055.84759503;0.0488909553999926;-0.00337878298814566;1.1062818900809;-0.0303920793604038;-0.735918613814695
45960;5062360.14875875;-2105398.26077864;-3892741.64816641;4977.63060057483;2596.06559666966;5480.82124433959;6992641.59567229;0.0489510140181346;-0.00447324341934068;1.10630140170562;-0.0304112951946913;-0.699865793339338
45990;5208672.82305346;-2026289.40877349;-3726045.98631864;4775.47601107329;2677.38401690849;5631.2097200636;6993225.75392383;0.0490151536485798;-0.00544872822953828;1.10632075138969;-0.0304290467722721;-0.663856847639204
46020;5348825.54320572;-1944784.28513615;-3554931.05734762;4567.00561170194;2755.79619590239;5775.39960046721;6993805.07868028;0.0490826835723582;-0.00629629051832575;1.1063398396189;-0.0304453407448713;-0.627903645379631
46050;5482632.37740811;-1860971.93682169;-3379586.33336323;4352.45776885245;2831.17871036512;5913.15785522519;6994376.29433077;0.0491528647751297;-0.00700858208854334;1.10635856705818;-0.0304601921311333;-0.592016579642178
46080;5609914.7415198;-1774945.06147686;-3200208.16108749;4132.08391221936;2903.41166381546;6044.25932412698;6994936.11612922;0.0492249188421059;-0.00757995163963102;1.10637683516635;-0.0304736243616553;-0.556204465952979
46110;5730501.78633355;-1686799.89627288;-3016999.51525961;3906.14821664312;2972.37904375586;6168.48741521678;6995481.27384083;0.0492980374918412;-0.00800651777307238;1.10639454681987;-0.0304856692643741;-0.520474465112557
46140;5844230.7744543;-1596636.09606536;-2830169.73123386;3674.9272276571;3037.96907567332;6285.63479310663;6996008.53600995;0.0493713926044081;-0.00828621620041614;1.10641160694042;-0.0304963669886818;-0.48483203144168
46170;5950947.44509849;-1504556.60100798;-2639934.21712794;3438.70943068699;3100.0745717727;6395.50405325862;6996514.73461266;0.0494441465928471;-0.0084188210889554;1.1064279231211;-0.0305057658672198;-0.449280886515493
46200;6050506.36512855;-1410667.49380979;-2446514.14600664;3197.79476429599;3158.59327230518;6497.90837796342;6996996.78984126;0.0495154629633256;-0.00840594097609609;1.10644340624577;-0.0305139222149228;-0.413823017964506
46230;6142771.26465543;-1315077.84689079;-2250136.1287145;2952.49407833053;3213.42817732682;6592.67216971549;6997451.73475692;0.0495845169090455;-0.00825099011808521;1.10645797109596;-0.0305209000655235;-0.378458702488692
46260;6227615.35557514;-1217899.55975552;-2051031.86809983;2703.12853829462;3264.48786671678;6679.63165770372;6997876.73953728;0.0496505057852783;-0.00795913650282358;1.10647153693981;-0.030526770846394;-0.343186551869129
46290;6304921.63145184;-1119247.18696901;-1849437.79550006;2450.02897775932;3311.68680630279;6758.63547320116;6998269.13504237;0.049712659317729;-0.00753722804660105;1.10648402809746;-0.0305316129932732;-0.3080035804738
46320;6374583.14722171;-1019237.75718398;-1645594.69048347;2193.5352010911;3354.9456379828;6829.54518975077;6998626.43542166;0.0497702494033702;-0.00699369871095564;1.1064953744775;-0.0305355115071008;-0.272905292539924
46350;6436503.27726737;-917990.583729969;-1439747.2849628;1933.99523925261;3394.19145179811;6892.23582420572;6998946.35948982;0.0498225993715934;-0.00633845642297344;1.10650551207915;-0.030538557455843;-0.23788578737021
46380;6490595.95050182;-815627.067335672;-1232143.85291195;1671.76456188391;3429.35803800337;6946.59629489265;6999226.85060778;0.0498690925836798;-0.00558275476756669;1.10651438345526;-0.030540847424838;-0.202937880497137
46410;6536785.8612042;-712270.491612317;-1023035.78702452;1407.20524930605;3460.38611729364;6992.5298334226;6999466.09481909;0.0499091802598688;-0.00473905045308844;1.10652193813151;-0.0305424829197999;-0.168053238838443
46440;6575008.65446441;-608045.811979376;-812677.163753592;1140.68512849317;3487.22354748561;7029.95434697562;6999662.53701011;0.0499423884354219;-0.00382084854308921;1.10652813297727;-0.0305435697271933;-0.133222527877204
46470;6605211.08522139;-503079.438762534;-601324.298261604;872.576877430168;3509.8255051097;7058.80272822779;6999814.89488416;0.0499683239598147;-0.00284253740862893;1.10653293252464;-0.0305442172372105;-0.0984355689398413
46500;6627351.15001668;-397499.015237518;-389235.290888954;603.257102601575;3528.15464054889;7079.0231104699;6999922.17056656;0.0499866794663519;-0.0018192152986808;1.10653630923209;-0.0305445377350483;-0.0636815047035944
46530;6641398.19073232;-291433.191431412;-176669.566817167;333.105394640578;3542.18120555711;7090.57906588092;6999983.65968648;0.0499972372529122;-0.00076651036156005;1.10653824369001;-0.0305446456665734;-0.0289489711307239
46560;6647332.96973601;-185011.394524934;36112.5893429456;62.503367398733;3551.88315220307;7093.44974536097;6999998.95781446;0.0499998720281325;0.000299604112573706;1.10653872476604;-0.0305446568847921;0.00577372590947326
46590;6645147.71601758;-78363.5967244131;248850.502266784;-208.166314126432;3557.24620251039;7087.62995879247;6999967.96416903;0.0499945524910041;0.00136299751131337;1.1065377496886;-0.0305446878837792;0.0404984310158619
46620;6634846.1420654;28379.9185094007;461283.576136946;-478.520911450192;3558.26388830011;7073.13019507748;6999890.88254247;0.0499813417255871;0.00240757110243157;1.10653532406767;-0.0305448550268827;0.0752369582748958
46650;6616443.43139944;135088.790977376;673151.764559329;-748.178590231726;3554.93756098284;7049.97658178826;6999768.21943319;0.0499603964062747;0.00341744695770628;1.10653146185279;-0.0305452737760912;0.110000910553245
46680;6589966.19684602;241632.81810064;884196.038366435;-1016.75939226631;3547.27637129219;7018.21078475889;6999600.77940982;0.0499319648227834;0.00437715493302429;1.10652618522846;-0.0305460579294401;0.144801500696329
46710;6555452.40980681;347882.18822298;1094158.84951711;-1283.8861962913;3535.29721919515;6977.88984843214;6999389.65776968;0.0498963837477857;0.00527181601481272;1.1065195244483;-0.0305473188732256;0.179649376290573
46740;6512951.30093947;453707.711968867;1302784.58933359;-1549.18566218256;3519.02467445516;6929.08597825115;6999136.23058984;0.0498540741838032;0.00608732029940775;1.10651151760954;-0.0305491648556122;0.214554449691169
46770;6462523.23282731;558981.050786732;1509820.03936215;-1812.28915329948;3498.49086855633;6871.88626684198;6998842.14230341;0.0498055360396351;0.00681049781467357;1.10650221037036;-0.0305517002879463;0.2495257350752
46800;6404239.54536932;663574.941831761;1715014.81320299;-2072.8336319732;3473.73535892026;6806.39236616662;6998509.29096522;0.0497513418001417;0.00742928032870107;1.10649165561291;-0.0305550250797418;0.284571194345426
46830;6338182.37476774;767363.418373591;1918121.78772586;-2330.46252341929;3444.80496655588;6732.72010822887;6998139.81139945;0.0496921292665588;0.00793285222727084;1.10647991305564;-0.0305592340128854;0.319697593774408
46860;6264444.44712718;870222.024951448;2118897.52217181;-2584.82654368857;3411.75358847634;6650.99907728399;6997736.05644672;0.0496285934575409;0.00831178848978406;1.10646704881878;-0.0305644161601235;0.354910373332019
46890;6183128.84780533;972028.026541947;2317102.66373426;-2835.58448764246;3374.64198639202;6561.37213683208;6997300.57654891;0.0495614777736992;0.00855817776375118;1.10645313494758;-0.0305706543523569;0.390213530670566
46920;6094348.76776963;1072660.61105247;2512502.33831599;-3082.40397334551;3333.53755334373;6463.99491496189;6996836.09792679;0.0494915645402591;0.00866572854195098;1.10643824889789;-0.0305780246986781;0.425609521739528
46950;5998227.22831616;1172001.08450493;2704866.52526896;-3324.96213970194;3288.51406007311;6359.03525185233;6996345.49961723;0.0494196650533993;0.00862985649572361;1.10642247298936;-0.0305865961624679;0.461099179954396
46980;5894896.78559533;1269933.05833046;2893970.41504142;-3562.94629461776;3239.6513830378;6246.67261343311;6995831.78964485;0.0493466092655407;0.00844775112285536;1.1064058938314;-0.030596430196212;0.496681655741168
47010;5784499.21646354;1366342.62825406;3079594.74877887;-3796.05451143841;3187.03521606522;6127.09747535085;6995298.08060528;0.0492732352530056;0.00811842003838109;1.10638860172754;-0.0306075804370352;0.532354378110288
47040;5667185.18724034;1461118.54430904;3261526.13905153;-4023.99617188746;3130.75676770186;6000.51068148442;6994747.56493629;0.0492003786157338;0.00764270947741443;1.10637069006364;-0.0306200924642727;0.568113039675237
47070;5543113.90699676;1554152.37158364;3439557.37100926;-4246.49245420793;3070.91244635362;5867.1227813021;6994183.49014706;0.0491288619627703;0.00702329989445279;1.10635225468559;-0.0306340036197301;0.60395160621788
47100;5412452.76703229;1645338.64136499;3613487.68339338;-4463.27676567728;3007.60353532895;5727.15335035613;6993609.13426618;0.0490594846386942;0.00626467593204116;1.10633339327198;-0.0306493428906246;0.639862351516562
47130;5275376.96821598;1734574.99240938;3783123.02896379;-4674.09511912546;2940.93585988955;5580.83029816904;6993027.78175611;0.04899301284475;0.00537307048832124;1.1063142047072;-0.0306661308545649;0.67583591769856
47160;5132069.13787168;1821762.30213008;3948276.3140258;-4878.70645352541;2871.01944838597;5428.38916768337;6992442.70012493;0.0489301703039473;0.00435638312705905;1.10629478846011;-0.0306843796853223;0.711861400866742
47190;4982718.93787878;1906804.80755601;4108767.61686468;-5076.8828991441;2797.9681895081;5270.07243032542;6991857.1174478;0.0488716296116552;0.00322407363085048;1.10627524397344;-0.03070409321758;0.74792646119542
47220;4827522.66563957;1989610.21597423;4264424.38501528;-5268.40998813389;2721.89948761508;5106.1287805788;6991274.20098876;0.0488180044022126;0.00198703207837503;1.10625567006837;-0.0307252670683218;0.784017456112427
47250;4666682.84953211;2070089.8052273;4415081.61140818;-5453.08681180596;2642.93391802822;4936.81243377752;6990697.03709087;0.0487698424478811;0.00065742740763213;1.10623616436889;-0.0307478888120537;0.820119594605493
47280;4500407.84042542;2148158.5136912;4560581.98954179;-5630.72612615706;2561.19488407492;4762.38243061692;6990128.61247864;0.0487276197893237;-0.000751463016388809;1.10621682274986;-0.030771938206629;0.856217110136565
47310;4328911.40078209;2223735.02001214;4700776.04793187;-5801.15440751535;2476.80827756466;4583.10195164687;6989571.7970916;0.0486917359770575;-0.00222543980454577;1.10619773881231;-0.0307973874660898;0.892293449143015
47340;4152412.29281346;2296741.81272868;4835522.26418337;-5964.21186042971;2389.90214426106;4399.23764476109;6989029.32854325;0.0486625104815003;-0.0037495804603613;1.10617900338933;-0.0308242015766346;0.928331471675083
47370;3971133.86708538;2367105.24995127;4964687.15911676;-6119.75238014865;2300.60635578978;4211.05896843232;6988503.79827461;0.0486401803059292;-0.00530844701956343;1.10616070408509;-0.0308523386515808;0.964313660385846
47400;3785303.65289936;2434755.60931197;5088145.37145882;-6267.64347221972;2209.05228929151;4018.83755317014;6987997.63944757;0.0486248988125817;-0.00688629840120436;1.10614292484951;-0.030881750321011;1.00022233387175
47430;3595152.95169553;2499627.12843485;5205779.71367836;-6407.76613188937;2115.37251599656;3822.84658340108;6987513.11660016;0.0486167357480312;-0.00846730336601124;1.10612574559022;-0.0309123821516706;1.0360398602699
47460;3400916.43464183;2561658.03621069;5317481.2096091;-6540.0146860957;2019.70049976152;3623.36020169133;6987052.31706412;0.0486156784306068;-0.0100357500163744;1.10610924182347;-0.0309441740926171;1.07174886705848
47490;3202831.74548872;2620790.57518858;5423149.11455513;-6664.29660092686;1922.17030647431;3420.65293695657;6986617.14412465;0.0486216340407672;-0.0115762479417575;1.10609348436468;-0.0309770609421176;1.10733244317704
47520;3001139.10968166;2676971.01542265;5522690.91862013;-6780.53225746429;1822.91632509998;3214.99915803205;6986209.31188426;0.048634432935642;-0.0130739194040488;1.10607853905947;-0.031010972831328;1.14277432987527
47550;2796080.95063578;2730149.66013288;5616022.33403819;-6888.65469894845;1722.07300100984;3006.67255371338;6985830.3417756;0.0486538328920044;-0.0145145763551336;1.10606446655513;-0.031045835720378;1.17805909709742
47580;2587901.51398919;2780280.84355671;5703067.26731394;-6988.60935219394;1619.77458211063;2795.94564012606;6985481.56065407;0.0486795241681792;-0.0158848805630222;1.10605132211238;-0.0310815719026188;1.21317230269433
47610;2376846.50056377;2827322.92138157;5783757.77700179;-7080.35372614669;1516.15487817002;2583.08929604195;6985164.10038839;0.0487111352651015;-0.0171724846700183;1.10603915545692;-0.0311181005129597;1.24810063230264
47640;2163162.70867672;2871238.25415881;5858034.01796901;-7163.85709041819;1411.34703362078;2368.37232653489;6984878.89885701;0.0487482392600826;-0.0183661525902437;1.10602801066979;-0.0311553380364222;1.28283201831527
47670;1947097.68636169;2911993.1841063;5925844.17299602;-7239.10013655571;1305.48331401872;2152.06105515699;6984626.70225013;0.0487903605837543;-0.0194558582492362;1.10601792611537;-0.0311931988132726;1.31735573696261
47700;1728899.39397745;2949558.00571053;5987144.37256995;-7306.07462471324;1198.69490623028;1934.4189446228;6984408.06857063;0.048836982111019;-0.0204328622495241;1.10600893440571;-0.0312315955373474;1.35166248310545
47730;1508815.8776032;2983906.93054032;6041898.60372409;-7364.78301828077;1091.11173233357;1715.70624581055;6984223.37222308;0.0488875524403094;-0.0212897665926479;1.10600106239939;-0.0312704397444582;1.38574442288736
47760;1287094.95354508;3015018.046682;6090078.60876797;-7415.23810890976;982.862277133249;1496.17967472894;6984072.80957734;0.0489414932416869;-0.0220205480807084;1.10599433123316;-0.0313096422880467;1.41959522488642
47790;1063983.90420688;3042873.27320221;6131663.77473988;-7457.4626342444;874.073429114335;1276.09211695422;6983956.40539227;0.0489982065628123;-0.0226205714464031;1.10598875638437;-0.0313491137995558;1.45321007083244
47820;839729.185510892;3067458.31003794;6166641.01439693;-7491.48889053243;764.870334592445;1055.69235891486;6983874.0199859;0.0490570819921104;-0.0230865836105918;1.10598434776203;-0.0313887651312778;1.48658564730508
47850;614576.145991685;3088762.5837053;6195004.63953733;-7517.3583421495;655.376264758805;835.224845290872;6983825.35704003;0.0491175035900086;-0.0234166907363442;1.10598110982432;-0.0314285077797392;1.5197201200984
47880;388768.757626556;3106779.1892087;6216756.22742607;-7535.12122992737;545.712495266766;614.929461699563;6983809.97193071;0.0491788565114711;-0.0236103199381802;1.10597904172032;-0.0314682542879769;1.55261309312618
47910;162549.358412132;3121504.82852087;6231904.48106932;-7544.83618003259;435.998197962352;395.041341759582;6983827.28047983;0.0492405332557004;-0.0236681676187472;1.10597813745355;-0.0315079186253436;1.5852655538559
47940;-63841.5933538841;3132939.74599153;6240465.0840542;-7546.56981499787;326.350344324364;175.790697559603;6983876.56802817;0.0493019394914458;-0.0235921364483195;1.10597838606513;-0.0315474165437621;1.61767980730143
47970;-290165.753172623;3141087.66102913;6242460.55064099;-7540.39636836687;216.883620149097;-42.59732749459;6983956.99873607;0.0493624994184853;-0.0233852629844656;1.10597977183418;-0.0315866659096091;1.64985940058617
48000;-516187.112954198;3145955.69838571;6237920.0717631;-7526.39730427371;107.710350990599;-259.90278452082;6984067.6250237;0.0494216606372604;-0.023051637859416;1.1059822744933;-0.0316255870106615;1.68180904001779
48030;-741672.212304245;3147554.31636002;6226879.35755789;-7504.66094314344;-1.05956215107275;-475.911024783974;6984207.39706995;0.0494788985091253;-0.0225963203514566;1.10598586945676;-0.0316641028377741;1.71353450250383
48060;-966390.338686656;3145897.23321844;6209380.47701806;-7475.28209456951;-109.318697414251;-690.412786215508;6984375.17229538;0.0495337199990923;-0.022025249014714;1.10599052805945;-0.0317021393411742;1.74504254299486
48090;-1190113.71669208;3141001.35211772;6185471.69532005;-7438.36169829902;-216.962157461725;-903.204261951331;6984569.72476205;0.049585667001203;-0.0213451498784679;1.10599621780448;-0.0317396256614572;1.77634079947792
48120;-1412617.68666788;3132886.68479745;6155207.30935203;-7394.00647413779;-323.887606201498;-1114.08715201111;6984789.75442975;0.0496343191537287;-0.0205634435515866;1.10600290261734;-0.0317764943355517;1.80743769686657
48150;-1633680.87298795;3121576.2742942;6118647.48193029;-7342.32858147431;-429.995297375419;-1322.86869923529;6985033.89621542;0.0496792961572819;-0.0196881523876266;1.10601054310511;-0.0318126814780827;1.8383423509534
48180;-1853085.34225999;3107096.11691336;6075858.07515996;-7283.44528901553;-535.188095545592;-1529.36171058305;6985300.7288092;0.0497202596136801;-0.0187278086882044;1.10601909681858;-0.0318481269387063;1.8690644734118
48210;-2070616.75178444;3089475.08367889;6026910.48336273;-7217.47865522791;-639.371490002235;-1733.38456487545;6985588.78320711;0.0497569144070895;-0.0176913647513057;1.10602851851601;-0.0318827744361128;1.89961427866249
48240;-2286064.48859223;3068744.8414655;5971881.46596236;-7144.55521988445;-742.45360210782;-1934.76120804467;6985896.55092708;0.0497890096517077;-0.0165881054115365;1.10603876042693;-0.0319165716695062;1.93000239325962
48270;-2499221.79939964;3044939.77400272;5910852.9806871;-7064.80570703208;-844.345186581299;-2133.32113692261;6986222.49188048;0.0498163392320989;-0.0154275635737957;1.10604977251448;-0.0319494704084525;1.96023976830524
48300;-2709885.91182648;3018096.90292517;5843912.01741784;-6978.36473961479;-944.959627213325;-2328.89937257097;6986565.04187775;0.0498387419634056;-0.0142194391119202;1.10606150273533;-0.0319814265620676;1.99033759527024
48330;-2917858.14722992;2988255.80902887;5771150.43298107;-6885.37056591434;-1044.21292748898;-2521.33642412179;6986922.61975119;0.0498561013991271;-0.0129735213912031;1.10607389729583;-0.0320124002285691;2.02030722548646
48360;-3122944.02551009;2955458.55387959;5692664.78715729;-6785.9647979041;-1142.02369657888;-2710.47824406142;6987293.63408373;0.0498683453140795;-0.01169961557763;1.10608690090349;-0.0320423557262618;2.05016009347813
48390;-3324953.36224551;2919749.60190524;5608556.18014789;-6680.29216155062;-1238.31313114291;-2896.1761758537;6987676.48953628;0.0498754448896572;-0.0104074728178055;1.10610045701304;-0.0320712616070543;2.07990764422122
48420;-3523700.3585165;2881175.74309171;5518930.09171763;-6568.50025904247;-1333.0049933736;-3078.2868947601;6988069.59277075;0.0498774136276789;-0.00910672431074092;1.10611450806599;-0.0320990906536222;2.10956126435574
48450;-3719003.6837737;2839786.01638861;5423896.2222042;-6450.73934287655;-1426.02558568821;-3256.67234267522;6988471.35796948;0.0498743060180145;-0.0078068192445094;1.10612899572347;-0.0321258198613369;2.13913221732759
48480;-3910686.55210553;2795631.63391959;5323568.33556266;-6327.16210168753;-1517.30372246068;-3431.19965775698;6988880.21195499;0.0498662159839422;-0.00651696653688077;1.10614386109144;-0.0321514304060772;2.16863158240186
48510;-4098576.79225487;2748765.90608052;5218064.10458985;-6197.92345766665;-1606.77069916605;-3601.74109959168;6989294.59891682;0.0498532751278225;-0.00524608029712114;1.106159044938;-0.0321759075990229;2.19807019746709
48540;-4282506.91172981;2699244.16759759;5107504.95845191;-6063.18037538099;-1694.36025929206;-3768.1739705949;6989712.98475495;0.0498356507982849;-0.00400272891533507;1.1061744879025;-0.0321992408295114;2.2274586055389
48570;-4462314.15534727;2647123.70460736;4992015.93261799;-5923.09168177349;-1780.00855935429;-3930.38053431098;6990133.86105119;0.0498135439987253;-0.00279508768405019;1.10619013069599;-0.0322214234970067;2.25680700486881
48600;-4637840.55854128;2592463.68281084;4871725.52128361;-5777.81789709733;-1863.65413233332;-4088.24793123621;6990555.74868196;0.0497871871555777;-0.00163089486340729;1.10620591429297;-0.0322424529331983;2.28612520257095
48630;-4808932.99575998;2535325.07674426;4746765.532349;-5627.52107651453;-1945.23784983516;-4241.66809275389;6990977.20108727;0.0497568417635547;-0.000517411113811402;1.10622178011438;-0.0322623303152026;2.31542257169073
48660;-4975443.22426691;2475770.6002007;4617270.9450009;-5472.36466206895;-2024.70288325864;-4390.5376537339;6991396.80721191;0.0497227959239101;0.000538617761827938;1.10623767020152;-0.0322810605708024;2.34470801165802
48690;-5137227.92365329;2413864.63782816;4483379.76992974;-5312.51334472665;-2101.99466423733;-4534.75786431474;6991813.19413597;0.0496853617907452;0.00153099480283799;1.10625352738119;-0.0322986522766059;2.37398991208804
48720;-5294148.73135855;2349673.17792212;4345232.91219965;-5148.13293616245;-2177.06084460694;-4674.23450135267;6992225.02941217;0.0496448729395019;0.00245410261492242;1.10626929542196;-0.0323151175499626;2.40327611991697
48750;-5446072.27448647;2283263.74642325;4202974.03677417;-4979.39024995933;-2249.85125613405;-4808.8777799906;6992631.02312838;0.0496016816710591;0.00330293082083508;1.10628491918168;-0.0323304719354183;2.43257390988447
48780;-5592870.19819424;2214705.34212401;4056749.43668792;-4806.45299187824;-2320.31787022676;-4938.60226576856;6993029.92971359;0.0495561562642589;0.00407310019969795;1.10630034474644;-0.0323447342864408;2.46188995839988
48810;-5734419.19092126;2144068.37308167;3906707.90384177;-4629.48965884778;-2388.41475783375;-5063.32678766831;6993420.54950592;0.0495086781892739;0.00476088345267816;1.10631551956107;-0.0323579266430942;2.49123032085301
48840;-5870601.00671407;2071424.59422905;3753000.60238814;-4448.66944631771;-2454.09804972425;-5182.97435245662;6993801.73010105;0.0494596392939318;0.00536322251094401;1.10633039255152;-0.0323700741062853;2.52060041245214
48870;-6001302.48489272;1996847.04616893;3595780.94466222;-4264.16216361582;-2517.32589732864;-5297.47206066518;6994172.3674994;0.0494094389749695;0.00587774228278486;1.10634491423916;-0.0323812047091564;2.55000499269047
48900;-6126415.56729345;1920409.9951327;3435204.46960539;-4076.13815694472;-2578.05843430675;-5406.75102451967;6994531.40706972;0.0493584813461616;0.00630276072184326;1.10635903684745;-0.0323913492861419;2.57944815355722
48930;-6245837.31331131;1842188.8740791;3271428.72361775;-3884.76823965368;-2636.25773899911;-5510.74628810696;6994877.84434679;0.049307172415339;0.00663729508835491;1.10637271440114;-0.032400541340159;2.60893331161919
48960;-6359469.9129554;1762260.22490437;3104613.14376885;-3690.2236294196;-2691.88779790528;-5609.39675004622;6995210.7256799;0.049255917282473;0.00688106427065436;1.10638590281828;-0.0324088169083523;2.63846320410343
48990;-6467220.69811872;1680701.64173093;2934918.94328755;-3492.6758919717;-2744.91447032266;-5702.64508890894;6995529.14874851;0.0492051173712217;0.00703448703552999;1.10639855999534;-0.0324162144267633;2.66803988910981
49020;-6569002.15225327;1597591.715238;2762508.99924529;-3292.29689099518;-2795.30545426918;-5790.43769161211;6995832.26296059;0.0491551677065867;0.00709867608404801;1.10641064588575;-0.0324227745942527;2.69766475007435
49050;-6664731.91863044;1513009.97799378;2587547.74234028;-3089.25874385089;-2843.03025380375;-5872.72458499042;6996119.26974867;0.0491064542515997;0.00707542780411439;1.1064221225721;-0.0324285402359549;2.72733850458951
49080;-6754332.80735576;1427036.85074576;2410201.04868457;-2883.73378274985;-2888.06014784961;-5949.45937073485;6996389.42277746;0.0490593513162034;0.00696720763250549;1.1064329543323;-0.0324335561665095;2.75706121766569
49110;-6837732.80129608;1339753.58962256;2230636.13349021;-2675.8945210239;-2930.36816061679;-6020.59916386871;6996642.0280765;0.0490142190516981;0.00677713096746444;1.10644310770002;-0.032437869053268;2.78683231949013
49140;-6914865.06106704;1251242.234198;2049021.44654624;-2465.91362413646;-2969.92903371262;-6086.10453491607;6996876.44411027;0.0489714010442641;0.00650893960754421;1.10645255151959;-0.0324415272796428;2.81665062770455
49170;-6985667.9292174;1161585.55636551;1865526.56937335;-2253.96388508016;-3006.71920002114;-6145.93945590264;6997092.08179721;0.0489312220211047;0.00616697373297104;1.10646125699571;-0.0324445808087272;2.84651437418223
49200;-7050084.93373679;1070867.00996868;1680322.11393947;-2040.21820381105;-3040.71675942561;-6200.07125031544;6997288.40448855;0.0488939856826814;0.00575613949151531;1.10646919773815;-0.0324470810472872;2.87642123623941
49230;-7108064.79100267;979170.68113162;1493579.62281581;-1824.84957037206;-3071.9014564414;-6248.47054713396;6997464.92791674;0.0488599726742889;0.00528187230066602;1.10647634980169;-0.0324490807101921;2.90636837216622
49260;-7159561.40827205;886581.239230985;1305471.47064955;-1608.03105136121;-3100.25465982054;-6291.11123903347;6997621.22012237;0.0488294387098514;0.004750096030849;1.10648269172156;-0.0324506336853279;2.93635246090901
49290;-7204533.88581308;793183.888449491;1116170.76682679;-1389.9357794031;-3125.75934418291;-6327.97044484913;6997756.90136782;0.0488026128602745;0.00416717828903183;1.10648820454451;-0.0324517948990108;2.96636974568175
49320;-7242946.51876171;699064.319849533;925851.2591966;-1170.73694528449;-3148.40007372388;-6359.0284763785;6997871.64404476;0.0487796960179773;0.00353988207700679;1.1064928718557;-0.0324526201818984;2.99641608122876
49350;-7274768.79877804;604308.663903844;734687.238725171;-950.607792417658;-3168.16298804242;-6384.26880958954;6997965.17258178;0.0487608595483298;0.00287531415236662;1.10649667980163;-0.0324531661353743;3.02648698440763
49380;-7299975.41556741;509003.443419018;542853.444946836;-729.721613297047;-3185.03579012888;-6403.67806029075;6998037.26335777;0.0487462441376689;0.00218087047118965;1.10649961710917;-0.0324534899983677;3.05657768770989
49410;-7318546.25832089;413235.526786563;350524.972077487;-508.251747616873;-3199.00773654679;-6417.24596431101;6998087.74462545;0.048735958846323;0.0014641791382344;1.10650167510089;-0.0324536495145542;3.08668319529036
49440;-7330466.41712006;317092.081495221;157877.17565447;-286.37158171888;-3210.06962983804;-6424.96536222663;6998116.4964489;0.0487300803737145;0.000733041331523685;1.10650284770674;-0.0324537027998725;3.11679834103501
49470;-7335726.18434107;220660.527837458;-34914.4204339219;-64.2545490407132;-3218.21381317668;-6426.83218866468;6998123.45065787;0.0487286525410981;-4.62929759792713e-06;1.10650313147209;-0.0324537082102807;-3.13626745901684
49500;-7334321.05608306;124028.492742351;-227674.216666956;157.925868763663;-3223.4341672918;-6422.84546620252;6998108.59082091;0.0487316859958926;-0.000740868221691062;1.10650252556235;-0.0324537242096738;-3.10614891734887
49530;-7326251.73363619;27283.7636665415;-420226.630496048;379.996140359566;-3225.72610967585;-6413.00730387484;6998071.9522384;0.0487391581398814;-0.00146772208716091;1.10650103176408;-0.0324538092378727;-3.07603665698453
49560;-7311524.1249946;-69485.7575254961;-612396.188973724;601.782683251051;-3225.08659609035;-6397.32290029093;6998013.62195576;0.0487510132818373;-0.00217731066442549;1.10649865448257;-0.0324540215785998;-3.04593592180834
49590;-7290149.34640997;-166192.10076092;-804007.621545182;823.111862612316;-3221.51412437679;-6375.80055135647;6997933.73879636;0.0487671630133883;-0.00286188814757573;1.10649540073596;-0.0324544192273517;-3.01585182343954
49620;-7262143.72397138;-262747.274106944;-994885.953140417;1043.80999075968;-3215.0087405762;-6348.45166258527;6997832.49341251;0.0487874868052398;-0.00351390326414091;1.10649128014588;-0.0324550597590856;-2.98578928212343
49650;-7227528.79518723;-359063.310337467;-1184856.59770426;1263.70332759378;-3205.5720473566;-6315.29076597784;6997710.12835242;0.0488118328192012;-0.00412605767617884;1.10648630492438;-0.0324560001956384;-2.95575296934199
49680;-7186331.31053524;-455052.31378709;-1373745.45230089;1482.61808234294;-3193.20721474308;-6276.33554143492;6997566.93813978;0.0488400189299031;-0.00469136218306702;1.10648048985733;-0.0324572968728094;-2.9257472526369
49710;-7138583.23493644;-550626.507561461;-1561378.99192827;1700.38041694034;-3177.91899314096;-6231.60684266445;6997403.26936214;0.0488718339486266;-0.00520319027319851;1.10647385228387;-0.032459005307042;-2.895776143101
49740;-7084321.74909919;-645698.281172529;-1747584.36517661;1916.81645136965;-3159.71372863756;-6181.12872753166;6997219.52076301;0.0489070390403475;-0.00565532861507428;1.10646641207213;-0.0324611800616579;-2.86584324595099
49770;-7023589.25066912;-740180.238666809;-1932189.49086314;2131.75227131626;-3138.59938056368;-6124.92849279163;6997016.14333199;0.0489453693239202;-0.00604202412678669;1.10645819159073;-0.0324638746126095;-2.83595171454578
49800;-6956433.35511062;-833985.247314086;-2115023.15577384;2345.0139384635;-3114.58554129043;-6063.03671313364;6996793.64038633;0.0489865356443351;-0.00635802731498446;1.10644921567619;-0.032467141213733;-2.80610420816256
49830;-6882906.89623557;-927026.486923189;-2295915.11364012;2556.42750377664;-3087.68345823219;-5995.48728445583;6996552.5676363;0.0490302265051422;-0.00659863162884124;1.10643951159585;-0.0324710307615083;-2.77630285378835
49860;-6803067.92628438;-1019217.49985053;-2474696.185476;2765.81902411998;-3057.90605802067;-5922.3174712772;6996293.53322603;0.0490761101484927;-0.00675970862947167;1.10642910900621;-0.0324755926593508;-2.74654921212984
49890;-6716979.7154542;-1110472.24176591;-2651198.36139853;2973.01458255608;-3025.26797280935;-5843.56795818219;6996017.19774052;0.0491238367697644;-0.00683773882943865;1.10641803990639;-0.0324808746814877;-2.71684424798994
49920;-6624710.75075847;-1200705.13323886;-2825254.90405049;3177.84031267909;-2989.78556866124;-5759.28290518022;6995724.27416865;0.0491730408534245;-0.00682983810894596;1.10640633858662;-0.0324869228364973;-2.68718830510762
49950;-6526334.73409155;-1289831.11220716;-2996700.45374097;3380.12242733779;-2951.47697596643;-5669.51000684919;6995415.52781114;0.0492233436166161;-0.00673377966379185;1.10639404157129;-0.0324937812306221;-2.6575810855091
49980;-6421930.57936136;-1377765.68738765;-3165371.13541533;3579.68725210733;-2910.36212182881;-5574.30055511748;6995091.77612155;0.0492743555469276;-0.00654801148405622;1.10638118755648;-0.0325014919309984;-2.6280216333742
50010;-6311582.40854203;-1464424.99268727;-3331104.66756106;3776.36126387161;-2866.46276435405;-5473.70950552404;6994753.8884677;0.0493256790208668;-0.00627166940111808;1.10636781734164;-0.0325100948289785;-2.59850832338344
50040;-6195379.54648795;-1549725.84267037;-3493740.47315154;3969.97113488185;-2819.80252876268;-5367.79554677975;6994402.78579971;0.0493769109897491;-0.00590458577284463;1.10635397375512;-0.0325196275037627;-2.56903885347865
50070;-6073416.5143393;-1633585.78913572;-3653119.79272372;4160.3437826591;-2770.40694524412;-5256.62117343611;6994039.44021051;0.0494276457199076;-0.00544729390286283;1.10633970157327;-0.0325301250865959;-2.53961024194411
50100;-5945793.02133811;-1715923.17885408;-3809085.79967982;4347.30642611145;-2718.30348845803;-5140.25276144911;6993664.87437354;0.0494774775744153;-0.00490102830864849;1.10632504743285;-0.0325416201258261;-2.51021882869602
50130;-5812613.95486314;-1796657.21251431;-3961483.71789652;4530.68664823821;-2663.52161858019;-5018.76064640673;6993280.16084193;0.0495260038237561;-0.00426772096567018;1.10631005973644;-0.0325541424531681;-2.48086028065561
50160;-5673989.36847993;-1875708.00492256;-4110160.94171785;4710.31246579497;-2606.09282377964;-4892.21920416777;6992886.42119251;0.0495728274731452;-0.00354999366007452;1.10629478855061;-0.0325677190515604;-2.4515296010758
50190;-5530034.46779198;-1952996.64649574;-4254967.15839992;4886.01240629382;-2546.05066400318;-4760.70693363811;6992484.82499772;0.0496175600943817;-0.00275114658181517;1.1062792854965;-0.0325823739250529;-2.42222114269179
50220;-5380869.59386712;-2028445.26608645;-4395754.4730674;5057.61559271292;-2483.43081593172;-4624.30654138724;6992076.58860768;0.0496598246502617;-0.0018751432833688;1.10626360363262;-0.0325981279712119;-2.39292862457242
50250;-5226620.20400233;-2101977.09517231;-4532377.5362321;5224.95183628818;-2418.27111896097;-4483.10502778363;6991662.97372448;0.0496992582996135;-0.000926592117154464;1.10624779732957;-0.0326149988565815;-2.36364515256117
50280;-5067416.84957893;-2173516.5334382;-4664693.67391403;5387.85173775721;-2350.61162204583;-4337.19377430161;6991245.28575049;0.0497355151709444;8.92757515079206e-05;1.10623192213655;-0.0326330008957908;-2.33436324321164
50310;-4903395.15074912;-2242989.21577448;-4792563.02039466;5546.14679742192;-2280.49463123456;-4186.66863162549;6990824.87189192;0.0497682690925007;0.00116663167938406;1.1062160346393;-0.0326521449349526;-2.30507485114244
50340;-4734695.76768376;-2310322.08070933;-4915848.65362024;5699.6695343905;-2207.96475770424;-4031.63000814804;6990403.11899957;0.0497972162661972;0.00229907817447817;1.1062001923095;-0.0326724382400472;-2.275771399759
50370;-4561464.36810087;-2375443.44028719;-5034416.73326062;5848.25361535223;-2133.06896609405;-3872.18295843072;6989981.45112795;0.049822077872403;0.00347968079038592;1.10618445334528;-0.0326938843910448;-2.24644381531427
50400;-4383851.59078351;-2438283.05139881;-5148136.64141552;5991.73399322907;-2055.85662291724;-3708.43727116183;6989561.32679521;0.0498426025919235;0.00470100328210586;1.10616887650298;-0.0327164831825645;-2.21708256430526
50430;-4202013.00478582;-2498772.18856207;-5256881.1259459;6129.94705603671;-1976.37954481572;-3540.50755611609;6989144.23592609;0.0498585690307446;0.00595514604457939;1.10615352091994;-0.0327402305319271;-2.18767769422711
50460;-4016109.06401609;-2556843.71814482;-5360526.44639252;6262.73078627307;-1894.69204640458;-3368.51332958574;6988731.69646134;0.049869788032165;0.00723378787846859;1.10613844592837;-0.0327651183954992;-2.15821887772921
50490;-3826305.05687645;-2612432.17401358;-5458952.5224275;6389.92493113586;-1810.85098743519;-3192.57909771773;6988325.2506181;0.0498761048598726;0.00852823114815956;1.10612371086054;-0.0327911346942788;-2.12869546023804
50520;-3632771.05063005;-2665473.83458332;-5552043.08476709;6511.37118385033;-1724.91581898757;-3012.83443715609;6987926.46078656;0.0498774012343308;0.00982945041319142;1.10610937484511;-0.0328182632497131;-2.0990965111272
50550;-3435681.83015857;-2715906.80123465;-5639685.82845542;6626.91337636527;-1636.94862838303;-2829.4140723508;6987536.90505062;0.0498735972035458;0.0111281446249913;1.10609549659513;-0.0328464837307747;-2.06941087852547
50580;-3235216.83076528;-2763671.07805501;-5721772.56840902;6736.39768364814;-1547.01418248867;-2642.45794885718;6987158.17232141;0.0498646528279226;0.0124147929845691;1.10608213418786;-0.0328757716133594;-2.03962724785693
50610;-3031560.06467283;-2808708.65285064;-5798199.3970914;6839.67283977919;-1455.17996906483;-2452.11130191074;6986791.85707544;0.0498505696575192;0.0136797145520739;1.10606934483679;-0.032906098153093;-2.00973420420195
50640;-2824900.04085906;-2850963.57936498;-5868866.84416449;6936.59036600915;-1361.51623578626;-2258.52471952346;6986439.5536913;0.0498313919786202;0.014913131684478;1.10605718465637;-0.0329374303726536;-1.97972029855292
50670;-2615429.67787006;-2890382.06062797;-5933680.03794108;7027.00481090495;-1266.0960265466;-2061.85419930841;6986102.85038234;0.0498072078052253;0.0161052373516838;1.10604570842002;-0.0329697310647275;-1.9495741180118
50700;-2403346.20924643;-2926912.5333486;-5992548.86843745;7110.77400266335;-1168.99521463519;-1862.26119820004;6985783.32272574;0.049778149589846;0.0172462663423169;1.10603496931215;-0.0330029588117179;-1.91928435993718
50730;-2188851.08119723;-2960505.75325051;-6045388.15180025;7187.75931362173;-1070.29253235371;-1659.91267419907;6985482.52679244;0.0497443946270013;0.0183265703173755;1.10602501867489;-0.0330370680233159;-1.88883990999491
50760;-1972149.84215587;-2991114.88123703;-6092117.79585476;7257.82593693985;-970.06959662012;-1454.98111923254;6985201.99188668;0.0497061651220787;0.0193366966014921;1.10601590575052;-0.0330720089930223;-1.85822992399703
50790;-1753452.02385398;-3018695.57025824;-6132662.96649392;7320.84317536462;-868.410930086312;-1247.64458218332;6984943.21290836;0.0496637278978653;0.0202674705162861;1.10600767742063;-0.0331077279746761;-1.82744391332819
50820;-1532971.01355305;-3043206.05273816;-6166954.25459854;7376.68474192206;-765.403977276766;-1038.08668110796;6984707.6423566;0.0496173937111688;0.0211100809588091;1.1060003779431;-0.0331441672799939;-1.79647183365647
50850;-1310923.91707903;-3064607.22840503;-6194927.84314928;7425.22907230648;-661.139115236487;-826.496603629328;6984496.68199835;0.0495675161526251;0.0218561688086664;1.10599404868827;-0.0331812653980662;-1.76530417650515
50880;-1087531.41231369;-3082862.75235204;-6216525.67415996;7466.35964865601;-555.709658158986;-613.069094460668;6984311.67423158;0.0495144901041562;0.0224979176122362;1.10598872787563;-0.0332189571376748;-1.73393206312672
50910;-863017.592806759;-3097939.12313988;-6231695.61503027;7499.96533431614;-449.211855449129;-398.004428991344;6984153.89317902;0.0494587497307001;0.0230281458411343;1.1059844503126;-0.033257173793198;-1.7023473399678
50940;-637609.801186337;-3109805.77073565;-6240391.62388336;7525.94071909821;-341.74488266151;-181.508371842738;6984024.53555436;0.0494007659858908;0.0234403998583598;1.10598124713701;-0.0332958433347614;-1.67054267484957
50970;-411538.452061464;-3118435.14406593;-6242573.91342077;7544.18647443882;-233.410824743183;36.2078807142014;6983924.71135013;0.0493410436154321;0.0237290465514416;1.10597914556515;-0.0333348906231561;-1.6385116528135
51000;-185036.844130018;-3123802.79794452;-6238209.11279391;7554.60971775753;-124.314651000483;254.92777559917;6983855.43440299;0.0492801176470581;0.0238893644126251;1.10597816864708;-0.0333742376498969;-1.60624887040183
51030;41659.0387720242;-3125887.47911765;-6227270.42695731;7557.12438519562;-14.5641812036517;474.429496144118;6983817.61289917;0.0492185493622762;0.0239176316668302;1.10597833503139;-0.0334138038026259;-1.57375002696258
51060;268310.737917629;-3124671.21115207;-6209737.79293558;7551.6516117973;95.7299577593775;694.48607481629;6983812.03989006;0.0491569217525821;0.0238112098762826;1.10597965874141;-0.033453506155875;-1.54101201139615
51090;494677.541439655;-3120139.37787364;-6185598.03240227;7538.12011806726;206.454385266922;914.865526550526;6983839.38389469;0.0490958344715103;0.0235686212938257;1.1059821489649;-0.0334932597869989;-1.50803298260292
51120;720516.71775937;-3112280.80504658;-6154844.99993597;7516.46660170601;317.493030965759;1135.33100377666;6983900.17967263;0.0490358983036923;0.0231896181049217;1.10598580985971;-0.0335329781168619;-1.47481244175868
51150;945583.760828148;-3101087.83996623;-6117479.72628698;7486.63613318629;428.727209960602;1355.64097419529;6983994.81925755;0.0489777291829324;0.0226752416009017;1.10599064037742;-0.0335725732746255;-1.44135129444661
51180;1169632.64727579;-3086556.42862142;-6073510.5559568;7448.58255369253;540.03570974266;1575.54942231069;6984123.54334728;0.0489219418030024;0.0220278692733837;1.1059966341074;-0.0336119564857233;-1.40765190062121
51210;1392416.10551238;-3068686.1900662;-6022953.2783633;7402.26887380064;651.294889385686;1794.80607567287;6984286.43315202;0.048869142877176;0.0212512478228713;1.10600377914364;-0.033651038481845;-1.37371811038209
51240;1613685.89677967;-3047480.48762546;-5965831.25183688;7347.66767112875;762.378791507813;2013.15665670978;6984483.40280688;0.0488199241151621;0.0203505101416008;1.10601205797647;-0.0336897299314648;-1.33955528360221
51270;1833193.10809284;-3022946.49654442;-5902175.51966768;7284.76148504331;873.159267460131;2230.34316094575;6984714.19245855;0.0487748549986833;0.0193321744713736;1.10602144741162;-0.0337279418891661;-1.30517029159517
51300;2050688.45695364;-2995095.26767867;-5832024.91740174;7213.54320635876;983.506116158016;2446.10416230151;6984978.36213906;0.0487344754490596;0.0182041241549422;1.10603191851865;-0.033765586261714;-1.27057149922373
51330;2265922.60765205;-2963941.78681017;-5755426.1705644;7134.01645982699;1093.28723691817;2660.17514605491;6985275.28654045;0.0486992884913191;0.0169755666984542;1.10604343661085;-0.0338025762885309;-1.23576872615025
51360;2478646.49890543;-2929505.0291641;-5672433.98197429;7046.19597707497;1202.36879660296;2872.28886990809;6985604.15080482;0.0486697530290602;0.0156569712403875;1.10605596125868;-0.033838827033937;-1.20077318630769
51390;2688611.68251167;-2891808.00869382;-5583111.10779984;6950.10795751883;1310.6154113035;3082.17575345739;6985963.9474424;0.0486462768520362;0.0142599839732335;1.1060694463383;-0.0338742558882208;-1.16559740512004
51420;2895570.67261724;-2850877.82169525;-5487528.42150368;6845.79041466146;1417.89034271432;3289.56429619495;6986353.47448719;0.0486292100037228;0.0127973215780475;1.10608384011695;-0.03390878307433;-1.13025511451555
51450;3099277.30512125;-2806745.68430868;-5385764.96481963;6733.29350507228;1524.05570926451;3494.18152398761;6986771.33499473;0.0486188386385254;0.0112826432928767;1.10609908537644;-0.033942332156703;-1.09476112633638
51480;3299487.10665422;-2759446.96346556;-5277907.98491095;6612.67983725316;1628.97271197415;3695.7534637779;6987215.93797961;0.0486153794974394;0.00973040282518076;1.1061151195758;-0.0339748305485171;-1.05913118533824
51510;3495957.67248542;-2709021.20084031;-5164052.95686988;6484.02475751785;1732.50187489978;3894.00564603618;6987685.5008813;0.0486189751266233;0.00815568191221977;1.10613187505397;-0.034006210013406;-1.02338180356741
51540;3688449.0526251;-2655512.12937291;-5044303.59073585;6347.41660995506;1834.50329991988;4088.66363426157;6988178.05363587;0.0486296899553762;0.00657400790725773;1.1061492792728;-0.0340364071575105;-0.987530078477065
51570;3876724.14529992;-2598967.6819372;-4918771.82223446;6202.95696751135;1934.83693549071;4279.45358058492;6988691.44441794;0.0486475073384726;0.00500115829647594;1.10616725510062;-0.034065363907564;-0.95159349767231
51600;4060549.09689049;-2539439.99174312;-4787577.78647144;6050.76083122123;2033.36285887598;4466.10280627082;6989223.34710216;0.0486723276528511;0.00345295550742211;1.10618572113599;-0.034093027970605;-0.915589733630276
51630;4239693.70733097;-2476985.38407754;-4650849.77385625;5890.9567946313;2129.9415712205;4648.34040564929;6989771.27047603;0.0487039675206761;0.00194505573113248;1.10620459207086;-0.0341193532708282;-0.879536432103631
51660;4413931.83988306;-2411664.35900971;-4508724.1675776;5723.68717051478;2224.43430470066;4825.89787173491;6990332.56921704;0.0487421602102478;0.000492735728781345;1.10622377909222;-0.0341443003590676;-0.843450998165718
51690;4583041.83411028;-2343541.56471219;-4361345.36201003;5549.10807705547;2316.70334084366;4998.50974151351;6990904.45662611;0.0487865572437615;-0.000889318283065217;1.10624319032037;-0.0341678367904309;-0.807350383979976
51720;4746806.92079585;-2272685.76107762;-4208865.66149526;5367.38948079653;2406.61233896455;5165.91425859748;6991484.01908717;0.0488367312172081;-0.00218721558314512;1.10626273128208;-0.03418993746569;-0.771250882368956
51750;4905015.63746844;-2199169.77334539;-4051445.15901521;5178.71519380222;2494.02667352783;5327.85405067495;6992068.2321991;0.0488921798135272;-0.00338805578618647;1.10628230541602;-0.0342105849321747;-0.735167930120317
51780;5057462.24312609;-2123070.43549004;-3889251.59435482;4983.28282266994;2578.81377909924;5484.07681890763;6992653.97850185;0.0489523309662346;-0.00448010989028495;1.10630181460751;-0.0342297696401175;-0.699115924706104
51810;5203947.13068125;-2044468.5231655;-3722460.19144227;4781.30366725644;2660.84350141638;5634.33603617238;6993238.066694;0.0490165491079089;-0.00545298421922636;1.10632115974943;-0.034247490150663;-0.663108057721828
51840;5344277.23558962;-1963448.67604537;-3551253.47465086;4573.00256724571;2739.98845297602;5778.39165079654;6993817.25221348;0.0490841424167612;-0.0062977644089858;1.10634024132537;-0.0342637532920754;-0.627156167892787
51870;5478266.43907349;-1880099.30944913;-3375821.06395081;4358.61769498578;2816.1243714127;5916.01079221055;6994388.25902907;0.0491543709556785;-0.00700713711499122;1.10635896001097;-0.0342785742610609;-0.591270615969663
51900;5605735.96430835;-1794512.51519805;-3196359.44890982;4138.40029335664;2889.13047883112;6046.96847473866;6994947.80246651;0.0492264555819941;-0.00757548768480834;1.10637721728887;-0.0342919766665596;-0.555460183269463
51930;5726514.76390965;-1706783.95170092;-3013071.74165703;3912.61435779835;2958.88984015481;6171.04829557304;6995492.6128702;0.0492995874931668;-0.00799897262432452;1.10639491607263;-0.0343039925138528;-0.519731995036608
51960;5840439.89703632;-1617012.72332919;-2826167.40904605;3681.53626202596;3025.28971846854;6288.04312283345;6996019.45988178;0.0493729382637317;-0.0082755662599589;1.10641196133431;-0.0343146621273686;-0.484091469226737
51990;5947356.8944199;-1525301.24920311;-2635861.98437747;3445.4543273807;3088.22192526406;6397.75576950688;6996525.17709778;0.0494456702222814;-0.00840508154271648;1.10642826073056;-0.034324034011153;-0.448542290774783
52020;6047120.1096331;-1431755.12157354;-2442376.75916827;3204.66833621209;3147.58316344914;6499.99964899321;6997006.68685425;0.0495169470138997;-0.00838916543513034;1.10644372522181;-0.0343321646465872;-0.41308641091593
52050;6139593.05493039;-1336482.95404921;-2245938.45558454;2959.48899014745;3203.27536095148;6594.59940795736;6997461.0248734;0.049585944193093;-0.00823126975505936;1.1064582696788;-0.0343391182275785;-0.377724070697448
52080;6224648.72002606;-1239596.21998412;-2046778.88028265;2710.2373145785;3255.20599274222;6681.39153220731;6997885.3644997;0.049651859694683;-0.00793659871294365;1.1064718134711;-0.0343449663341136;-0.342453847459031
52110;6302169.87222206;-1141209.08140492;-1845134.56053148;2457.2440111735;3303.28838911989;6760.22492138377;6998277.04024831;0.0497139240349914;-0.00751203466764946;1.10648428103197;-0.0343497875457381;-0.307272722772981
52140;6372049.33635962;-1041438.20892249;-1641246.36361315;2200.84876070043;3347.44202813669;6830.96142836122;6998633.57038886;0.0497714101026161;-0.00696604384087482;1.10649560239405;-0.0343536669971968;-0.272176170122899
52170;6434190.25314414;-940402.593134313;-1435359.10062062;1941.39947891676;3387.59281011303;6893.47635942274;6998952.67829228;0.0498236424068537;-0.00630856387578605;1.10650571369086;-0.0343566958791337;-0.23715826045596
52200;6488506.31448222;-838223.348084809;-1227721.11588524;1679.25152873573;3423.67331227593;6947.65893148204;6999232.31227749;0.0498700056619954;-0.00555087520962488;1.10651455761891;-0.0343589708873934;-0.202211783661713
52230;6534921.97457297;-735023.507407955;-1018583.86337571;1414.76689231264;3455.62302167008;6993.41268288327;6999470.66370843;0.0499099525970203;-0.00470545826180211;1.10652208385582;-0.0343605936250744;-0.167328384000468
52260;6573372.6356108;-630927.813830103;-808201.471509355;1148.31330709931;3483.38854462628;7030.65583461123;6999666.18311;0.049943010892347;-0.00378583842974314;1.10652824943024;-0.0343616699620584;-0.132498707515224
52290;6603804.80708409;-526062.502760057;-596830.2979067;880.26337028468;3506.92379123078;7059.32159908866;6999817.59409416;0.0499687891580527;-0.00280642084582331;1.10653301903971;-0.0343623093572588;-0.0977125595015849
52320;6626176.23779198;-420555.080737535;-384728.475699368;610.993616368891;3526.19013341707;7079.35843411792;6999923.90491305;0.0499869818811263;-0.00178231679159443;1.10653636531306;-0.0343626241492918;-0.0629590701685574
52350;6640456.01984779;-314534.099549568;-172155.453068437;340.883572900453;3541.15653549814;7090.73023993939;6999984.41748621;0.0499973732827575;-0.000729163600859171;1.10653826901477;-0.0343627288216702;-0.0282268666888934
52380;6646624.66409263;-208128.926856718;40628.4722553021;70.3147996377106;3551.79965616963;7093.41649782069;6999998.73378125;0.0499998400402463;0.00033706017961719;1.10653871918896;-0.0343627392489385;0.00649575009866198
52410;6644674.146503;-101469.514196749;253362.62175712;-200.330083427881;3558.10392123874;7087.41234905549;6999966.75946216;0.0499943528418045;0.00140022265591258;1.10653771324163;-0.0343627719304108;0.0412206260192519
52440;6634607.92534128;5313.83674778562;465786.406371594;-470.668373631008;3560.06156656877;7072.72861373;6999888.70475607;0.0499809767562337;0.00244422780058714;1.10653525696011;-0.0343629432183277;0.0759595725703412
52470;6616440.928966;112090.708719855;677639.796372848;-740.318263160627;3557.67265097032;7049.39174910455;6999765.08252682;0.0499598704132067;0.00345320435287468;1.10653136446971;-0.0343633685473238;0.110724186237521
52500;6590199.51438676;218730.803393586;888663.789114074;-1008.89981094653;3550.94503901444;7017.44374794831;6999596.70358129;0.0499312840036164;0.0044116927399976;1.10652605812782;-0.0343641616720758;0.145525669750702
52530;6555921.39681678;325104.174915565;1098600.87282611;-1276.03590335817;3539.89435398736;6976.94197765159;6999384.66927153;0.0498955561231923;0.00530482832890636;1.1065193683568;-0.0343654339199017;0.18037465693927
52560;6513655.55064017;431081.461592355;1307195.48471667;-1541.3531982937;3524.54390144674;6927.95896141488;6999130.36149221;0.0498531094962943;0.00611851927397381;1.10651133341725;-0.0343672934648881;0.215281042889081
52590;6463462.08237148;536534.114852115;1514194.46165789;-1804.48304741939;3504.92456407278;6870.58210327034;6998835.43020627;0.0498044456304421;0.00683961716860641;1.10650199912412;-0.0343698446298543;0.250253821162517
52620;6405412.07633877;641334.624632357;1719347.48180869;-2065.06239155565;3481.07466873109;6804.9133591238;6998501.77866382;0.0497501384656879;0.00745607864426425;1.10649141850866;-0.0343731872221102;0.285300929908274
52650;6339587.41396713;745356.740376605;1922407.49559075;-2322.7346244934;3453.03982687384;6731.06885640809;6998131.54650728;0.0496908270962773;0.00795711599724279;1.1064796514297;-0.0343774159085457;0.320429108751899
52680;6266080.56767661;848475.686859449;2123131.14451975;-2577.15042085671;3420.87274960061;6649.17846530569;6997727.09098082;0.049627207655074;0.00833333487207402;1.10646676413822;-0.0343826196351029;0.355643768411017
52710;6184994.37053412;950568.374101829;2321279.1664875;-2827.96852400048;3384.63303887587;6559.38532482732;6997290.96648275;0.0495600244637669;0.00857685700124951;1.10645282879967;-0.0343888810951456;0.390948875009894
52740;6096441.76291358;1051513.60068569;2516616.78619367;-3074.85649033848;3344.3869565567;6461.84532731858;6996825.9027162;0.0494900605637289;0.00868142600595959;1.1064379229789;-0.0343962762506487;0.426346851064783
52770;6000545.51751984;1151192.24982879;2708914.08953649;-3317.49138693102;3300.20717301811;6356.72656520658;6996334.78170517;0.0494181277533035;0.00864249431279844;1.10642212909265;-0.034404873909509;0.461838495063111
52800;5897437.94422072;1249487.47763591;2897946.38088929;-3555.56043961627;3252.17249727522;6244.20874399137;6995820.61395074;0.0493450562669822;0.00845728934786266;1.10640553383506;-0.0344147353616264;0.497422921455122
52830;5787260.57620557;1346284.89300085;3083494.52231224;-3788.76162943743;3200.36759058915;6124.48256563129;6995286.51400489;0.0492716842400399;0.00812485734074497;1.10638822758158;-0.0344259140757366;0.533097522707639
52860;5670163.83904935;1441472.72869454;3265345.25387446;-4016.80423559365;3144.8826656079;5997.74908656736;6994735.67573784;0.0491988471084303;0.00764608331348386;1.10637030377692;-0.034438455458303;0.568857954829244
52890;5546306.70430716;1534942.00323636;3443291.49439018;-4239.40932361802;3085.81317313331;5864.21905467985;6994171.34756915;0.0491273670977125;0.00702368614628367;1.10635185831257;-0.0344523966751035;0.604698147461671
52920;5415856.32929586;1626586.67320939;3617132.62200122;-4456.31017795552;3023.25947862285;5724.11222947223;6993596.80792302;0.0490580429561806;0.00626218800180476;1.10633298889945;-0.0344677665354913;0.640610339244522
52950;5278987.68473761;1716303.77574292;3786674.73416675;-4667.25267857158;2957.32653052919;5577.65668973557;6993015.34115493;0.048991640085895;0.00536785784781819;1.10631379444102;-0.0344845854386756;0.676585138704699
52980;5135883.17194431;1803993.56094881;3951730.88674732;-4871.99562166197;2888.12352255447;5425.08813286279;6992430.21418047;0.0489288812207572;0.00434862933322078;1.10629437441222;-0.0345028653807607;0.71261161040906
53010;4986732.2312136;1889559.61415954;4112121.31199394;-5070.31098495268;2815.76355184982;5266.64916986059;6991844.65401793;0.0488704377929531;0.00321399383008854;1.10627482824901;-0.0345226100207191;0.748677385563326
53040;4831730.94308649;1972908.96787626;4267673.61537186;-5261.98413847006;2740.36327512661;5102.58861995115;6991261.82643512;0.0488169221180234;0.00197487003496796;1.1062552547534;-0.0345438148029502;0.784768795662016
53070;4671081.62408476;2053952.20339241;4418222.95126273;-5446.81400202305;2662.04256456588;4933.16080846913;6990684.81586789;0.0487688805145554;0.000643452103435341;1.10623575151828;-0.0345664671336084;0.820871027215408
53100;4504992.4185039;2132603.54211417;4563612.17769715;-5624.61315096849;2580.92416531772;4758.62487154766;6990116.60675353;0.0487267874572916;-0.000766961152302401;1.10621641437597;-0.0345905466074623;0.856968295025907
53130;4333676.88778595;2208780.92665099;4703691.99037064;-5795.20787212463;2497.13335627665;4579.24407085268;6989560.06639775;0.0486910408426626;-0.00224215296783525;1.10619733687417;-0.0346160252816917;0.893044030982923
53160;4157353.59893636;2282406.09179822;4838321.0362903;-5958.43817195631;2410.79761570237;4395.28512137386;6989017.92946868;0.0486619584238887;-0.00376718776821554;1.1061786097825;-0.0346428679927251;0.929081084917376
53190;3976245.71338222;2353404.62557936;4967366.00748572;-6114.1577393766;2322.046293132;4207.01753501641;6988492.78418667;0.0486397754494636;-0.00532661894982513;1.10616032063226;-0.0346710327119853;0.965061933726393
53220;3790580.57759578;2421706.02055659;5090701.71529582;-6262.23386569462;2231.01028890009;4014.71298246471;6987987.06025466;0.0486246435147473;-0.00690470128782704;1.10614255329184;-0.0347004709362235;1.00096889476276
53250;3600589.31672902;2487243.71565606;5208211.14581352;-6402.54732438718;2137.82174245004;3818.64467551139;6987503.01855067;0.0486166306122885;-0.00848560386441219;1.10612538757955;-0.034731128108012;1.03678433939498
53280;3406506.43242288;2549955.12878759;5319785.4971315;-6534.99221348533;2042.61373048556;3619.08677176672;6987042.74258237;0.0486157223431784;-0.0100536194543475;1.10610889891528;-0.0347629440618939;1.07249090268629
53310;3208569.40586994;2609781.68056817;5425324.19908579;-6659.47576344588;1945.51997587628;3416.31380338659;6986608.1316833;0.048621824229895;-0.011593366476542;1.10609315801198;-0.0347958534916851;1.10807168531451
53340;3007018.30712222;2666668.80948383;5524734.91623891;-6775.91811342529;1846.6745680986;3210.60013118696;6986200.89591212;0.0486347650514736;-0.0130899799134232;1.10607823060746;-0.0348297864344648;1.14351044414853
53370;2802095.41154802;2720565.97884609;5617933.53488135;-6884.25205889072;1746.21169586253;3002.21942524974;6985822.5525996;0.048654301104936;-0.0145292879998101;1.1060641772368;-0.034864668766881;1.17879176829803
53400;2594044.82425384;2771426.67591672;5704844.13485959;-6984.4227734931;1644.26539245015;2791.44417287282;6985474.42447375;0.0486801212832288;-0.015897971968511;1.10605105304489;-0.0349004227095312;1.21390123793926
53430;2383112.11319987;2819208.40358847;5785398.94706072;-7076.38750809202;1540.96929417028;2578.54521447777;6985157.63928112;0.0487118528497132;-0.0171837066881156;1.10603890763885;-0.0349369673353464;1.24882556376858
53460;2169543.9516521;2863872.6650201;5859538.29739878;-7160.11526976533;1436.45641222032;2363.79130786263;6984873.1308119;0.0487490677826497;-0.0183752806129546;1.10602778497919;-0.0349742190781148;1.28355270552042
53490;1953587.77052975;2905384.94163061;5927210.5381563;-7235.58648355941;1330.85891813881;2147.44872097723;6984621.64122842;0.0487912895601321;-0.0194626940601107;1.10601772330859;-0.0350120922375089;1.31807196858115
53520;1735491.42112558;2943714.66486223;5988371.96753705;-7302.79263964295;1224.30794293247;1929.78085320422;6984403.72459036;0.0488380002563303;-0.0204372354096472;1.10600875511697;-0.0350504994772364;1.35237407831253
53550;1515502.84859863;2978835.18212227;6042986.73828242;-7361.73592841915;1116.93338986973;1711.04788495152;6984219.75146555;0.0488886478234555;-0.0212915353693108;1.10600090714109;-0.0350893523132081;1.38645123224272
53580;1293869.77656346;3010723.71731273;6091026.75619618;-7412.42886603208;1008.86376084867;1491.50645520145;6984069.91451305;0.0489426534401277;-0.0220195999366049;1.10599420039684;-0.0351285615888988;1.42029713077507
53610;1070839.40302935;3039361.32635258;6132471.56940886;-7454.89391257467;900.225996171607;1271.40936651834;6983954.23492392;0.0489994188153831;-0.0226168231153411;1.10598865024232;-0.0351680379353735;1.45390698748857
53640;846658.107875405;3064732.84809145;6167308.24919664;-7489.16308517021;791.145327491081;1051.00531688967;6983872.56960602;0.0490583333478709;-0.0230799807922368;1.10598426646947;-0.0352076922137463;1.48727752045218
53670;621571.17198451;3086826.85100575;6195531.2631489;-7515.27756795929;681.745143631941;830.5386576654;6983824.61900102;0.0491187810513759;-0.0234072074474254;1.10598105342214;-0.0352474359381386;1.52040692624324
53700;395822.508100338;3105635.57605823;6217142.34145515;-7533.28732088104;572.146868942587;610.249176765513;6983809.93542491;0.0491801471701489;-0.0235979575606339;1.10597901013827;-0.0352871816774954;1.55329483854762
53730;169654.403416987;3121154.87609119;6232150.33705591;-7543.25068899356;462.469853783664;390.371906246182;6983827.93182753;0.0492418244201859;-0.0236529536870822;1.10597813051388;-0.0353268434349059;1.5859422733309
53760;-56692.7261392595;3133384.1521111;6240571.08037385;-7545.23401393466;352.831276725138;171.136953249574;6983877.89087154;0.0493032188051571;-0.0235741232185422;1.10597840348667;-0.0353663370033515;1.61835156261109
53790;-282980.570022521;3142326.28680909;6242427.22931143;-7539.31124898223;243.346057991826;-47.2306466898637;6983958.97423708;0.0493637549677979;-0.0233645258260641;1.10597981323674;-0.0354055802970695;1.65052627884355
53820;-508973.145702392;3147987.57564735;6237748.1151697;-7525.56357903457;134.126783672865;-264.511055049583;6984070.23206418;0.0494228810489744;-0.0230282735099275;1.1059823394023;-0.0354444936579688;1.6824711518572
53850;-734437.009987202;3150377.65582721;6226569.58511072;-7504.07904669622;25.2836401918091;-480.489735528995;6984210.61245222;0.049480073037095;-0.0225704450704695;1.10598595730822;-0.0354830001367728;1.71419198016888
53880;-959141.459234786;3149509.43343862;6208933.84175268;-7474.95218552439;-83.0756414795275;-694.957540179005;6984378.97094194;0.0495348385999338;-0.0219969966708651;1.10599063820514;-0.0355210257487772;1.74569553835894
53910;-1182858.71867983;3145399.00907568;6184889.28045325;-7438.28366136647;-190.845832389067;-907.710777573469;6984574.07991292;0.0495867203991608;-0.0213146699994834;1.10599634951717;-0.035558499704314;1.77698948202742
53940;-1405364.12113302;3138065.60218684;6154490.3248032;-7394.1799226;-297.924243484269;-1118.55126414553;6984794.63783638;0.0496352988949129;-0.0205308993635351;1.10600305509631;-0.0355953546141907;1.8080822516733
53970;-1626436.27532975;3127531.47441234;6117797.26081844;-7342.75285997415;-404.210755334228;-1327.28635980493;6985039.27832999;0.0496801946536058;-0.0196537188659197;1.10601071548162;-0.0356315266705391;1.83898297665883
54000;-1845857.22422568;3113821.85214574;6074876.07028552;-7284.11947664534;-509.607840221609;-1533.72898893918;6985306.57896839;0.049721070176911;-0.0186916706390955;1.10601928816147;-0.0356669558036476;1.8697013802422
54030;-2063412.59355256;3096964.84854066;6025798.26368281;-7218.40156890056;-614.020577126056;-1737.69764788243;6985595.06980972;0.0497576312734976;-0.0176537149391022;1.10602872783731;-0.0357015858154787;1.9002476864902
54060;-2278891.73096115;3076991.38516817;5970640.71306721;-7145.72541796894;-717.356660112173;-1939.01639991231;6985903.24160462;0.0497896279978423;-0.0165491427436727;1.10603898668739;-0.03573536449068;1.93063252972288
54090;-2492087.83608887;3053935.11351525;5909485.48528522;-7066.22149323651;-819.526400624426;-2137.51485880752;6986229.55366045;0.0498168551822546;-0.0153874913528808;1.10605001462916;-0.0357682436859835;1.96086686699578
54120;-2702798.08189801;3027832.33649958;5842419.67583619;-6980.02416709942;-920.442724178699;-2333.02816196753;6986572.44133895;0.0498391525893568;-0.0141784633613827;1.10606175957906;-0.0358001793989659;1.99096189399539
54150;-2910823.72763616;2998721.93016169;5769535.24368651;-6887.27144161814;-1020.02116192608;-2525.39693406268;6986930.32317099;0.0498564047127124;-0.0129318492589478;1.10607416770861;-0.0358311318171942;2.02092896461031
54180;-3115970.22377462;2966645.2656814;5690928.84730451;-6788.10468706835;-1118.17983754908;-2714.46724214681;6987301.6075769;0.0498685402532122;-0.0116574538202413;1.10608718369578;-0.0358610653488279;2.05077951434442
54210;-3318047.30928225;2931646.13185174;5606701.68215897;-6682.66839242378;-1214.83944993394;-2900.09054312765;6987684.6991854;0.0498755312983251;-0.0103650263664763;1.10610075097091;-0.035889948635776;2.08052498765912
54240;-3516869.10159266;2893770.65813075;5516959.31989726;-6571.10992775091;-1309.92325204597;-3082.12362445147;6988078.00474813;0.0498773922304724;-0.0090641949187203;1.10611481195617;-0.0359177545505233;2.1101767692685
54270;-3712254.17962103;2853067.23837883;5421811.54939448;-6453.57931844659;-1403.35702641658;-3260.42853882008;6988479.93865062;0.049874178389703;-0.00776440421525701;1.10612930829821;-0.0359444601777469;2.13974611936328
54300;-3904025.6601844;2809586.45537736;5321372.21984091;-6330.22903120446;-1495.06905763351;-3434.87253371832;6988888.92802369;0.0498659845145857;-0.00647485753134004;1.10614418109322;-0.0359700467818376;2.16924411270462
54330;-4092011.26817498;2763381.00621295;5215759.0860121;-6201.21377155739;-1584.99010220683;-3605.32797649153;6989303.41746212;0.0498529429838813;-0.00520446221828726;1.10615937110411;-0.0359944997614271;2.1986815815072
54360;-4276043.40083108;2714505.62860057;5105093.65584457;-6066.69029280745;-1673.05335616597;-3771.67227567317;6989721.87336009;0.049835221880156;-0.00396177886811573;1.10617481896935;-0.0360178085920003;2.2280690620196
54390;-4455959.18644406;2663017.02820852;4989501.04041971;-5926.81721612469;-1759.1944207244;-3933.78779922456;6990142.7878749;0.0498130228951113;-0.00275497400854076;1.10619046540332;-0.0360399667576429;2.25741674470811
54420;-4631600.53783265;2608973.80703856;4869109.80643886;-5781.75486156855;-1843.35126633118;-4091.56179031099;6990564.68253229;0.0497865790950607;-0.00159177623981677;1.1062062513879;-0.0360609716729373;2.28673442795658
54450;-4802814.20090855;2552436.39290477;4744051.83125472;-5631.665089763;-1925.46419541115;-4244.88628120168;6990986.11148837;0.0497561525637265;-0.000479435737723095;1.10622211835513;-0.0360808245959847;2.31603147520705
54480;-4969451.79864841;2493466.97004639;4614462.16050693;-5476.71115393583;-2005.47580407839;-4393.65800584549;6991405.66446407;0.0497220319383866;0.000575312934895793;1.10623800836109;-0.0360995305334809;2.34531677548375
54510;-5131369.87077862;2432129.41090122;4480478.86839378;-5317.05756201605;-2083.33094309113;-4537.77831163961;6991821.96936918;0.0496845298543702;0.00156628474398199;1.10625386425082;-0.0361170981387329;2.37459870726441
54540;-5288429.90946995;2368489.20905861;4342242.92059681;-5152.86994846873;-2158.97667830014;-4677.15307087518;6992233.6946338;0.0496439803120345;0.00248787483948836;1.10626962981431;-0.0361335396034475;2.40388510568636
54570;-5440498.39132918;2302613.41340363;4199898.03986127;-4984.31495553473;-2232.36225082728;-4811.69259231184;6992639.55126514;0.049600735979617;0.00333508593656761;1.10628524993398;-0.0361488705440759;2.43318323310002
54600;-5587446.80596466;2234570.56345709;4053590.57422205;-4811.56012353344;-2303.43903719587;-4941.3115333024;6993038.29464827;0.0495551654447907;0.0041035523842248;1.1063006707233;-0.0361631098834437;2.46249975300728
54630;-5729151.68139254;2164430.62590984;3903469.36785273;-4634.77378987875;-2372.16050962037;-5065.9288128596;6993428.72610927;0.0495076504273128;0.00478956085883717;1.10631583965727;-0.0361762797283433;2.49184070744589
54660;-5865494.60653984;2092264.93234349;3749685.63450387;-4454.12499645273;-2438.48219664901;-5185.4675260289;6993809.69425923;0.04945858296489;0.00539006759783645;1.10633070569447;-0.0361884052437114;2.52121149790315
54690;-5996362.25108944;2018146.1181243;3592392.83348627;-4269.78340497722;-2502.36164434012;-5299.85485990476;6994180.09613725;0.0494083625842267;0.00590271207017039;1.10634521939134;-0.0361995145239645;2.55061686986045
54720;-6121646.38290183;1942148.06245167;3431746.54814524;-4081.91922002053;-2563.75837814036;-5409.02201160239;6994538.87817039;0.0493573934692003;0.00632582696524759;1.10635933300859;-0.0362096384620078;2.58006090108494
54750;-6241243.88323687;1864345.82953775;3267904.36676265;-3890.70311927478;-2622.63386562143;-5512.90410847343;6994885.03696797;0.0493060816381845;0.00665844437208584;1.10637300061028;-0.0362188106163894;2.60954699379454
54780;-6355056.75998847;1784815.6108903;3101025.76581557;-3696.30619073872;-2678.95148022025;-5611.44013083098;6995217.61996701;0.0492548321426979;0.00690029801583223;1.10638617815568;-0.0362270670770151;2.63907787082681
54810;-6462992.15913378;1703634.66866653;2931271.9955124;-3498.89987644093;-2732.67646611743;-5704.5728374283;6995535.72594525;0.049204046299784;0.00705182142042816;1.10639882358425;-0.0362344463297971;2.66865557594039
54840;-6564962.37458751;1620881.280062;2758805.96752054;-3298.65592233938;-2783.77590437858;-5792.24869391551;6995838.50541712;0.0491541189707698;0.0071141418742635;1.10641089689402;-0.0362409891205603;2.6982814783697
54870;-6660884.85664151;1536634.68269483;2583792.14479307;-3095.74633403465;-2832.21868047345;-5874.41780447906;6996125.16092771;0.0491054358993359;0.00708907009039436;1.1064223602137;-0.0362467383184885;2.72795628173859
54900;-6750682.21915831;1450975.02094241;2406396.4333962;-2890.34333793615;-2877.97545327924;-5951.03384685166;6996394.94725863;0.0490583711220594;0.00697908547472396;1.10643317786866;-0.0362517387793512;2.75768003741676
54930;-6834282.24567703;1363983.29318443;2226786.07623362;-2682.61934752313;-2921.01862566561;-6022.05401086298;6996647.17155921;0.0490132844648132;0.00678731694378347;1.10644331644128;-0.0362560372087087;2.78745216237445
54960;-6911617.89457907;1275741.29990356;2045129.54855936;-2472.74693434484;-2961.32231675139;-6087.43894068579;6996881.19341526;0.0489705191385261;0.00651751926867603;1.10645274482574;-0.0362596820252651;2.81727146155585
54990;-6982627.30345046;1186331.5925923;1861596.45516599;-2260.89880340679;-2998.8623359151;-6147.1526809175;6997096.42486717;0.0489303994478528;0.00617404496239149;1.10646143427762;-0.036262723224493;2.84713615475107
55020;-7047253.79276726;1095837.42341224;1676357.42913132;-2047.24777259346;-3033.61615863465;-6201.16262662285;6997292.33038792;0.0488932286262205;0.00576181177339893;1.10646935845846;-0.0362652122426318;2.87704390790064
55050;-7105445.86901981;1004342.69554985;1489584.03200293;-1831.96675578016;-3065.56290422475;-6249.43947745044;6997468.4268309;0.0488592868104938;0.00528626589854145;1.10647649347566;-0.0362672018211276;2.90699186871635
55080;-7157157.22738136;911931.914210907;1301448.65529685;-1615.22874929007;-3094.68331553433;-6291.95719592338;6997624.2833564;0.0488288291681315;0.00475334108100828;1.10648281791777;-0.0362687458715554;2.93697670644956
55110;-7202346.75401634;818690.138193826;1112124.42318379;-1397.20682135508;-3120.95974066042;-6328.69296999248;6997759.52134507;0.0488020841891505;0.00416941381397568;1.10648831288549;-0.0362698993410419;2.96699465558307
55140;-7240978.52811329;724702.931980762;921785.096233824;-1178.07410424161;-3144.37611672917;-6359.62717992941;6997873.81430522;0.0487792521545115;0.00354125492530401;1.10649296201846;-0.0362707180781864;2.99704156316798
55170;-7273021.82371728;630056.318283654;730604.976088395;-958.003788705232;-3164.91795578935;-6384.74336962653;6997966.88778052;0.0487605037916279;0.00287597787247443;1.10649675151815;-0.0362712586994536;3.02711293947308
55200;-7298451.11142678;534836.730981281;538758.810926436;-737.16912043986;-3182.57233285881;-6404.02822236017;6998038.51926346;0.0487459791266415;0.00218098412779514;1.10649967016675;-0.0362715784560018;3.05720401156334
55230;-7317246.06000971;439130.968382179;346421.701590085;-515.743398189282;-3197.3278761591;-6417.47154106426;6998088.53811912;0.0487357865418777;0.00146390608061395;1.10650170934245;-0.0362717351008899;3.08730977937762
55260;-7329391.53798371;343026.146747307;153769.008234041;-293.899973190441;-3209.17475956924;-6425.06623315208;6998116.82552296;0.0487300020455078;0.000732547924232254;1.106502863031;-0.0362717867565996;3.11742507383434
55290;-7334877.61519548;246609.654005482;-39023.7426383276;-71.8122496190029;-3218.1046973245;-6426.8082999147;6998123.31441542;0.0487286687589539;-5.17497076554383e-06;1.10650312783377;-0.0362717917827961;-3.13564069071937
55320;-7333699.56442449;149969.103593895;-231780.950889732;150.346314291253;-3224.11094098231;-6422.69683051597;6998107.98947546;0.0487317966259479;-0.00074129766905339;1.1065025029722;-0.0362718086442471;-3.10552222716863
55350;-7325857.86302624;53192.2883554184;-424327.035352657;372.402204783206;-3227.18827867245;-6412.73400059514;6998070.88711391;0.0487393623454925;-0.00146786772414476;1.10650099028884;-0.0362718957788131;-3.07541015764392
55380;-7311358.19462057;-43632.8655760193;-616486.5264603;594.181851093124;-3227.33303664492;-6396.92507547975;6998012.09548709;0.0487513095292377;-0.0021770071204597;1.1064985942449;-0.0362721114654211;-3.04530972385054
55410;-7290211.45082062;-140418.344971086;-808084.159042979;815.511624277419;-3224.54308312416;-6375.27841800274;6997931.75453004;0.0487675490820576;-0.00286097355328499;1.10649532191431;-0.0362725136919351;-3.01522603396206
55440;-7262433.73298831;-237076.095850978;-998944.965427945;1036.21783667806;-3218.8178344746;-6347.80550090913;6997830.05600784;0.0487879598028978;-0.00351222050758965;1.10649118297418;-0.0362731600228374;-2.98516400354277
55470;-7228046.35399204;-333518.070053002;-1188894.36897996;1256.12674235629;-3210.15826367756;-6314.52092382905;6997707.24358277;0.0488123892013202;-0.00412345561743257;1.10648618969178;-0.0362741074666426;-2.95512829820032
55500;-7187075.83993283;-429656.272085087;-1377758.27821919;1475.0645388257;-3198.56691111573;-6275.44243478475;6997563.61289413;0.048840654523587;-0.0046876968170663;1.10648035690772;-0.0362754123429721;-2.92512327846068
55530;-7139553.93179471;-525402.806338342;-1565363.18165173;1692.85737041727;-3184.04789765666;-6230.59095619027;6997399.51164665;0.0488725439806834;-0.00519832583176965;1.10647370201548;-0.0362771301492281;-2.89515294732091
55560;-7085517.58696563;-620669.924726456;-1751536.24344705;1909.33133361133;-3166.60694002206;-6179.99061529298;6997215.33970254;0.0489078181693498;-0.00564913859991809;1.10646624493687;-0.0362793154268191;-2.86522090089131
55590;-7025008.98056457;-715370.074820228;-1936105.40009436;2124.31248467331;-3146.25136842513;-6123.66877899615;6997011.54917154;0.0489462116760322;-0.00603439226630859;1.1064580080936;-0.0362820216269021;-2.83533028249048
55620;-6958075.50650085;-809415.948544975;-2118899.45816867;2337.62684993341;-3122.99014645278;-6061.6560929918;6996788.64449207;0.0489874348526556;-0.00634884843903255;1.10644901637448;-0.0362853009756272;-2.80548374050408
55650;-6884769.77818109;-902720.531507725;-2299748.19333439;2549.10043905249;-3096.83389316478;-5993.98652512193;6996547.18249616;0.0490311757523078;-0.00658781245651863;1.10643929709829;-0.036289204338888;-2.77568339026398
55680;-6805149.6287691;-995197.153020224;-2478482.45071207;2758.55926162026;-3067.79490737589;-5920.69741287507;6996287.77244962;0.0490771022122643;-0.00674716846639956;1.106428879972;-0.0362937810866057;-2.74593078014938
55710;-6719278.11089341;-1086759.53688267;-2654934.24673074;2965.82934743462;-3035.8871940815;-5841.82951491302;6996011.07605818;0.0491248640713181;-0.00682341017195282;1.10641779704419;-0.0362990789565989;-2.71622686205722
55740;-6627223.49568694;-1177321.85299178;-2828936.87258512;3170.73677081459;-3001.126492981;-5757.42706650994;6995717.80742937;0.0491740955080593;-0.00681366715380423;1.10640608265333;-0.0363051439181184;-2.6865719663374
55770;-6529059.27103219;-1266798.76983545;-3000324.99941298;3373.10767930271;-2963.53030904643;-5667.53783877244;6995408.73297917;0.0492244174865912;-0.00671572672291559;1.10639377337074;-0.0363120200351596;-2.65696578123981
55800;-6424864.1388751;-1355105.5079343;-3168934.78530406;3572.76832711601;-2923.11794507719;-5572.21320149506;6995084.67127143;0.0492754402961396;-0.0065280513047474;1.10638090793808;-0.036319749329693;-2.62740733687625
55830;-6314722.01145965;-1442157.89428896;-3334603.98424717;3769.54511370807;-2879.9105361739;-5471.50818949013;6994746.49277733;0.0493267661710847;-0.00624979139292795;1.10636752719879;-0.0363283716449934;-2.5978949936619
55860;-6198722.00632428;-1527872.41788932;-3497172.05711717;3963.26462780779;-2833.9310860567;-5365.48157221509;6994395.11954135;0.0493779919781223;-0.00588079414287677;1.10635367402353;-0.0363379245092834;-2.56842643516859
55890;-6076958.43989049;-1612166.28634005;-3656480.28479773;4153.75369730331;-2785.20450514486;-5254.19592650285;6994031.52473924;0.0494287119574746;-0.00542160770181627;1.10633939322915;-0.0363484429999469;-2.53899866529639
55920;-5949530.81946257;-1694957.48365374;-3812371.88352998;4340.83944534191;-2733.75765030546;-5137.71771218266;6993656.73211294;0.0494785205053418;-0.00487348139018738;1.10632473149097;-0.0363599596086122;-2.50960800965097
55950;-5816543.83344638;-1776164.82926029;-3964692.12257027;4524.34935301887;-2679.61936616945;-5016.11735035945;6993271.81526657;0.0495270149850397;-0.00423836186190392;1.10630973724799;-0.0363725041074478;-2.48025012100183
55980;-5678107.33958407;-1855708.03827794;-4113288.44423301;4704.11132902941;-2622.82052790307;-4889.46930409904;6992877.896807;0.0495737985545243;-0.00351888537602972;1.10629446060092;-0.0363861034170603;-2.45091998869134
56010;-5534336.35099;-1933507.78308766;-4258010.58638678;4879.95378665865;-2563.39408531195;-4757.85216124474;6992476.14731186;0.0496184829981962;-0.00271836631166516;1.10627895320263;-0.0364007814764328;-2.42161195186486
56040;-5385351.01976228;-2009485.75624911;-4398710.70746325;5051.7057284842;-2501.37510814352;-4621.34871906769;6992067.78410736;0.0496606915510111;-0.00184078205092232;1.10626326814072;-0.036416559115392;-2.39231971639934
56070;-5231276.61793283;-2083564.73479174;-4535243.51402905;5219.19683916455;-2436.80083244137;-4480.04607042904;6991654.06983803;0.0497000617029561;-0.000890754342972062;1.10624745981215;-0.0364334539301426;-2.36303637541903
56100;-5072243.51550787;-2155668.64591035;-4667466.39096093;5382.25758668427;-2369.71070779214;-4334.03569110607;6991236.31080994;0.0497362479718856;0.000126472754574464;1.10623158378946;-0.0364514801624629;-2.33375443330408
56130;-4908387.15533966;-2225722.63408936;-4795239.53425349;5540.71933242256;-2300.14644529202;-4183.41352790727;6990815.85508896;0.0497689246325038;0.00120505828075788;1.10621569667866;-0.0364706485832032;-2.30446583311703
56160;-4739848.02455921;-2293653.12967441;-4918426.0864772;5694.41445040676;-2228.15206604555;-4028.28008717317;6990394.09033561;0.0497977883889524;0.00233859306967185;1.10619985596832;-0.0364909663807873;-2.27516198739533
56190;-4566771.62228929;-2359387.91890457;-5036892.27489181;5843.17645610475;-2153.77394999415;-3868.74052322933;6989972.44135819;0.0498225609779663;0.00352013171361107;1.10618411986999;-0.0365124370554668;-2.24583381228245
56220;-4389308.42334613;-2422856.21541149;-5150507.55220693;5986.84014510088;-2077.06088485633;-3704.90472632728;6989552.36736604;0.049842991688933;0.00474222778787588;1.10616854714971;-0.0365350603201323;-2.21647176499495
56250;-4207613.83762857;-2483988.7331856;-5259144.73996696;6125.24174198856;-1998.06411494443;-3536.88740957609;6989135.35890567;0.0498588597863996;0.00599697235896845;1.10615319695064;-0.0365588320085334;-2.18706588464774
56280;-4021848.16488302;-2542717.76100184;-5362680.1745222;6258.21905979836;-1916.8373896059;-3364.80819433386;6988722.93446301;0.0498699768196298;0.0072760358211241;1.10613812860677;-0.0365837439918129;-2.1576058364825
56310;-3832176.54452385;-2598977.23828955;-5460993.85553165;6385.61167026375;-1833.4370110188;-3188.79169349323;6988316.63671615;0.0498761888027482;0.00857071312661743;1.10612340144785;-0.0366097841043016;-2.12808095956438
56340;-3638768.90017964;-2652702.83242309;-5553969.59692519;6507.26108520622;-1747.92188105255;-3008.96759205886;6987918.02842432;0.0498773782478078;0.00987197249128887;1.1061090745956;-0.0366369360795655;-2.0984803180277
56370;-3441799.87862784;-2703832.01740031;-5641495.18023468;6623.01094929867;-1660.35354688589;-2825.47072437778;6987528.68794041;0.0498734660318257;0.0111705076673426;1.10609520675154;-0.0366651794977358;-2.06879275596148
56400;-3241448.78277292;-2752304.15386687;-5723462.51018319;6732.70724443834;-1570.79624505371;-2638.44114734559;6987150.20433628;0.0498644130774649;0.012456793879045;1.10608185597661;-0.0366944897451814;-2.03900695602907
56430;-3037899.49831663;-2798060.57043414;-5799767.77240126;6836.19850592996;-1479.31694357453;-2448.02420887261;6986784.17213249;0.0498502218256425;0.0137211475120514;1.10606907946304;-0.0367248379876143;-2.00911150191034
56460;-2831340.41376355;-2841044.64622746;-5870311.59311661;6933.3360506443;-1385.98538178934;-2254.37061085545;6986432.1856266;0.0498309374769578;0.0149537896321905;1.10605693329894;-0.0367561911577335;-1.97909494463981
56490;-2621964.33340052;-2881201.89459043;-5934999.20064074;7023.97421727711;-1290.87410752158;-2057.63646585963;6986095.83281729;0.0498066489775081;0.0161449133832971;1.10604547222619;-0.0367885119585267;-1.94894587288724
56520;-2409968.38288588;-2918480.04785864;-5993740.58845126;7107.97061878889;-1194.05851114697;-1857.9833466802;6985776.688925;0.0497774897234628;0.0172847552743996;1.10603474939231;-0.0368217588833471;-1.9186529871873
56550;-2195553.90708224;-2952829.14310389;-6046450.67964336;7185.18640705543;-1095.61685614071;-1655.57832790804;6985476.30951363;0.049743637957769;0.0183636703132049;1.10602481609713;-0.036855886253877;-1.88820517807111
56580;-1978926.35976689;-2984201.6087362;-6093049.4924971;7255.48654970321;-995.630305648449;-1450.59401859219;6985196.223222;0.0497053168316419;0.0193722108738853;1.10601572153512;-0.0368908442770641;-1.8575916079827
56610;-1760295.18485534;-3012552.35183748;-6133462.3068791;7318.74011904235;-894.182944607269;-1243.2085850511;6984937.92411849;0.0496627941031446;0.0203012091018307;1.10600751253448;-0.0369265791220847;-1.82680179677776
56640;-1539873.68877733;-3037838.84608595;-6167619.8311687;7374.82059294152;-791.361796922526;-1033.60576285152;6984702.86369739;0.0496163814452833;0.0211418625558937;1.10600023329414;-0.0369630330183412;-1.79582571049888
56670;-1317878.90365014;-3060021.22011526;-6195458.36936823;7423.60616741529;-687.256837187791;-821.974856940541;6984492.44254081;0.0495664333367375;0.0218858226691824;1.10599392511988;-0.0370001443754327;-1.76465385300176
56700;-1094531.44090246;-3079062.34613676;-6216919.98802666;7464.98008061327;-581.960996417053;-608.51072888688;6984308.00167594;0.049513345509726;0.022525285473563;1.10598862616108;-0.0370378479259643;-1.7332773598698
56730;-870055.335012355;-3094927.92863712;-6231952.68257365;7498.83094781276;-475.57016124217;-393.413770161225;6984150.81366352;0.0494575529316852;0.0230530838819933;1.10598437114954;-0.0370760748919603;-1.70168809390317
56760;-644677.877036485;-3107586.59294682;-6240510.54262908;7525.05310692221;-368.183166014056;-176.889860363646;6984022.07346002;0.0493995273005127;0.02346278065827;1.10598119114212;-0.0371147531755337;-1.66987874130298
56790;-418629.437623808;-3117009.97345813;-6242553.91581968;7543.5469739011;-259.90177723398;40.8496907106801;6983922.88910234;0.0493397740372186;0.0237487610299379;1.10597911326883;-0.0371538075743327;-1.63784290749652
56820;-192143.279226616;-3123172.80125358;-6238049.56960126;7554.21940739376;-150.830669731825;259.588218287034;6983854.27227134;0.0492788287649961;0.0239063237205693;1.10597816048843;-0.0371931600221333;-1.60557521136952
56850;34544.6427555958;-3126052.99088881;-6226970.85055122;7556.98408175953;-41.0773940018369;479.103796231617;6983817.12879688;0.0492172532700561;0.0239317689984227;1.10597835135333;-0.0372327298547786;-1.57307137649127
56880;261195.890137525;-3125631.72605523;-6209297.84056233;7551.76186756032;69.2476658963942;699.169350196807;6983812.24917453;0.0491556309470825;0.023822482166873;1.1059796997861;-0.0372724341014757;-1.54032831774611
56910;487569.763622784;-3121893.543831;-6185017.50933541;7538.48121843902;180.031344462581;919.552791398644;6983840.29917093;0.0490945617408699;0.023577010765632;1.1059822148695;-0.0373121878012552;-1.50734422162781
56940;713423.53616601;-3114826.41721038;-6154123.86253566;7517.07856318954;291.157757490963;1140.01717211184;6983901.81060139;0.0490346566055333;0.0231951336202543;1.10598590065246;-0.0373519043441744;-1.47411861832113
56970;938512.698158412;-3104421.83558487;-6116618.0849451;7487.49870168097;402.508375989904;1360.32086393475;6983997.17237009;0.0489765315135363;0.0226779197809723;1.10599075597415;-0.0373914958366023;-1.44065244359766
57000;1162591.21453055;-3090674.88283179;-6072508.67791286;7449.69520315712;513.962111842907;1580.21775983202;6984126.62186885;0.0489208010584959;0.0220277753402302;1.10599677430851;-0.0374308734896719;-1.40694808850083
57030;1385411.7938196;-3073584.31265041;-6021811.59037561;7403.63080528744;625.395415745099;1799.45750090557;6984290.23683634;0.0488680717080456;0.0212484761225625;1.10600394363156;-0.0374699480297104;-1.37300943479867
57060;1606726.16919752;-3053152.62076933;-5964550.34269279;7349.27781219906;736.682387919517;2017.78572877327;6984487.92778378;0.0488189347756842;0.0203451843093512;1.1060122463137;-0.0375086301291823;-1.3388418742513
57090;1826285.39140101;-3029386.11363488;-5900756.14251634;7286.61848957274;847.694902080632;2234.94436434941;6984719.43109724;0.0487739591931183;0.0193244472026597;1.10602165903936;-0.0375468308563867;-1.30445230988119
57120;2043840.13344485;-3002294.97317657;-5830467.9918922;7215.6454547398;958.302743067954;2450.67191372017;6984984.30292924;0.0487336841767028;0.0181941765524655;1.10603215275608;-0.0375844621418552;-1.2698491376542
57150;2259141.00693561;-2971893.31723368;-5753732.78477169;7136.36205957457;1068.3737585199;2664.70380169029;6985281.91399395;0.048698611892723;0.0169636071718044;1.10604369265512;-0.0376214372591021;-1.23504220727904
57180;2471938.88973507;-2938199.25521719;-5670605.39409581;7048.7827638391;1177.77402489707;2876.77273344412;6985611.44537988;0.0486692002359263;0.0156432339441554;1.10605623818559;-0.0376576713170777;-1.20004276121264
57210;2681985.26464993;-2901234.93857261;-5581148.74760404;6952.93349650662;1286.3680280943;3086.60908461359;6985971.88549304;0.0486458558434125;0.0142447267795076;1.10606974310378;-0.0376930817613879;-1.16486335141057
57240;2889032.5687486;-2861026.60560357;-5485433.89151327;6848.85200246916;1394.01885880241;3293.94131987872;6986362.02824003;0.0486289274712233;0.0127808235905477;1.10608415555928;-0.0377275888810633;-1.12951773387712
57270;3092834.55282642;-2817604.6202122;-5383540.04121114;6736.58817192594;1500.58842269297;3498.49644004193;6986780.47255517;0.0486186998633041;0.0112652019223662;1.10609941821937;-0.0377611163173916;-1.09402074163114
57300;3293146.65045772;-2771003.50411182;-5275554.61811311;6616.20434965468;1605.93766540354;3700.00045731683;6987225.62336953;0.0486153882415948;0.00971233045814272;1.10611546843245;-0.037793591571086;-1.0583881372935
57330;3489726.35598854;-2721261.96206953;-5161573.27184328;6487.77562129132;1709.92681219562;3898.17889835566;6987695.6941099;0.0486191335415765;0.00813730221729675;1.10613223843158;-0.0378249465038381;-1.02263644709602
57360;3682333.61073619;-2668422.89974182;-5041699.88691679;6351.39007368624;1812.4156220452;4092.75733430809;6988188.71080514;0.0486299985095641;0.00655565183550721;1.10614965557836;-0.0378551178301124;-0.98678277868551
57390;3870731.19657368;-2612533.43367533;-4916046.57312665;6207.14902637154;1913.26365580498;4283.46193695943;6988702.51786407;0.0486479647664067;0.00498315984201326;1.10616764264736;-0.0378840475948869;-0.950844625622778
57420;4054685.13598752;-2553644.89305754;-4784733.63887;6055.16723116478;2012.33055795012;4470.02005973945;6989234.78557353;0.0486729309272504;0.00343564730354406;1.10618611815067;-0.0379116836329233;-0.914839661931445
57450;4233965.09760882;-2491812.81281908;-4647889.54668908;5895.57303695444;2109.47635128639;4652.16084212731;6989783.01934844;0.0487047118489712;0.00192876456346655;1.10620499670194;-0.0379379800050829;-0.878785530411483
57480;4408344.80612919;-2427096.91770952;-4505650.85035069;5728.50851676201;2204.5617438616;4829.61583570407;6990344.57074612;0.0487430390562957;0.000477778050987139;1.10622418941875;-0.0379628974071786;-0.842699628679655
57510;4577602.4554273;-2359561.09699392;-4358162.1128443;5554.12955425822;2297.44844717991;5002.11964982721;6990916.65023647;0.0487875623751239;-0.000902640744508692;1.10624360436173;-0.037986403546885;-0.806598897020531
57540;4741521.12364867;-2289273.36944625;-4205575.80474406;5372.60588702771;2387.99950467561;5169.41061462258;6991496.34169743;0.0488378527778366;-0.00219862005005083;1.10626314700835;-0.0380084734843132;-0.770499612121936
57570;4899889.18890258;-2216305.8383494;-4048052.18245319;5184.12110402947;2476.07962925975;5331.23145871298;6992080.61858141;0.048893406421191;-0.00339728239505673;1.106282720759;-0.0380290899320006;-0.73441719062782
57600;5052500.74416585;-2140734.63624906;-3885759.14593083;4988.87259488939;2561.55554861132;5487.32999883275;6992666.36167396;0.0489536498335363;-0.0044869253301654;1.1063022274724;-0.0380482435102701;-0.698366006178115
57630;5199156.00991591;-2062639.85925089;-3718872.07559063;4787.07144888864;2644.29635674705;5637.45983821812;6993250.37834137;0.049017946185259;-0.00545718497603289;1.10632156802694;-0.0380659329541771;-0.66235922323329
57660;5339661.74295511;-1982105.49069625;-3547573.64815772;4578.94230177496;2724.17387027208;5781.3810704184;6993829.42313852;0.0490856025552761;-0.00629917956193419;1.10634064290429;-0.0380821652685849;-0.626408650520465
57690;5473831.63983679;-1899219.31410153;-3372053.63137452;4364.72312882443;2801.06298758964;5918.86098494692;6994400.21962407;0.0491558780875827;-0.00700563064229058;1.10635935279105;-0.0380969558282959;-0.590524616411636
57720;5601486.73326087;-1814072.81529963;-3192508.65755642;4144.66498291601;2874.84204923472;6049.67477098869;6994959.48320612;0.0492279929158107;-0.00757096024813254;1.10637759919401;-0.0381103284206019;-0.554715867977769
57750;5722455.77977566;-1726761.07377868;-3009141.97611476;3919.03167674892;2945.39319739555;6173.6062152067;6995503.94481928;0.0493011377207434;-0.00799136281379753;1.10639528506408;-0.0381223152281085;-0.518989494881387
57780;5836575.63710178;-1637382.64327247;-2822163.18528518;3688.09940873005;3012.60273260064;6290.44838954632;6996030.37521348;0.0493744837759602;-0.00826485129313234;1.10641231542397;-0.0381329567502325;-0.483350878698522
57810;5943691.62938673;-1546039.42171881;-2631787.94342436;3452.15633248229;3076.36146547977;6400.00432483036;6996535.60961703;0.0494471933302941;-0.00839127742217942;1.10642859799422;-0.0381423016623483;-0.44780366772048
57840;6043657.89870325;-1452836.51076575;-2438237.66036548;3211.50207036961;3136.56506145664;6502.08766587005;6997016.57252087;0.0495184301724636;-0.00837232657899826;1.10644404381205;-0.0381504066121791;-0.412349776794466
57870;6136337.74112392;-1357882.06507017;-2241739.16945134;2966.44717189699;3193.11437620114;6596.52330379205;6997470.30231936;0.0495873702229634;-0.00821148812303752;1.10645856783771;-0.0381573359536746;-0.376989411332662
57900;6221603.92573692;-1261287.13169862;-2042524.38099296;2717.31251831674;3245.91577966073;6683.14798130205;6997893.9755346;0.0496532120007504;-0.00791400245748995;1.10647208954247;-0.0381631614192762;-0.341721114260605
57930;6299338.99501504;-1163165.48000571;-1840829.91802903;2464.42867525111;3294.88146650585;6761.81086667246;6998284.93034729;0.0497151868171817;-0.00748678634497678;1.10648453347292;-0.0381679617321492;-0.306541834391032
57960;6369435.5450117;-1063633.42242949;-1636896.73538631;2208.13519561899;3339.9297508632;6832.37409235687;6998640.68915713;0.0497725685566777;-0.00693833822029305;1.10649582978604;-0.0381718221606315;-0.27144701449815
57990;6431796.48393316;-962809.626706476;-1430969.72316151;1948.77987562376;3380.98534327417;6894.71325429778;6998958.97990059;0.0498246829123593;-0.00627862538823366;1.10650591474985;-0.0381748340178089;-0.236430697225087
58020;6486335.2677259;-860814.920069303;-1223297.29586048;1686.71796701428;3417.97960790383;6948.71786820575;6999237.75586313;0.0498709159551183;-0.00551895507738239;1.10651473120469;-0.038177094109774;-0.201485646876368
58050;6532976.11142099;-757772.086047826;-1014130.96853799;1422.31134926415;3450.8507981378;6994.29177934648;6999475.21373672;0.0499107219258902;-0.00467183135155101;1.10652222898033;-0.0381787041367312;-0.166603485118344
58080;6571654.1750927;-653805.654548257;-803724.921381314;1155.92766571887;3479.54426883969;7031.35352267552;6999669.80969158;0.0499436301530558;-0.00375079987054974;1.10652836526486;-0.0381797700516834;-0.131774838622149
58110;6602315.72341596;-549041.685934521;-592335.554270144;887.939428130602;3504.01266369893;7059.8366305044;6999820.27325397;0.0499692510096507;-0.00277028245256599;1.10653310492137;-0.0381804013819527;-0.0969894967247148
58140;6624918.25794453;-443607.54988046;-380221.032924498;618.723094328604;3524.2160762766;7079.68988526444;6999925.61880746;0.0499872808382319;-0.00174540333301231;1.10653642074917;-0.0381807105192505;-0.0622365772421015
58170;6639430.621379;-337631.699800412;-167640.82831904;348.658124056097;3540.12218355232;7090.87751534921;6999985.15456539;0.0499975057846846;-0.00069180895001481;1.10653829368691;-0.0381808119844009;-0.0275046986352338
58200;6645833.07324785;-231243.443698465;45144.7489037856;78.1260182352296;3551.70635098696;7093.37933245942;6999998.48889467;0.0499998044958452;0.000374516975920167;1.10653871295525;-0.0381808216731454;0.00721784320835515
58230;6644117.33658572;-124572.71230288;257875.017249014;-192.490652902119;3558.95170834039;7087.19080933898;6999965.53390569;0.0499941496494936;0.00143744135318311;1.10653767613779;-0.0381808560896914;0.0419428952598118
58260;6634286.61535793;-17749.8253715514;470289.39461387;-462.809227262147;3561.8491957177;7072.32309727048;6999886.50626019;0.0499806082989944;0.0024808709431808;1.1065351891992;-0.0381810315748261;0.0766822663471187
58290;6616355.58254799;89094.7429334906;682127.868151331;-732.447928302404;3560.39757955875;7048.80298318774;6999761.92518598;0.0499593410285948;0.00348894123615995;1.10653126644052;-0.0381814635354853;0.111447546494796
58320;6590350.3389935;195830.598699583;893131.461945075;-1001.02683680091;3554.60343852994;7016.672786754;6999592.60772539;0.049930599929141;0.00444620331298335;1.10652593039199;-0.0381822656826484;0.146249928238492
58350;6556308.34322296;302327.662044469;1103042.70070608;-1268.1688514361;3544.48111952188;6975.99019823997;6999379.66128134;0.0498947254176915;0.00533780700140133;1.10651921164464;-0.0381835492843237;0.181100031573798
58380;6514278.31271111;408456.399134108;1311606.06773338;-1533.50063275719;3530.05266419713;6926.82805851103;6999124.47356107;0.0498521419382336;0.00614967859126548;1.10651114862229;-0.0381854224402001;0.216007734243271
58410;6464320.09712994;514088.051563364;1518568.4554275;-1796.65352530664;3511.34770676617;6869.2740828884;6998828.70005126;0.0498033525943398;0.00686869131531256;1.10650178729655;-0.0381879893842636;0.250982009124233
58440;6406504.52432665;619094.862249406;1723679.60670493;-2057.2644528933;3488.40334389393;6803.43053108129;6998494.24919025;0.0497489327781597;0.00748282673761048;1.1064911808476;-0.0381913498213304;0.28603077054543
58470;6340913.21990554;723350.297017919;1926692.54573345;-2314.97678230201;3461.26397784982;6729.41382578874;6998123.26543076;0.0496895228734676;0.00798132512878356;1.10647938927447;-0.0381955983030217;0.321160731424859
58500;6267638.40142715;826729.261098596;2127363.99649239;-2569.44115105806;3429.98113420955;6647.35412293677;6997718.11041179;0.0496258201235122;0.0083548228559568;1.10646647895866;-0.038200823648225;0.35637727317362
58530;6186782.6483644;929108.30978833;2325454.78775516;-2820.3162552378;3394.61325559428;6557.39483684363;6997281.34247869;0.0495585697669425;0.00859547478680585;1.10645252218565;-0.0382071084125392;0.391684330340818
58560;6098458.64906916;1030365.85258748;2520730.24319516;-3067.26959372329;3355.22547308964;6459.69212389086;6996815.694807;0.049488555556921;0.00869705971295964;1.10643759662903;-0.0382145284106174;0.427084291970424
58590;6002788.92610475;1130382.35016601;2712960.55542684;-3309.9781657327;3311.88935712268;6354.41432851669;6996324.05239748;0.0494165897894208;0.0086550668492866;1.10642178480239;-0.0382231522946943;0.462577921591629
58620;5899905.54138786;1229040.50357127;2901921.14291128;-3548.12911891312;3264.68264968768;6241.74139554013;6995809.42821702;0.0493435029763488;0.00846676157337523;1.10640517348434;-0.0382330411919317;0.498164297658458
58650;5789949.78265795;1326225.4351475;3087392.98877818;-3781.42034575023;3213.68897990088;6121.86425296735;6995274.93876304;0.0492701333072273;0.00813122874207838;1.10638785312196;-0.0382442484025519;0.533840776083992
58680;5673071.83285225;1421824.86069738;3269162.96074241;-4009.56102652497;3158.99756492937;5994.98416952694;6994723.77932728;0.0491973160493374;0.00764939216602841;1.10636991721856;-0.0382568191600491;0.569602976272684
58710;5549430.42401074;1515729.25247813;3447024.111421;-4232.27211752239;3100.70289838137;5861.31209122776;6994159.1992288;0.0491258730401506;0.00702400914135386;1.10635146171096;-0.038270790454104;0.605444791738207
58740;5419192.47736687;1607831.99268751;3620775.95848613;-4449.28678366748;3038.90442826327;5721.06796123416;6993584.47727665;0.0490566024272299;0.0062596393294684;1.10633258434211;-0.0382861909161642;0.641358426004911
58770;5282532.73129801;1698029.51715844;3790224.74421723;-4660.35077521991;2973.70622660488;5574.48002731028;6993002.89770888;0.0489902688092287;0.0053625877348839;1.1063133840343;-0.0383030407670248;0.677334454034192
58800;5139633.35881385;1786221.44904325;3955183.67414226;-4865.22274859944;2905.21665282915;5421.78414100059;6992417.72683847;0.0489275939270035;0.00434082204749329;1.10629396026822;-0.0383213518251348;0.713361908902845
58830;4990683.57625232;1872310.72233074;4115473.13458111;-5063.67453183161;2833.54801289779;5263.22305259171;6991832.19061715;0.0488692480459667;0.00320386517402161;1.10627441247281;-0.0383411275737931;0.749428392904488
58860;4835879.24483251;1956203.69509897;4270920.88902349;-5255.49133549419;2758.81621620102;5099.04570574387;6991249.4533074;0.0488158421596697;0.00196266436422359;1.10625483943069;-0.0383623632848767;0.785520211666472
58890;4675422.46668133;2037810.25246456;4421362.25338729;-5440.47191040641;2681.14043208083;4929.50653549349;6990672.59742925;0.0487679211302799;0.000629438917823241;1.10623533870336;-0.038385046196273;0.821622529296383
58920;4509521.17690934;2117043.8992448;4566640.25031144;-5618.42865363163;2600.6427477835;4754.86477311559;6990104.60512488;0.0487259578643576;-0.000782490986657867;1.10621600608038;-0.0384091557397724;0.857719542019155
58950;4338388.73325867;2193821.84240103;4706605.74273864;-5789.18766465789;2517.44782953203;4575.3837611006;6989548.34105897;0.0486903486024953;-0.00225889129637942;1.10619693505588;-0.0384346638158183;0.893794667264078
58980;4162243.50478667;2268065.06338091;4841117.54713685;-5952.58875387885;2431.68258829372;4391.33028124823;6989006.53694777;0.0486614093794926;-0.00378481344908736;1.10617821633581;-0.0384615351112145;0.929830744734769
59010;3981308.46098157;2339698.3805223;4970042.52679497;-6108.48540571874;2343.47585169499;4202.97389861698;6988481.77778521;0.0486393736883742;-0.00534480229543083;1.10615993737837;-0.0384897274556494;0.965810245666713
59040;3795810.76263338;2408650.5017237;5093255.66570606;-6256.74469892937;2252.95804340694;4010.58632379453;6987976.4898103;0.0486243913574663;-0.00692310856105475;1.10614218197027;-0.038519192212718;1.00171548626397
59070;3605981.3557049;2474854.06762319;5210640.12362109;-6397.24718673513;2160.26087119242;3814.44079567687;6987492.93023681;0.0486165286256569;-0.00850390174284781;1.10612502984032;-0.0385498747010079;1.03752884122004
59100;3412054.56936601;2538245.68556216;5322087.27291792;-6529.88673961505;2065.51702467125;3614.81148666491;6987033.17874491;0.0486157693776542;-0.0100714793783249;1.10610855631192;-0.0385817146407455;1.07323295327386
59130;3214267.71926909;2598765.95463953;5427496.71798326;-6654.57035358981;1968.8598837258;3411.97293191143;6986599.13071376;0.0486220174792743;-0.0116104688017132;1.10609283199538;-0.0386146466215024;1.10881093492754
59160;3012860.71705692;2656359.48218761;5526776.2978501;-6771.21792692871;1870.42323833627;3206.19948398041;6986192.49215618;0.0486351001331955;-0.0131060177959701;1.10607792252063;-0.0386486005864946;1.14424655874915
59190;2808075.68700638;2710974.89202303;5619842.07287014;-6879.76200820912;1770.3410205052;2997.76479401836;6985814.77629978;0.0486547721587991;-0.0145439709516028;1.10606388831041;-0.0386835023291071;1.1795244330864
59220;2600156.59062347;2762564.82484349;5706618.29623;-6980.14751865061;1668.74704880504;2786.94132028529;6985467.30174456;0.0486807210860875;-0.0159110290308214;1.10605078439373;-0.0387192739974042;1.21463016050533
59250;2389348.85991814;2811085.93115557;5787037.37114162;-7072.33145161108;1565.77478596229;2573.99986465376;6985151.19211492;0.0487125729435467;-0.0171948891842056;1.10603866025907;-0.0387558346025614;1.2495504768174
59280;2175899.04000122;2856498.85712958;5861039.79455223;-7156.28255207532;1461.55710977749;2359.20913745907;6984867.37711337;0.0487498986132973;-0.0183843644525167;1.10602755974632;-0.0387931005273556;1.28427336914425
59310;1960054.44156237;2898768.22378449;5928574.08822746;-7231.98097888935;1356.22609757292;2142.8353508736;6984616.59487556;0.0487922206239587;-0.0194694815810067;1.10601752097647;-0.0388309860310857;1.31878817206437
59340;1742062.80370637;2937862.59991053;5989596.71806356;-7299.41795240101;1249.91282425995;1925.14184078474;6984399.39551955;0.0488390202521312;-0.0204415567542536;1.10600857631729;-0.0388694037475475;1.35308564146678
59370;1522171.96754711;2973754.46913817;6044072.00248121;-7358.59539005924;1142.74717402606;1706.38871697836;6984216.14577854;0.0488897448070114;-0.021293249403818;1.10600075238372;-0.0389082651729631;1.38715800628115
59400;1300629.56088354;3006420.19156108;6091972.01074519;-7409.5255324057;1034.85766555679;1486.83254127017;6984067.03460328;0.0489438149789823;-0.022018594731228;1.10599407007081;-0.0389474811410466;1.42099899874391
59430;1077682.69421113;3035839.96031687;6133276.45204101;-7452.2305617639;926.371290632564;1266.72603308368;6983952.07961986;0.0490006321416104;-0.0226130160116439;1.10598854461743;-0.0389869622826847;1.45460386428259
59460;853577.668254784;3061997.75352349;6167972.55612298;-7486.74221579568;817.413365871623;1046.31780184749;6983871.13432913;0.0490595855068364;-0.0230733180902184;1.10598418569851;-0.0390266194680054;1.48796935244711
59490;628559.69314659;3084881.28196173;6196054.94632732;-7513.10139795532;708.107397330742;825.85210547429;6983823.89593599;0.0491200590447454;-0.0233976637497956;1.10598099754359;-0.0390663642289081;1.52109369058277
59520;402872.619312637;3104481.93288421;6217525.50572065;-7531.35778672828;598.574957622716;605.568634089918;6983809.91369997;0.0491814380916652;-0.0235855348149806;1.10597897907953;-0.03910610916042;1.55397654212614
59550;176758.68007897;3120794.71032106;6232393.23712771;-7541.56944539791;488.935575164844;385.70231810122;6983828.59770264;0.0492431155830005;-0.0236376799680161;1.10597812409497;-0.0391457682995309;1.58661895151428
59580;-49541.7540435587;3133818.17223966;6240674.11775411;-7543.80243393999;379.306635134666;166.483159626582;6983879.22793246;0.0493044978597617;-0.0235560512923301;1.10597842142424;-0.0391852574804354;1.61902327773843
59610;-275790.409481602;3143554.36490301;6242390.9490897;-7538.13042450307;269.803291678038;-51.8639137390144;6983960.96359329;0.0493650100098535;-0.0233437315391876;1.10597985514847;-0.0392244946653748;1.65119311855145
59640;-501751.332256481;3150008.75475716;6237573.20274647;-7524.63432179413;160.538390889594;-269.119173892065;6984072.85254908;0.049424100716561;-0.0230048540409537;1.10598240481165;-0.0392634002505233;1.68313322726644
59670;-727191.099341474;3153190.15816352;6226256.86285285;-7503.40188955401;51.6224040664748;-485.068197017657;6984213.84082374;0.0494812465971198;-0.0225445170821111;1.1059860456493;-0.0393018973465949;1.71484942397041
59700;-951879.018918053;3153110.66927627;6208484.26559272;-7474.52738417707;-56.8366292777816;-699.501949329497;6984382.7820822;0.0495359560236167;-0.0219686943957372;1.10599074882789;-0.0393399120340652;1.74634850283316
59730;-1175587.31975965;3149785.58635031;6184303.93644402;-7438.11119640511;-164.733149161346;-912.21685487539;6984578.44702559;0.0495877724266789;-0.0212841432894085;1.1059964816927;-0.0393773735931031;1.77763813702663
59760;-1398091.32999764;3143233.33674856;6153770.42563821;-7394.25950190636;-271.964114171145;-1123.01484653106;6984799.53264045;0.0496362770894236;-0.0204983117286981;1.10600320802231;-0.0394142147084856;1.80872678259404
59790;-1619169.64554681;3133475.40090233;6116944.14232808;-7343.08392143843;-378.429032316626;-1331.70340129825;6985044.67124898;0.0496810914449739;-0.019619245526107;1.10601088828788;-0.0394503716499304;1.83962358242637
59820;-1838604.28848706;3120536.23546219;6073891.18791832;-7284.70119118765;-484.02998422546;-1538.0955610095;6985312.43931411;0.0497218788955603;-0.0186554966057846;1.10601947991548;-0.0394857844284277;1.8703382713262
59850;-2056180.8557142;3104443.19586142;6024683.18898023;-7219.23284377831;-588.671639200755;-1742.00993952317;6985601.36595968;0.0497583461748687;-0.0176160331436443;1.10602893754982;-0.0395203969292718;1.90088108296702
59880;-2271688.65818614;3085226.45849827;5969397.13013992;-7146.80490035258;-692.261264651176;-1943.2707174684;6985909.94117253;0.0497902442779886;-0.0165101522234865;1.10603921331804;-0.0395541570226036;1.93126265939652
59910;-2484920.85110165;3062918.94272862;5908115.18729801;-7067.54757403603;-794.708729394854;-2141.70762557201;6986236.62365933;0.0498173689851403;-0.0153473955048263;1.10605025709199;-0.0395870166523622;1.96149396358683
59940;-2695674.55535688;3037556.23284516;5840924.5615083;-6981.59498502439;-895.926501325662;-2337.15591756829;6986579.84833629;0.0498395610064342;-0.0141374682688551;1.10606201674799;-0.0396189319046168;1.99158619540456
59970;-2903750.9706309;3009176.50020527;5767917.31381309;-6889.08488745442;-995.829639916497;-2529.45633365901;6986938.03343585;0.0498567057753603;-0.0128901620970345;1.10607443842284;-0.0396498630563077;2.02155071126117
60000;-3108955.48045546;2977820.42565544;5689190.20130499;-6790.15840815511;-1094.33578401903;-2718.45505545519;6987309.58721863;0.049868732918613;-0.011615281341515;1.10608746676508;-0.039679774605465;2.05139894760783
60030;-3311097.74962595;2943531.1223867;5604844.51465681;-6684.95979731464;-1191.36513540326;-2904.00365329483;6987692.91428382;0.0498756154293402;-0.0103225734684863;1.10610104518077;-0.0397086352840065;2.08114234836061
60060;-3509991.81431097;2906354.05934245;5514985.91733567;-6573.63619104404;-1286.84043846318;-3085.95902679273;6988086.42147532;0.0498773685700583;-0.00902166329304033;1.10611511607285;-0.0397364180542279;2.1107922962786
60090;-3705456.16521644;2866336.98528741;5419724.28669184;-6456.33738576861;-1380.68695649766;-3264.18333943904;6988488.5233842;0.0498740485303856;-0.00772199107720235;1.10612962107357;-0.0397631000901069;2.14036004826977
60120;-3897313.82415751;2823529.85363472;5319173.55708905;-6333.21562433417;-1472.8324449574;-3438.54394802454;6988897.64745176;0.049865750863479;-0.00643275442876088;1.10614450126948;-0.0397886627445352;2.16985667456539
60150;-4085392.41438752;2777984.74811634;5213451.56522049;-6204.42539367545;-1563.20712203149;-3608.91332763075;6989312.23868005;0.0498526087237121;-0.00516285391765;1.10615969741834;-0.03981309150358;2.1992930016818
60180;-4269524.22502813;2729755.80937138;5102679.89773275;-6070.12323385935;-1651.74363692854;-3775.1689928846;6989730.76395932;0.049834790926727;-0.00392084231583434;1.10617515015788;-0.0398363759288524;2.22867955907759
60210;-4449546.2699387;2678899.16251629;4986983.74125984;-5930.46755828445;-1738.37703618982;-3937.19341613863;6990151.71602407;0.0498124998516009;-0.002714877365685;1.10619080020591;-0.0398585095890327;2.25802652941231
60240;-4625300.34135595;2625472.84575116;4866491.73495014;-5785.61848479186;-1823.04472835412;-4094.87394320033;6990573.61705096;0.0497859692035366;-0.00155267798845529;1.1062065885517;-0.0398794899815665;2.28734370231953
60270;-4796633.05862727;2569536.74004704;4741335.8255508;-5635.73767741869;-1905.68644727677;-4248.10270719722;6990995.02191362;0.0497554616542241;-0.000441483857566607;1.10622245663854;-0.0398993184455044;2.31664043161924
60300;-4963395.91235273;2511152.49995023;4611651.12509722;-5480.98819850566;-1986.24421438809;-4396.77654112894;6991414.52111038;0.0497212663758752;0.000611981720540596;1.10623834653737;-0.039918000066418;2.34592559591281
60330;-5125445.30424179;2450383.48553139;4477575.77123923;-5321.53437085329;-2064.66230016047;-4540.79688962278;6991830.74338195;0.0496836964839178;0.00160154565336646;1.10625420111147;-0.0399355435742718;2.3752075625247
60360;-5282642.58298146;2387294.69549929;4339250.79022038;-5157.54164960668;-2140.88718503686;-4680.06972037603;6992242.35803683;0.0496430864024587;0.00252161564866575;1.10626996417241;-0.0399519612350859;2.40449415477901
60390;-5434854.07640279;2321952.70149183;4196819.96251303;-4989.17650353712;-2214.86752005837;-4814.50543573628;6992648.07700252;0.0495997891659015;0.00336720752608248;1.10628558062717;-0.0399672687371707;2.43379262262404
60420;-5581951.12022252;2254425.58354991;4050429.69109864;-4816.60630537931;-2286.55408741362;-4944.01878484056;6993046.656621;0.049554173669531;0.00413396921518347;1.10630099661673;-0.039981485072661;2.46310961664276
60450;-5723810.0836263;2184782.86677339;3900228.87237062;-4639.99923087488;-2355.89976111832;-5068.52877670437;6993436.89920708;0.0495066218814538;0.00481820137668396;1.10631615964625;-0.0399946324150271;2.49245116551099
60480;-5860312.39194939;2113095.45915227;3746368.76962564;-4459.52416616762;-2422.8594680199;-5187.95859462414;6993817.65438788;0.0494575260280075;0.00541687456183972;1.10633101870706;-0.0400067359931839;2.5218226569868
60510;-5991344.54670005;2039435.59056052;3589002.88909893;-4275.35062319092;-2487.39014930896;-5302.23551223;6994187.82024176;0.0494072857646078;0.00592764280619581;1.10634552439067;-0.040017823962768;2.55122882253311
60540;-6116798.1431598;1963876.75289489;3428286.85848933;-4087.64866268544;-2549.45072270696;-5411.29081150041;6994546.3442546;0.0493563053439766;0.00634885353919682;1.10635962899512;-0.0400279272751013;2.58067372569008
60570;-6236569.88578428;1886493.64133591;3264378.30791084;-3896.58882448307;-2609.00204548768;-5515.05970302635;6994892.22411065;0.0493049907937751;0.00667955368110586;1.10637328662382;-0.0400370795443069;2.61016075432363
60600;-6350561.60161689;1807362.09670396;3097436.75319918;-3702.34206469243;-2666.00687847894;-5613.48124879039;6995224.50833507;0.0492537471158248;0.0069194917945368;1.10638645327731;-0.0400453169129953;2.63969261688055
60630;-6458680.25191708;1726559.04887877;2927623.48149412;-3505.07969942156;-2720.42985118023;-5706.49828770435;6995542.29680419;0.0492029755193225;0.00706911615936392;1.10639908693807;-0.0400526779168919;2.66927134277887
60660;-6560837.94219383;1644162.46124721;2755101.43901154;-3304.97335467405;-2772.23742812219;-5794.05736412932;6995844.74113917;0.0491530707007119;0.00712956864808194;1.10641114764879;-0.0400592033487285;2.69889828705404
60690;-6656951.93082396;1560251.27614005;2580035.12091259;-3102.19492205655;-2821.39787658407;-5876.10865958274;6996131.04499786;0.049104418183139;0.00710267429371265;1.10642259758428;-0.0400649361216801;2.72857413936594
60720;-6746944.63642454;1474905.3612156;2402590.46317138;-2896.91651993743;-2867.88123577669;-5952.60592781967;6996400.46427901;0.049057391728666;0.0069909264640443;1.10643340111745;-0.0400699211325868;2.75829893745028
60750;-6830743.64413714;1388205.45674458;2222934.73633756;-2689.31045969873;-2911.65928758971;-6023.50643345816;6996652.30725186;0.0490123508366279;0.00679746758460334;1.10644352487941;-0.0400742051251596;2.78807208506904
60780;-6908281.71097173;1300233.12374792;2041236.44108499;-2479.54921672617;-2952.70552899415;-6088.77089430327;6996885.93462372;0.0489696383416377;0.00652606538770123;1.10645293781423;-0.0400778365533349;2.8178923744797
60810;-6979496.77034688;1211070.69293669;1857665.20543346;-2267.8054057847;-2990.99514618386;-6148.36342750927;6997100.75955704;0.0489295781247892;0.00618108470568589;1.10646161122837;-0.0400808654449049;2.84775801340214
60840;-7044331.9359527;1120801.21440068;1672391.68352638;-2054.25176042997;-3026.50499053216;-6202.25149970543;6997296.24764665;0.0488924729515211;0.00576745487235476;1.10646951883518;-0.0400833432655236;2.87766665641604
60870;-7102735.50505221;1029508.40799015;1485587.45584379;-1839.06111610919;-3059.21355643348;-6250.40588119799;6997471.91686696;0.0488586024493797;0.00529063284657458;1.1064766367947;-0.0400853227831542;2.90761544067174
60900;-7154660.9613269;937276.614333342;1297424.93072701;-1622.4063966072;-3089.10096109363;-6292.80060434817;6997627.33749809;0.0488282212385386;0.00475656222514544;1.10648294374881;-0.0400868579330009;2.93760102574427
60930;-7200066.97736151;844190.746430255;1108077.24708804;-1404.46060349712;-3116.14892632608;-6329.4129262145;6997762.13203898;0.0488015572273841;0.00417162836656157;1.10648842085217;-0.0400880036829415;2.96761963740571
60960;-7238917.41685318;750336.241761795;917718.178174857;-1185.39680825664;-3140.34076240619;-6360.22329553661;6997875.97511468;0.0487788100847575;0.00354260990229218;1.10649305179897;-0.040088815899457;2.99766711503596
60990;-7271181.33661988;655799.014851859;726522.0362612;-965.388146714203;-3161.66135403016;-6385.21532412706;6997968.59338401;0.0487601498995387;0.0028766269658283;1.1064968228456;-0.0400893512140335;3.02773896233842
61020;-7296832.98847298;560665.410218555;534663.57812776;-744.607815490978;-3180.09714841986;-6404.37576272761;6998039.76545316;0.0487457160371902;0.00218108652059524;1.1064997228296;-0.0400896668899981;3.05783040097624
61050;-7315851.82100888;465022.155649606;342317.911200116;-523.229070106582;-3195.63614561041;-6417.69448137685;6998089.32179963;0.0487356162016422;0.00146362521439792;1.10650174318479;-0.0400898206897332;3.08793642669796
61080;-7328222.48136463;368956.315736004;149660.400207493;-301.42522441808;-3208.26789095222;-6425.16445432654;6998117.14471034;0.0487299257095217;0.000732050228882004;1.10650287795277;-0.040089870742203;3.11805186748098
61110;-7333934.81697259;272555.245597018;-43133.425774561;-79.3696510629624;-3217.98346985497;-6426.78174953522;6998123.16823655;0.048728686982221;-5.72137362608351e-06;1.10650312379086;-0.0400898754107194;-3.13501386399268
61140;-7332983.87733934;175906.544728978;-235887.96603523;142.764217422291;-3224.77550479631;-6422.54552275867;6998107.37816768;0.0487319092596899;-0.000741724277732988;1.10650247997655;-0.040089893160862;-3.10489548098219
61170;-7325369.91586421;79098.0109095786;-428427.640831295;364.802887135955;-3228.6381546141;-6412.45801624812;6998069.81202514;0.0487395685381571;-0.00146800697194958;1.1065009484084;-0.0400899824284697;-3.07478360469763
61200;-7311098.39170286;-17782.4059110176;-620576.984020101;586.572801324867;-3229.56711609624;-6396.52456205879;6998010.55907627;0.0487516077322564;-0.00217669368241106;1.10649853360356;-0.0400902014876131;-3.04468347463776
61230;-7290179.97167168;-114646.649801368;-812160.735860874;807.900339206327;-3227.55962787847;-6374.75358996228;6997929.7603679;0.0487679370603136;-0.00286004563289086;1.1064952426917;-0.0400906083184618;-3.01460019550363
61260;-7262630.53217881;-211406.60519157;-1003003.93612228;1028.61181542673;-3222.61447665574;-6347.15663994825;6997827.60877797;0.0487884346498215;-0.00351052109242654;1.10649108540545;-0.0400912604749615;-2.98453867815238
61290;-7228471.16115773;-307974.143437147;-1192932.01763363;1248.53348048659;-3214.73200570874;-6313.74837929181;6997704.34908298;0.0488129473584953;-0.00412083369282586;1.10648607406725;-0.0400922149522417;-2.95450358229199
61320;-7187728.15996942;-404261.169673433;-1381770.9004161;1467.49152246306;-3203.91412574284;-6274.54662415411;6997560.27803798;0.0488412918047226;-0.00468400852787241;1.10648022357251;-0.0400935280536831;-2.92449926140857
61350;-7140433.0452293;-500179.670029722;-1569347.08652963;1685.31207036263;-3190.16432803196;-6229.57236567462;6997395.74446497;0.0488732555997762;-0.00519343558310355;1.10647355136899;-0.040095255257584;-2.89452971038045
61380;-7086622.55050492;-595641.759272163;-1755487.75576914;1901.82119943899;-3173.48769985555;-6178.84980050409;6997211.14934504;0.0489085987728314;-0.00564292008868603;1.10646607743221;-0.0400974510833754;-2.86459851619013
61410;-7026338.62782037;-690559.728943964;-1940020.86234276;2116.84493881325;-3153.89094221189;-6122.40636571719;6997006.94590814;0.0489470553786731;-0.00602672943645895;1.10645782423693;-0.0401001689573553;-2.83470881209607
61440;-6959628.44889342;-784846.096070866;-2122775.23266215;2330.2092817364;-3131.3823897859;-6060.27277803377;6996783.63971399;0.0489883352769868;-0.00633963635455927;1.10644881672424;-0.0401034610779229;-2.8048632355743
61470;-6886544.40602073;-878413.652499145;-2303580.66437315;2541.74019883696;-3105.97203314458;-5992.48307726663;6996541.78871646;0.0490321260712924;-0.0065769580874626;1.10643908226436;-0.0401073782803206;-2.77506389028529
61500;-6807144.11251666;-971175.514932489;-2482268.02675206;2751.26365469968;-3077.67154312741;-5919.0746739026;6996282.00330315;0.0490780951949488;-0.0067345913842258;1.10642865061473;-0.0401119699009102;-2.74531231226639
61530;-6721490.40260034;-1063045.17573304;-2658669.36259008;2958.60562812459;-3046.4942973935;-5840.08840071137;6996004.94630054;0.0491258921311819;-0.00680904315181282;1.10641755387333;-0.0401172836410358;-2.71560944049617
61560;-6629651.33061532;-1153936.55455065;-2832617.99168493;3163.59213641905;-3012.45540908066;-5755.56856826409;6995711.33293486;0.0491751507537749;-0.00679745668226924;1.10640582642684;-0.0401233654305551;-2.68595559192505
61590;-6531700.16945555;-1243764.05084295;-3003948.61605512;3366.04926407887;-2975.57175752557;-5665.56302423004;6995401.93073735;0.0492254917749085;-0.00669763341074128;1.10639350489355;-0.0401302592911498;-2.65635044101819
61620;-6427715.40806066;-1332442.59734728;-3172497.4269879;3565.8031962179;-2935.86202098664;-5570.12321630542;6995077.55938208;0.0492765252866033;-0.00650805020514675;1.10638062806061;-0.0401380071995584;-2.62679300381293
61650;-6317780.74783248;-1419887.71456341;-3338102.21402764;3762.68025710907;-2893.34671130415;-5469.30425861301;6994739.09044355;0.0493278533823044;-0.00622787222646264;1.10636723681543;-0.0401466489509121;-2.59728162645466
61680;-6201985.09781418;-1506015.56630436;-3500602.47600597;3956.5069542027;-2848.04821042403;-5363.16500139533;6994387.44706043;0.0493790728453095;-0.00585696143089313;1.10635337407096;-0.0401562220223892;-2.5678139781427
61710;-6080422.56846204;-1590743.01636976;-3659839.53420983;4147.11002799084;-2799.99080870352;-5251.7681038066;6994023.60349111;0.0494297778909759;-0.00539588081059646;1.10633908468454;-0.0401667614374466;-2.53838704839227
61740;-5953192.46382899;-1673987.68639409;-3815656.64777699;4334.31650808915;-2749.2007449075;-5135.18010959042;6993648.58454575;0.0494795629498932;-0.00484589448851943;1.10632441536995;-0.0401782996309274;-2.50899714849971
61770;-5820399.27196774;-1755668.0149188;-3967899.13140244;4517.95377590928;-2695.70624779522;-5013.47152541098;6993263.46487915;0.0495280254794842;-0.00420896379480653;1.1063094146026;-0.0401908663153888;-2.4796399170858
61800;-5682152.65335026;-1835703.31773463;-4116414.47543125;4697.84963429677;-2639.53757918645;-4886.71690158447;6992869.36812781;0.0495747687917278;-0.00348773945753376;1.10629413251731;-0.040204488349041;-2.45031032958704
61830;-5538567.42708885;-1914013.84953653;-4261052.46840606;4873.83238450958;-2580.72707838565;-4754.99491493585;6992467.46587402;0.0496194048849102;-0.00268555003933576;1.10627862079858;-0.0402191896057369;-2.42100271156546
61860;-5389763.55473313;-1990520.86693005;-4401665.32212844;5045.7309109124;-2519.30920783102;-4618.38845348296;6992058.97641953;0.0496615572674243;-0.00180638674480389;1.1062629325631;-0.0402349908475014;-2.39171075571409
61890;-5235866.12140579;-2065146.6928238;-4538107.79928416;5213.37477376056;-2455.32059982308;-4476.98470262527;6991645.16335058;0.0497008637616872;-0.000854884711092825;1.10624712223407;-0.0402519096001398;-2.36242754244766
61920;-5077005.31402877;-2137814.78223795;-4670237.34367234;5376.59431044488;-2388.80010417473;-4330.87523248908;6991227.33387612;0.0497369792761541;0.000163699122197778;1.10623124540737;-0.0402699600325204;-2.33314556398412
61950;-4913316.39638067;-2208449.78955396;-4797914.21306778;5535.22074556477;-2319.78883661068;-4180.15608605349;6990806.83692071;0.0497695785332233;0.00124351148822026;1.10621535870916;-0.0402891528401746;-2.30385675184271
61980;-4744939.6807149;-2276977.63722519;-4921001.61473358;5689.08631019163;-2248.33022773028;-4024.9278676532;6990385.06095359;0.049798358740469;0.00237813156048987;1.10619951964485;-0.0403094951339154;-2.2745525077073
62010;-4572020.49565777;-2343325.58596241;-5039365.84358925;5838.02437067708;-2174.47007233212;-3865.29583142428;6989963.43153557;0.0498230421921667;0.00356060298486128;1.10618378643933;-0.040330990334225;-2.24522373762779
62040;-4394709.15009468;-2407422.3064017;-5152876.42302552;5981.86956735134;-2098.25657888322;-3701.3699692275;6989543.40856585;0.0498433787874215;0.00478346917333683;1.10616821786828;-0.040353638072217;-2.21586088955774
62070;-4213160.89274295;-2469197.95225574;-5261406.24834279;6120.45796344545;-2019.7404188987;-3533.2650975517;6989126.48321122;0.0498591484504291;0.00603881188191541;1.10615287308058;-0.0403774340980261;-2.1864539942509
62100;-4027535.86709952;-2528584.23494203;-5364831.73277487;6253.62720455689;-1938.97477598084;-3361.1009428655;6988714.17450108;0.0498701634374528;0.00731829311796203;1.10613781141191;-0.0404023701975311;-2.15699270956197
62130;-3837999.06144277;-2585514.49967379;-5463032.95604289;6381.21668896121;-1856.01539424773;-3185.00222485073;6988308.02557267;0.0498762705140253;0.00861320044281411;1.1061230921894;-0.0404284341183594;-2.12746636821716
62160;-3644720.25355873;-2639923.80299105;-5555893.81536693;6503.06774905234;-1770.92062586357;-3005.09873691484;6987909.59955219;0.0498773529846901;0.00991449575146748;1.10610877452775;-0.040455609506166;-2.09786402913556
62190;-3447873.94985388;-2691748.99170026;-5643302.17884437;6619.02384417072;-1683.75147736275;-2821.52542334238;6987520.47505933;0.0498733325562952;0.0112128676214801;1.10609491711685;-0.0404838758522155;-2.06817453239231
62220;-3247639.31850933;-2740928.78318154;-5725150.04108377;6728.93076505158;-1594.57165444031;-2634.42245240762;6987142.24132429;0.0498641710144911;0.0124987873267365;1.10608157800119;-0.040513208453331;-2.03838655791769
62250;-3044200.11632471;-2787403.8470123;-5801333.68096284;6832.63685009443;-1503.44760486042;-2443.93528473184;6986776.49290915;0.0498498716916829;0.0137625686065663;1.10606881435164;-0.0405435783852985;-2.00848868802056
62280;-2837744.60889458;-2831116.88784525;-5871753.82135621;6929.99321361947;-1410.44855911406;-2250.21473612963;6986424.82402763;0.049830480703301;0.0149944312656685;1.10605668222987;-0.0405749524908327;-1.97846947380897
62310;-2628465.48375559;-2872012.72946757;-5936315.79065617;7020.85398623692;-1315.64656843575;-2053.41703414928;6986088.82246077;0.0498060879279322;0.0161845686536693;1.1060452363461;-0.0406072933832249;-1.94831750555375
62340;-2416559.75613995;-2910038.39995586;-5994929.68588462;7105.07656740977;-1219.1165397677;-1853.70386747315;6985770.06306918;0.0497768277056593;0.0173232190337077;1.10603452981085;-0.0406405594667893;-1.91802148700079
62370;-2202228.66696859;-2945143.21782881;-6047510.53716902;7182.52189024077;-1120.9362672387;-1651.24242730526;6985470.10090635;0.0497428792279635;0.0184007407957036;1.10602461388152;-0.0406747049752188;-1.88757031358344
62400;-1985677.57271753;-2977278.87908633;-6093978.47332849;7253.05469845821;-1021.18645970365;-1446.20543983512;6985190.46394217;0.0497044665918316;0.0194076914005674;1.10601553770464;-0.0407096800289358;-1.85695315441642
62430;-1767115.82679285;-3006399.54500985;-6134258.88828817;7316.54383551342;-919.950763869089;-1238.77118883053;6984932.64540985;0.0496618584903713;0.0203349098562646;1.10600734805492;-0.0407454307124928;-1.82615953786673
62460;-1546756.65205276;-3032461.93058402;-6168282.60801102;7372.86254563513;-817.315782509688;-1029.12352737692;6984698.09579499;0.0496153675123683;0.0211736024236599;1.10600008907219;-0.0407818991730257;-1.79517944039329
62490;-1324817.00412156;-3055425.39338491;-6195986.05760642;7421.88878661115;-713.371087261612;-817.451877748349;6984488.21449088;0.0495653490239269;0.0219154311307017;1.10599380199756;-0.0408190237407009;-1.76400337822704
62520;-1101517.42514792;-3075252.02276392;-6217311.42824374;7463.50555398726;-608.209225460389;-603.951218365497;6984304.34114978;0.0495121996067329;0.0225526045369887;1.10598852491018;-0.0408567390720169;-1.7326225013261
62550;-877081.887670891;-3091906.72914078;-6232206.84346773;7497.60121628505;-501.925720474416;-388.822056770124;6984147.74676626;0.0494563550296701;0.0230779700394841;1.10598429246611;-0.0408949763167247;-1.70102868888848
62580;-651737.628270062;-3105357.33320189;-6240626.52447967;7524.06986074614;-394.619064970455;-172.270387523472;6984019.62453519;0.0493982877336206;0.0234851068454521;1.1059811356411;-0.0409336633090169;-1.6692146455394
62610;-425714.97069281;-3115574.65478339;-6242530.9539155;7542.81164900846;-286.390706534953;45.4923660803649;6983921.08053348;0.0493385038133865;0.023768418564606;1.10597908147879;-0.040972724783503;-1.63717399713574
62640;-199247.13817094;-3122532.60120099;-6237887.03761862;7553.7331820118;-177.345025065218;264.249427605877;6983853.12428172;0.049277539485869;0.0239232241927924;1.10597815284649;-0.0410120826163359;-1.60490138494923
62670;27429.9453382328;-3126208.25477059;-6226668.26387131;7556.74787331508;-67.5893013377417;483.778761495992;6983816.65924896;0.0492159570399935;0.0239458460806796;1.10597836820035;-0.0410516560916875;-1.57239255681106
62700;254077.865224889;-3126581.95924617;-6208854.85951508;7551.77632988576;42.7663238421859;703.853186640062;6983812.47337056;0.0491543402714111;0.0238336933092197;1.10597974136209;-0.0410913621935797;-1.53964445362748
62730;480455.937822318;-3123637.40488352;-6184433.94235695;7538.74673929466;153.60890050444;924.240510597063;6983841.22965641;0.049093289413731;0.0235853387378742;1.10598228130935;-0.0411311159228703;-1.50665528952008
62760;706321.443699616;-3117361.71182036;-6153399.66922561;7517.59526211608;264.822730980942;1144.70368555871;6983903.45697333;0.0490334155878956;0.0232005878608103;1.10598599198205;-0.0411708306389719;-1.47342462371261
62790;931429.872787927;-3107745.51144625;-6115753.37900936;7488.26642819524;376.28944255409;1365.00098710412;6983999.54109186;0.0489753348021804;0.0226805375103712;1.10599087210688;-0.0412104184256349;-1.43995342218973
62820;1155535.18143439;-3094783.02541823;-6071503.72997687;7450.71353530319;487.888071849001;1584.88621675266;6984129.71609395;0.0489196615470323;0.0220276223967769;1.10599691504228;-0.0412497904798753;-1.40624410710219
62850;1378390.06143143;-3078472.14196173;-6020666.83065252;7404.89904855436;599.495161509283;1804.10892926427;6984294.05624307;0.0488670020412927;0.0212456474785022;1.10600410864624;-0.0412888575228521;-1.37230059189774
62880;1599746.22101802;-3058814.48908063;-5963266.36349034;7350.79499881526;710.984869666732;2022.41468556505;6984492.46842318;0.0488179471989974;0.0203398042279555;1.10601243516919;-0.0413275302312232;-1.33812830022684
62910;1819354.67779436;-3035815.50428519;-5899333.70056586;7288.38337818583;822.229092678854;2239.54533209009;6984724.68525667;0.0487730653985232;0.0193166690007287;1.10602187117423;-0.0413657196872143;-1.30373416681539
62940;2036966.06343131;-3009484.50043357;-5828908.01048259;7217.65653048918;933.097601563924;2455.23930723465;6984990.259014;0.0487328951479341;0.0181841819379627;1.10603238748686;-0.0414033378453426;-1.2691266187175
62970;2252330.93999242;-2979834.72726991;-5752036.35567103;7138.61753456262;1043.458192511;2669.23197548713;6985288.55642923;0.0486979377514832;0.0169516051338659;1.1060439491763;-0.0414402980134385;-1.23431553566361
63000;2465200.1276174;-2946883.42823202;-5668773.7792428;7051.28057800524;1153.17685178159;2881.25598968408;6985618.75453558;0.0486686500918707;0.0156294591812082;1.10605651557033;-0.0414765153453115;-1.19931218859995
63030;2675325.04324415;-2910651.89209294;-5579183.38055146;6955.67131890669;1262.11793525029;3091.04168167639;6985979.83763379;0.0486454376504965;0.0142294376617812;1.10607004030537;-0.0415119073421178;-1.16412915596891
63060;2882458.0499701;-2871165.49899447;-5483336.37860537;6851.82723296092;1370.14436275341;3298.3174815287;6986370.59550246;0.0486286478931292;0.0127642996645553;1.10608447141347;-0.0415463943592049;-1.12878021779634
63090;3086352.81657395;-2828453.760427;-5381312.16247721;6739.79794325941;1477.11782732739;3502.81036518909;6986789.62295486;0.0486185641506815;0.0112477409770841;1.10609975144739;-0.0415799001149442;-1.09328022821395
63120;3286764.68663658;-2782550.35270887;-5273198.32785933;6619.64552996455;1582.89901932287;3704.24633036552;6987235.32083933;0.0486154001237875;0.00969424518525803;1.10611581764499;-0.0416123521978178;-1.05764496763533
63150;3483451.05661446;-2733493.14352051;-5159090.69892542;6491.44481698634;1687.34786527564;3902.35090012827;6987705.89857148;0.048619295135378;0.00811891651024393;1.10613260213356;-0.0416436825678035;-1.02189097639796
63180;3676171.76213181;-2681324.21105392;-5039093.33467684;6355.28363272897;1790.32378130283;4096.84965352629;6988199.37827529;0.0486303102473328;0.00653729678364635;1.10615003217458;-0.041673828047914;-0.986035372256168
63210;3864689.47166911;-2626089.85534653;-4913318.51897692;6211.26304193993;1891.68594067216;4287.46878226002;6988713.6005968;0.0486484253455914;0.00496516948657731;1.10616803044898;-0.0417027308015873;-0.950095654635505
63240;4048770.0867364;-2567840.60138128;-4781886.73350903;6059.49754568522;1991.29355506493;4473.93567219666;6989246.23223896;0.0486735372830229;0.00341835423077642;1.10618651538256;-0.0417303387915149;-0.914089499011999
63270;4228183.14753078;-2506631.19355086;-4644926.61293476;5900.11524649445;2089.00616891988;4655.97950824738;6989794.77524876;0.0487054591512533;0.00191249541658758;1.10620540151081;-0.0417566062154196;-0.878034545137514
63300;4402702.24298933;-2442520.58110468;-4502574.88157689;5733.25797576913;2184.68396610692;4833.33190085244;6990356.57806879;0.0487439207320137;0.000462849046450388;1.10622459988213;-0.0417814939142745;-0.841948183077214
63330;4572105.4240628;-2375571.89422159;-4354976.27100882;5559.08138063039;2278.1880880383;5005.72753204261;6990928.84834422;0.0487885701560288;-0.000915928209793893;1.10624401849766;-0.0418049697484869;-0.805847341144059
63360;4736175.61895237;-2305852.41038054;-4202283.41799692;5377.75496749933;2369.38096218095;5172.90481876654;6991508.66745405;0.0488389767737269;-0.00220998361566229;1.10626356278578;-0.0418270089376548;-0.769748279802414
63390;4894701.0489726;-2233433.51073437;-4044656.7423162;5189.46209985625;2458.12663979019;5334.60659089759;6992093.00671199;0.0488946352178591;-0.00340646269761198;1.10628313610889;-0.0418475943596516;-0.73366639546946
63420;5047475.64363005;-2158390.62622967;-3882264.30404081;4994.39994781467;2544.29114154258;5490.58078106376;6992678.74515765;0.048954970614275;-0.00449368963382619;1.10630264029932;-0.0418667168049977;-0.697616037877131
63450;5194299.4534393;-2080803.17325719;-3715281.64000109;4792.77938737323;2627.74280960734;5640.58112318539;6993262.68883416;0.0490193448742931;-0.00546133040823018;1.10632197622123;-0.0418843751827432;-0.661610344283402
63480;5334979.05893797;-2000754.47866338;-3543891.57919543;4584.8248474725;2708.35266456291;5784.36785636059;6993841.59142305;0.0490870639810668;-0.00630053590007095;1.10634104435465;-0.0419005766744106;-0.62566109335931
63510;5469327.9743104;-1918331.69400299;-3368284.03705;4370.77410328428;2785.99476544041;5921.70843051287;6994412.17608305;0.0491573861635882;-0.00700406260896832;1.10635974539744;-0.0419153368329329;-0.589778581050558
63540;5597167.0439876;-1833625.6989663;-3188655.78852972;4150.87801449628;2860.54657106141;6052.37821001399;6994971.15831524;0.0492295308359759;-0.0075663692845571;1.10637798088078;-0.0419286796239603;-0.553971520145349
63570;5718324.83055934;-1746730.99397085;-3005210.22022016;3925.40020772265;2931.88930073514;6176.16117132056;6995515.2696553;0.0493026881667551;-0.00798368831336621;1.10639565379323;-0.041940637407403;-0.518246964698811
63600;5832637.99231401;-1657745.58196706;-2818157.06162141;3694.61670256864;2999.90829229306;6292.85059052133;6996041.28197267;0.0493760291331409;-0.00825407128904095;1.10641266920846;-0.0419512508576182;-0.482610259893074
63630;5939951.64871411;-1566770.83956879;-2627712.09601929;3458.81548130144;3064.493355368;6402.24971658582;6996546.03213861;0.0494487159088939;-0.00837740873373447;1.10642893491113;-0.0419605688212321;-0.447065017372652
63660;6040119.73212026;-1473911.37768367;-2434096.85142698;3218.29600252425;3125.53911777347;6504.17242603853;6997026.44681017;0.049519912431088;-0.0083554244311997;1.10644436201558;-0.0419686481122052;-0.411613115604348
63690;6133005.32409579;-1379274.89188274;-2237538.27221888;2973.36865971343;3182.94536280701;6598.44385475899;6997479.56706492;0.04958879499089;-0.00819164526224994;1.10645886557183;-0.0419755532443959;-0.37625472438307
63720;6218480.97465632;-1282972.00281435;-2038268.37220701;2724.35418595175;3236.61735529245;6684.90100262897;6997902.57261342;0.0496545626959728;-0.00789134779283117;1.10647236515309;-0.0419813561025399;-0.34098835224763
63750;6296429.00287638;-1185116.08703304;-1836523.87003814;2471.58300666963;3286.46615418926;6763.39330681629;6998292.8053123;0.0497164476571463;-0.00746148315030678;1.10648478541955;-0.0419861355532352;-0.305810915287508
63780;6366741.77732645;-1085823.09867823;-1632545.80791418;2215.39454268383;3332.40890963548;6833.78317960097;6998647.79170123;0.0497737247588454;-0.00691058193533488;1.10649605665274;-0.0419899769981999;-0.270717825611908
63810;6429321.97488947;-985211.382501209;-1426579.15475905;1956.13646629263;3374.36914235237;6895.94650681407;6998965.26429149;0.0498257208819285;-0.006248641059731;1.10650611525544;-0.041992971872725;-0.235703097611549
63840;6484082.81659572;-883401.478799457;-1218872.39506986;1694.16391364115;3412.27700342604;6949.77310317232;6999243.1813436;0.0498718234574715;-0.00548699448229736;1.10651490421198;-0.0419952170928924;-0.200759470063973
63870;6530948.27921776;-780515.920875459;-1009677.10479836;1429.83865700371;3446.06951259214;6995.16712105111;6999479.7448852;0.0499114882415761;-0.00463816984446033;1.1065223735045;-0.0419968144557337;-0.165878542105171
63900;6569853.28148274;-676679.025691359;-799247.515707302;1163.52824103445;3475.69077328377;7032.04740954213;6999673.41673858;0.0499442462133817;-0.00371573299682125;1.10652848048065;-0.0419978699970757;-0.131050921102722
63930;6600743.84388664;-572016.678440736;-587840.06973649;895.605087407046;3501.09216285921;7060.34782098741;6999822.93234995;0.04996970951123;-0.00273412236778787;1.10653319016921;-0.0419984933123375;-0.0962663805071134
63960;6623577.22123247;-466656.111803677;-375712.964991399;626.445572592909;3522.23249660271;7080.0174625641;6999927.31223888;0.0499875763351189;-0.00170847506784208;1.1065364755401;-0.0419987968460006;-0.0615140258168225
63990;6638322.00716151;-360725.680690624;-163125.69503422;356.429083809249;3539.07816428665;7091.02089091019;6999985.87091595;0.0499976347570049;-0.000654446558209026;1.10653831770619;-0.0419988951558659;-0.0267824668586849
64020;6644958.21010108;-254354.633313736;49661.416789354;85.9370583992884;3551.60323829422;7093.33824822456;6999998.22314951;0.0499997653941213;0.000411974349772267;1.10653870606475;-0.0419989041585297;0.0079400053515963
64050;6643477.30021298;-147672.879451146;262387.686214086;-184.647987917544;3559.78955252583;7086.96533873978;6999964.28749734;0.0499939429141548;0.00147465345065865;1.10653763837699;-0.0419989403627474;0.0426652388508702
64080;6633882.22709183;-40810.7567893635;474792.538310557;-454.943438370073;3563.62675154669;7071.91364494642;6999884.28705547;0.0499802363548412;0.00251750037877711;1.10653512078492;-0.0419991200975061;0.0774050397171301
64110;6616187.40813024;66101.2037582975;686615.977321255;-724.567552421893;3563.11230967387;7048.21028343673;6999758.74741417;0.0499588082542872;0.00352465745894192;1.1065311677653;-0.0419995587416988;0.112170991433837
64140;6590418.68763603;172932.512853974;897599.054270151;-993.140437411231;3558.25151994565;7015.89790072635;6999588.49184848;0.0499299126020569;0.0044806865079368;1.10652580202115;-0.042000369962268;0.146974276263645
64170;6556613.26695449;279552.956756862;1107484.33055654;-1260.28500900041;3549.05745316064;6975.03450989875;6999374.63380825;0.0498938916348007;0.00537075189455586;1.10651905431205;-0.0420016649675819;0.18182550029163
64200;6514819.60601286;385832.829672104;1316016.33577649;-1525.62793501598;3535.55088741519;6925.69326939116;6999118.56680823;0.0498511715139114;0.00618079812152136;1.10651096322498;-0.0420035517826116;0.216734523843141
64230;6465097.29686454;491643.16355128;1522942.01806158;-1788.80055744324;3517.7602088022;6867.96220569632;6998821.95185277;0.0498022569363359;0.0068977201346057;1.10650157488802;-0.0420061345522043;0.251710299040153
64260;6407516.90996392;596855.954492105;1728011.1852845;-2049.43978757562;3495.72128415894;6801.94388218576;6998486.70256132;0.0497477247432179;0.00750952449963474;1.10649094263016;-0.0420095128783922;0.286760716325672
64290;6342159.81404879;701344.38491479;1930976.93555332;-2307.1889696071;3469.47730696328;6727.75501666153;6998114.96818896;0.0496882166043711;0.00800547952526527;1.10647912659045;-0.0420137811972575;0.321892461849715
64320;6269117.97064342;804983.040728472;2131596.07549994;-2561.69870828864;3439.07861767377;6645.52605060902;6997709.11476078;0.0496244308695977;0.00837625235854119;1.1064661932807;-0.0420190282003824;0.357110887662717
64350;6188493.70432166;907648.122742728;2329629.52496246;-2812.62765664219;3404.58249998731;6555.40067345046;6997271.70455978;0.0495571136903828;0.00861403105237963;1.10645221510618;-0.0420253363053734;0.392419896691645
64380;6100399.44998318;1009217.65162579;2524842.70676478;-3059.64326013309;3366.05295464631;6457.53530538198;6996805.47422396;0.0494870495273167;0.008712629610694;1.10643726984899;-0.0420327811793587;0.427821844469309
64410;6004957.47849789;1109571.66576221;2717005.9204074;-3302.42245413494;3323.56045256402;6352.09854261552;6996313.31172043;0.0494150511694597;0.00866757406944741;1.10642144011934;-0.0420414313187327;0.46331745953669
64440;5902299.60216143;1208592.41141738;2905894.69860162;-3540.65231197614;3277.18166915059;6239.27056903737;6995798.23247121;0.0493419494014784;0.00847616778071061;1.10640481278002;-0.0420513476877681;0.498905784331322
64470;5792566.8614792;1306164.52467453;3091290.14570151;-3774.03064132502;3226.99920181307;6119.24253843731;6995263.35490831;0.0492685824624367;0.00813753424106491;1.10638747834952;-0.042062583418049;0.534584138202652
64500;5675909.19485645;1402175.20466969;3272979.25721426;-4002.26652714581;3173.10127266906;5992.21593155664;6994711.87573401;0.0491957854462546;0.00765263605114578;1.10636953038944;-0.0420751835700044;0.57034810395203
64530;5552485.09281785;1496514.37771229;3450755.21969807;-4225.08081993273;3115.58141855674;5858.40189224921;6994147.04515599;0.0491243797977175;0.00702426891301445;1.10635106488166;-0.0420891849571487;0.60619153897734
64560;5422461.23841176;1589074.85194179;3624417.69048512;-4442.20656839852;3054.53817044388;5718.02054704974;6993572.14235741;0.0490551630592139;0.00625702996521024;1.10633217960088;-0.0421046160329828;0.642106611711445
64590;5286012.1354722;1679752.4622338;3793773.05679601;-4653.38939625095;2990.07472433545;5571.30031239978;6992990.45144846;0.0489888990217723;0.00535726021584073;1.10631297348795;-0.0421214968398736;0.678083863585349
64620;5143319.72641574;1768446.20513197;3958634.67393801;-4858.38782313014;2922.29860575568;5418.47719369641;6992405.23812935;0.0489263084292729;0.00433296135141026;1.10629354602904;-0.0421398390186268;0.714112296231981
64650;4994573.00124232;1855058.36364334;4118823.08240287;-5056.97353019687;2851.32132983674;5259.79408020562;6991819.72727563;0.0488680603767718;0.00319368775827036;1.1062739966458;-0.0421596458769059;0.750179483089528
64680;4839967.59938805;1939494.62179524;4274166.20379871;-5248.93157125299;2777.25805898417;5095.50003972519;6991237.08163529;0.0488147645326481;0.00195041517448738;1.10625442410118;-0.0421809125141278;0.78627170398456
64710;4679705.40604636;2021664.16890955;4424499.51566457;-5434.06053063589;2700.22726001136;4925.84961669432;6990660.38180399;0.048766964299914;0.000615387970329061;1.10623492592506;-0.0422036259999981;0.822374100696901
64740;4513994.14453139;2101479.79360564;4569666.20532377;-5612.17262945723;2620.35036254272;4751.10213723406;6990092.60762093;0.0487251310146941;-0.00079805239042734;1.106215597864;-0.0422277656034356;0.858470850956233
64770;4343046.96620619;2178857.96759577;4709517.30303335;-5783.09378205004;2537.75142038106;4571.52102436782;6989536.62110252;0.0486896592600033;-0.00227565465349768;1.10619653335834;-0.0422533030682744;0.894545357819719
64800;4167082.03943806;2253718.91938587;4843911.79478066;-5946.6636047453;2452.55677741992;4387.37312641951;6988995.15100665;0.0486608633510091;-0.0038024573605082;1.1061778230501;-0.0422802029318381;0.930580450955707
64830;3986322.13897669;2325986.69804031;4972716.71516403;-6102.73537932075;2364.89473955938;4198.92806132178;6988470.77909513;0.0486389750245905;-0.00536299691012271;1.10615955432426;-0.042308422882242;0.966558596032482
64860;3800994.23707729;2395589.22721094;5095807.22087242;-6251.17597364796;2274.89525395559;4006.45757929435;6987965.92813802;0.0486241423418967;-0.0069415200728084;1.10614181088562;-0.042337914150101;1.00246210820025
64890;3611329.09761319;2462458.34966876;5213066.64534862;-6391.86572221221;2182.68959680237;3810.23494607387;6987482.85168068;0.0486164297885279;-0.00852219685335952;1.10612467237332;-0.0423686219302052;1.03827336557114
64920;3417560.87433986;2526529.86261053;5324386.53528176;-6524.69826929186;2088.41007070922;3610.53434859865;6987023.62557231;0.0486158195336771;-0.01008932964235;1.10610821401412;-0.0424004858286635;1.07397501865035
64950;3219926.71438806;2587743.54404244;5429666.66962783;-6649.58037766311;1992.18971260615;3407.63032477522;6986590.141235;0.0486222137878243;-0.0116275547751581;1.1060925063156;-0.0424334403310099;1.10955019185021
64980;3018666.3679765;2646043.17056896;5528815.06190173;-6766.43170574268;1894.16201297297;3201.79721868303;6986184.10063377;0.0486354381790378;-0.0131220329150534;1.10607761479965;-0.042467415286811;1.14498267351777
65010;2814021.80524704;2701376.52693696;5621747.94652102;-6875.18455609855;1794.46064706121;2993.30866231174;6985807.01289178;0.0486552460511777;-0.0145586250808962;1.10606359977661;-0.0425023364064066;1.18025709131131
65040;2606236.84103753;2753695.40770329;5708389.75001067;-6975.78359824838;1693.21921865087;2782.43708467336;6985460.19248044;0.0486813235737418;-0.0159240516287195;1.10605051615949;-0.0425381257655498;1.21535907025082
65070;2395556.76832029;2802955.61140855;5788673.04789951;-7068.18556863039;1590.57101676429;2569.45324889297;6985144.75890201;0.0487132955430463;-0.0172060320465702;1.10603841331808;-0.0425747023138828;1.25027537131797
65100;2182228.00094835;2849116.92765053;5862538.50815424;-7152.35895057448;1486.64878564467;2354.62581765638;6984861.63777195;0.0487507317479865;-0.0183934040077146;1.10602733497167;-0.0426119823833937;1.28499400906728
65130;1966497.72626814;2892143.11745871;5929934.82200441;-7228.28363702466;1381.58450819952;2138.22094718361;6984611.56320034;0.0487931537707746;-0.0194762207219888;1.10601731911944;-0.0426498801932273;1.31950434730517
65160;1748613.56807587;2932001.88737534;5990818.62301455;-7295.95057867038;1275.50920300928;1920.50190970357;6984395.08136532;0.0488400420936053;-0.0204458262052746;1.10600839800705;-0.0426883083474845;1.35379717247409
65190;1528823.26031677;2968664.85765049;6045154.39525569;-7355.36142003718;1168.55273490863;1701.7287442286;6984212.55516753;0.0488908433858699;-0.0212949086303576;1.10600059812761;-0.0427271783229108;1.3878647449219
65220;1307374.33185172;3002107.52495723;6092914.37142029;-7406.52812596781;1060.84363906377;1482.15793526779;6984064.16985192;0.0489449778529179;-0.0220175324112289;1.10599394025534;-0.0427664009436662;1.42170082872573
65250;1084513.80254463;3032309.22002981;6134078.4217115;-7449.47260079683;952.508958392574;1262.04211897515;6983949.93948243;0.0490018465360008;-0.0226091500944684;1.10598843950993;-0.0428058868406581;1.45530070116089
65280;860487.890856878;3059253.06062184;6168633.93432071;-7484.22630238662;843.674094105977;1041.62981610267;6983869.71415605;0.0490608384634156;-0.0230665954760636;1.1059841054493;-0.0428455468932203;1.4886611432497
65310;635541.733072232;3082925.9001741;6196575.68828659;-7510.82985305309;734.462669088735;821.165191018817;6983823.18784432;0.0491213375644885;-0.0233880596271058;1.10598094218876;-0.0428852926512132;1.52178041309
65340;409919.114216929;3103318.27257223;6217905.71950538;-7529.33264926633;624.996403784767;600.887835958628;6983809.90675391;0.0491827292704125;-0.0235730516965971;1.10597894854417;-0.0429250367359202;1.55465820384752
65370;183862.210685121;3120424.33336385;6232633.18063584;-7539.79247186821;515.395004207063;381.032579592965;6983829.27810189;0.0492444067386114;-0.0236223464681761;1.10597811819683;-0.0429646932183961;1.58729558840413
65400;-42388.6554700913;3134241.79779265;6240774.19561387;-7542.27509840503;405.776061653801;161.829318939344;6983880.5792064;0.0493057766498524;-0.0235379206870193;1.10597843987779;-0.0430041779742022;1.61969495269325
65430;-268595.250665731;3144771.87599401;6242351.70946183;-7536.85391903247;296.254963680711;-56.4971264146688;6983962.96679904;0.0493662645394163;-0.0233228801512084;1.10597989756932;-0.0430434090137277;1.65185991973074
65460;-494521.652465394;3152019.20568265;6237395.33404593;-7523.60955731079;186.944815854334;-273.727138843859;6984075.48647167;0.0494253196349984;-0.0229813794891969;1.10598247072123;-0.0430823067875448;1.68379526627668
65490;-719934.460967865;3155991.7826485;6225941.19040257;-7502.6294970742;77.9563737911823;-489.646407069984;6984217.08217677;0.0494824191844297;-0.0225185364316859;1.10598613447983;-0.0431207944664799;1.71550683394917
65520;-944602.99910627;3156700.88936159;6208031.74822149;-7474.00771642808;-30.6020150264851;-704.046011512746;6984386.60570752;0.0495370722656553;-0.021940342242437;1.10599085992752;-0.0431587981962999;1.74700143646701
65550;-1168299.50208581;3154161.02197169;6183715.66303991;-7437.84432980336;-138.62446017706;-916.722491729758;6984582.82609056;0.0495888230795857;-0.0212535698084065;1.10599661433084;-0.0431962473271113;1.77828676453307
65580;-1390799.2962143;3148389.81597237;6153047.61166799;-7394.24523887868;-246.007568492047;-1127.47789706832;6984804.43883167;0.0496372537334272;-0.0204656807134828;1.10600336139507;-0.0432330746177499;1.80937128969348
65610;-1611880.96740217;3139407.97078387;6116088.1263327;-7343.32179306871;-352.650476039707;-1336.11982164469;6985050.07496145;0.0496819865279118;-0.0195847324400311;1.10601106152358;-0.0432692164155988;1.84026416832701
65640;-1831326.51962827;3127239.17349285;6072903.42799353;-7285.19046017111;-458.454872422725;-1542.46142475302;6985318.30983481;0.0497226857665291;-0.0186192866648022;1.10601967208024;-0.0433046128124193;1.87097514674035
65670;-2048921.52368362;3111910.02197228;6023565.25925095;-7219.97250766545;-563.325017907493;-1746.32143778695;6985607.67164489;0.0497590591084914;-0.017578319445355;1.10602914765318;-0.0433392077768966;1.90151446817427
65700;-2264455.2565191;3093449.94758832;5968150.71723629;-7147.79369506505;-667.16775389464;-1947.52415873303;6985916.64961824;0.0497908584898323;-0.0164711339345695;1.10603944031849;-0.0433729492647148;1.93189278236589
65730;-2477720.83153353;3071891.13768694;5906742.08684022;-7068.78397763676;-769.892507230276;-2145.89943526745;6986243.70186411;0.0498178806388444;-0.0153072761156647;1.10605049990255;-0.0434057893070605;1.962121058167
65760;-2688515.32014686;3047268.45803734;5839426.67460687;-6983.07722172471;-871.411288845357;-2341.28263745629;6986587.26285642;0.0498399672131311;-0.0140964539220916;1.10606227424168;-0.0434376840785277;1.99221049958892
65790;-2896639.86500932;3019619.37539537;5766296.64359059;-6890.81093184109;-971.638687196864;-2533.51462102582;6986945.75053217;0.0498570045859686;-0.0128484599942732;1.10607470943806;-0.0434685939454531;2.02217246553204
65820;-3101899.78520102;2988983.88033595;5687448.84944454;-6792.12598962068;-1070.49185696959;-2722.44168213373;6987317.57299508;0.0498689233095799;-0.0115730982306666;1.10608775011092;-0.0434984834957534;2.05201839336252
65850;-3304104.67377873;2955404.41048997;5602984.67798231;-6687.16640467513;-1167.89050348139;-2907.91550453477;6987701.13481754;0.0498756972823952;-0.0102801142128425;1.10610133964214;-0.0435273215513634;2.08175972642044
65880;-3503068.48802654;2918925.77430808;5513009.88442793;-6576.07907732822;-1263.75686321787;-3089.79309999579;6988094.8429382;0.0498773426465166;-0.00897912952192339;1.10611542041552;-0.0435550811643912;2.11140784548073
65910;-3698609.63276607;2879595.07546144;5417634.43454447;-6459.01357316405;-1358.01568090558;-3267.93674277647;6988497.11215602;0.0498739164405184;-0.0076795799171989;1.10612993404904;-0.0435817395981097;2.14097400414111
65940;-3890551.03707891;2837461.63797723;5316972.34780744;-6336.12190927549;-1450.59418351458;-3442.21389895245;6988906.37022498;0.0498655150314412;-0.00639065731411002;1.10614482161967;-0.0436072782939007;2.17046926807702
65970;-4078720.2247902;2792576.9321955;5211141.54276663;-6207.5583520613;-1541.42205156416;-3612.49715131854;6989321.0625564;0.0498522723484836;-0.00512125547777639;1.10616002388016;-0.0436316828252502;2.19990445808202
66000;-4262949.37905706;2744994.50162275;5100263.68471829;-6073.47922638473;-1630.43138808694;-3778.66412057066;6989739.65653851;0.049834357939499;-0.0038799193381769;1.10617548146756;-0.0436549428398735;2.22929009680179
66030;-4443075.40139946;2694769.89074758;4984464.0357895;-5934.04273587628;-1717.55668558934;-3940.59738342681;6990160.64548469;0.0498119748700093;-0.00267479783182379;1.10619113510319;-0.0436770519910196;2.25863635906768
66060;-4618939.9655044;2641960.57387348;4863871.30751687;-5789.40879413591;-1802.73479132869;-4098.18438830983;6990582.55222409;0.049785357483117;-0.00151360018189531;1.10620692578382;-0.043698007858966;2.28795302574291
66090;-4790389.56612622;2586625.88501475;4738617.51598399;-5639.73886656699;-1885.90487120997;-4251.31736917793;6991003.93234928;0.0497547690374348;-0.00040355554172842;1.10622279496407;-0.0437178118636786;2.31724944100684
66120;-4957275.56339793;2528826.94889265;4608837.83956493;-5485.19582255404;-1967.00837258842;-4399.8932580533;6991423.37713731;0.0497204992390177;0.000648624054926463;1.10623868472978;-0.0437364691695666;2.34653447302081
66150;-5119454.2228592;2468626.61306051;4474670.47930474;-5325.94379767946;-2045.98898624777;-4543.81359676475;6991839.51616097;0.049682861682261;0.00163677747206986;1.1062545379626;-0.0437539885832107;2.37581647794021
66180;-5276786.75149739;2406089.38117858;4336256.52195352;-5162.14806565999;-2122.79260780807;-4682.98444838691;6992251.0196082;0.0496421912138559;0.00255532498875167;1.1062702984957;-0.0437703824449007;2.40510326726158
66210;-5429139.3300885;2341281.3474523;4193739.80565619;-4993.9749196718;-2197.36729880147;-4817.3163088266;6992656.60032773;0.0495988412331774;0.00339929554120907;1.10628591126072;-0.0437856665147594;2.43440207851821
66240;-5576383.14211427;2274270.13224043;4047266.78828707;-4821.5915627235;-2269.66324763981;-4946.72401897649;6993055.01561931;0.0495531809419043;0.00416435065018542;1.10630132242618;-0.0437998598541826;2.46371954936277
66270;-5718394.39952201;2205124.81883308;3896986.41840656;-4645.16600672876;-2339.63273068341;-5071.1266778266;6993445.06878718;0.0495055925552557;0.00484680496983669;1.10631647952749;-0.043812984703268;2.49306169509932
66300;-5855054.36558257;2133915.89139381;3743050.00880541;-4464.86697992419;-2407.23007360705;-5190.44755689662;6993825.61047515;0.0494564684869512;0.00544364337278438;1.10633133158876;-0.0438250663548562;2.5224338897484
66330;-5986249.37509157;2060715.17405386;3585611.11259208;-4280.86384227393;-2472.41161324595;-5304.61401632532;6994195.53980143;0.0494062085198608;0.00595253446709683;1.10634582923666;-0.0438361330257511;2.55184085074787
66360;-6111870.8521481;1985595.77114178;3424825.40176855;-4093.32650849939;-2535.13566009225;-5413.55742292803;6994553.80531119;0.0493552169742936;0.00637184042643301;1.10635992480656;-0.0438462157256363;2.58128662740605
66390;-6231815.32573409;1908632.00852629;3260850.54823133;-3902.4253783707;-2595.36246160086;-5517.21307050971;6994899.40576407;0.0493038998859434;0.00670062300476667;1.1063735724413;-0.0438553481241538;2.61077459323375
66420;-6345984.44330682;1829899.37604607;3093846.10712592;-3708.33127389602;-2653.05416645207;-5615.52010269803;6995231.39077372;0.0492526622056877;0.00693864560279764;1.10638672818272;-0.0438635664165628;2.64030744228573
66450;-6454284.98260602;1749474.47099552;2923973.4024753;-3511.21538304439;-2708.17478990795;-5708.42143854005;6995548.86131536;0.0492019050336474;0.00708637125503114;1.10639935005637;-0.0438709091883445;2.66988718964015
66480;-6556628.86186617;1667434.94263188;2751395.41499638;-3311.24920963937;-2760.69018038965;-5795.86370108576;6995850.97011715;0.0491520229001729;0.00714495641483935;1.1064113981496;-0.0438774172790798;2.69951517613611
66510;-6652933.14861354;1583859.43766518;2576276.67201151;-3108.60452906148;-2810.56798739272;-5877.79714916286;6996136.92194997;0.0491034011066925;0.00711624042996936;1.10642283468344;-0.0438831336458763;2.7291920774742
66540;-6743120.06721706;1498827.54668934;2398783.1393565;-2903.45334939999;-2857.77763084943;-5954.17561252934;6996405.97382987;0.0490564131396053;0.00700273062281152;1.10643362407829;-0.0438881032265866;2.75891791776287
66570;-6827117.00535089;1412419.75150941;2219082.11518127;-2695.96787769635;-2902.29027203787;-6024.9564305737;6996657.43514615;0.0490114181705989;0.00680758291854512;1.10644373301406;-0.0438923728030131;2.78869208756465
66600;-6904856.51951635;1324717.37331717;2037342.12553437;-2486.32049092471;-2944.07878613016;-6090.10039471694;6996890.66772779;0.0489687586569059;0.0065345779993047;1.10645313048471;-0.0438959908642655;2.81851336646124
66630;-6976276.33975982;1235802.52166467;1853732.82161811;-2274.68371135707;-2983.11773646451;-6149.57169465535;6997105.0858594;0.0489287580550486;0.00618809300335658;1.10646178784763;-0.0438990074703965;2.84837995011517
66660;-7041319.37371305;1145758.0441827;1668424.87859723;-2061.23018596424;-3019.38335061854;-6203.33786856959;6997300.15625778;0.048891718661525;0.00577306883438356;1.106469678868;-0.0439014741164149;2.87828948176026
66690;-7099933.71007166;1054667.47698921;1481589.89584036;-1846.13266950575;-3052.85349835508;-6251.36975741209;6997475.39801844;0.0488579195936751;0.00529497319592205;1.10647677975851;-0.0439034435967418;2.90823908800226
66720;-7152072.62161746;962614.995730426;1293400.2984705;-1629.56401096568;-3083.50767150492;-6293.64146337247;6997630.38254139;0.0488276149235696;0.00475975951918125;1.10648306921439;-0.0439049698701508;2.93822541875863
66750;-7197694.56787961;869685.367195696;1104029.24009763;-1411.69714299314;-3111.32696584544;-6330.13031260908;6997764.73344398;0.048801031977223;0.00417382200705471;1.10648852844432;-0.0439061079252112;2.96824469111119
66780;-7236763.19752004;775963.90144535;913650.506604514;-1192.70507400954;-3136.29406502798;-6360.81682232345;6997878.12646805;0.0487783698106969;0.0035439470721206;1.10649314119698;-0.0439069136462258;2.99829273679069
66810;-7269247.3505177;681536.404389428;722438.420854257;-972.760882646519;-3158.3932266019;-6385.68467224411;6997970.28938766;0.048759797873765;0.00287726149996105;1.10649689378376;-0.0439074436796423;3.02836505295864
66840;-7295121.06021686;586489.130753685;530567.748186442;-752.037714180969;-3177.61027017792;-6404.72068057597;6998041.00192276;0.0487454548707269;0.00218117771998382;1.10649977509754;-0.0439077553008967;3.05845685590104
66870;-7314363.55529418;490908.737368129;338213.602567272;-530.708778635185;-3193.93256776842;-6417.91478446187;6998090.09566338;0.0487354478267282;0.0014633366122906;1.10650177662777;-0.0439079062816343;3.08856313720187
66900;-7326959.26168973;394882.236712282;145551.35325767;-308.947350211799;-3207.34903633779;-6425.26002499359;6998117.45400796;0.0487298513665582;0.000731548319920296;1.1065028924719;-0.043907954757242;3.11867872192402
66930;-7332897.80453687;298496.950650408;-47243.4681375454;-86.9267677343765;-3217.85013259147;-6426.75253680066;6998123.01211865;0.0487287072113871;-6.26843057228809e-06;1.10650311934325;-0.0439079590946174;-3.13438697888851
66960;-7332174.01011633;201840.464289193;-239995.260377075;135.179564234645;-3225.42785002753;-6422.39154223626;6998106.75689548;0.0487320238972895;-0.000742147971553571;1.10650245657532;-0.0439079777600916;-3.10426867884157
66990;-7324787.90785;105000.579889682;-432528.445185229;357.198173926474;-3230.07571827081;-6412.17935017112;6998068.72697054;0.048739776717726;-0.00146813975442738;1.10650090612272;-0.0439080691874208;-3.07415699819731
67020;-7310744.73233977;8065.27076475552;-624667.559886995;578.955520876655;-3231.7888047049;-6396.12135939755;6998009.01272228;0.0487519078904252;-0.00217637027475377;1.10649847255851;-0.0439082916457579;-3.04405717422074
67050;-7290054.92544731;-88877.3649069695;-816237.350214308;800.277994741906;-3230.56371841335;-6374.22606663729;6997927.75630943;0.0487683269473731;-0.00285910431207665;1.10649516306811;-0.0439087031075164;-3.01397430811352
67080;-7262734.13840069;-185739.150420201;-1007062.86342144;1020.99191475176;-3226.39861643704;-6346.5050791381;6997825.15172294;0.0487889113449163;-0.00350880494612162;1.10649098743969;-0.0439093611160432;-2.98391330599944
67110;-7228803.23390377;-282431.877104539;-1196969.54184682;1240.92353012467;-3219.29321235036;-6312.97313183547;6997701.44485367;0.0488135072893267;-0.00411819183217868;1.10648595805085;-0.0439103226530204;-2.95387882166158
67140;-7188288.28821451;-378867.351178096;-1385783.31705782;1459.89902177974;-3209.24878715465;-6273.64810904687;6997556.93357248;0.0488419307716151;-0.00468029724818768;1.10648008985178;-0.0439116440055256;-2.92387520152198
67170;-7141220.59314831;-474957.440962604;-1573330.70471379;1677.74450567679;-3196.26820248262;-6228.55107065658;6997391.96781884;0.048873968803927;-0.00518851946330074;1.1064734003445;-0.0439133806326892;-2.89390643231741
67200;-7087636.65795263;-570614.124529199;-1759438.90028142;1894.28603811991;-3180.35591610309;-6177.70628274004;6997206.9496928;0.0489093808485417;-0.005636673021373;1.10646590955828;-0.0439155870319018;-2.86397609188112
67230;-7027578.21098868;-665749.537843647;-1943935.87573467;2109.34962336168;-3161.51799971034;-6121.14125256657;6997002.33354466;0.0489479004293364;-0.00601903558156934;1.10645764002087;-0.0439183166045378;-2.83408730339165
67260;-6961092.20114643;-760276.023479291;-2126650.47736953;2322.76122384828;-3139.76215897774;-6058.88676790894;6996778.62605554;0.0489892369145823;-0.00633039101065424;1.10644861672567;-0.043921621521181;-2.80424269339735
67290;-6888230.79890814;-854106.179965241;-2307412.5248617;2534.34677344832;-3115.09775584959;-5990.97694057776;6996536.38630127;0.0490330774591277;-0.00656606847590653;1.10643886709428;-0.0439255525863579;-2.77444435387106
67320;-6809051.39696617;-947152.911836507;-2486052.91169251;2743.93219401175;-3087.53583304009;-5917.44925408695;6996276.22579126;0.0490790890933755;-0.00672197734267224;1.10642842093463;-0.0439301591028052;-2.74469380849397
67350;-6723616.61028954;-1039329.48045176;-2662403.70706549;2951.34341560813;-3057.08914070202;-5838.34461534468;6995998.80847285;0.0491269209460035;-0.00679463773453066;1.10641731039405;-0.043935488735327;-2.71499198331393
67380;-6631994.27552381;-1130549.55564316;-2836298.25943249;3156.40640079723;-3023.77216522196;-5753.70741025139;6995704.85069098;0.0491762065870595;-0.00678120666590822;1.10640556990745;-0.043941587374322;-2.68533918187148
67410;-6534257.44959794;-1220727.26826132;-3007571.30174486;3358.94717328829;-2987.6011600921;-5663.58556307301;6995395.12109214;0.0492265664779193;-0.00667949970512779;1.10639323614003;-0.0439484989990919;-2.65573506483871
67440;-6430484.40740097;-1309777.26367689;-3176059.05854052;3558.79185134772;-2948.59417880159;-5568.03059944296;6995070.44046059;0.0492776105145579;-0.00648800816956882;1.1063803479244;-0.0439562655410769;-2.62617863417212
67470;-6320758.63838079;-1397614.75629831;-3341599.3549736;3755.76668631831;-2906.77110968324;-5467.09771283156;6994731.68147404;0.049328940650678;-0.00620591189265271;1.10636694619193;-0.0439649267471981;-2.59666822174289
67500;-6205168.84190603;-1484155.58516356;-3504031.72788793;3949.6981066163;-2862.1537126432;-5360.84583430498;6994379.76836526;0.0493801535874026;-0.00583308763453702;1.10635307389783;-0.0439745200435234;-2.56720148237533
67530;-6083808.92122124;-1569316.27066081;-3663197.53903024;4140.41276757549;-2814.76565769293;-5249.3377053786;6994015.67647504;0.0494308435164682;-0.00537011323363311;1.10633877593985;-0.0439850803995165;-2.53777539119923
67560;-5956777.97581452;-1653014.07243121;-3818940.09049272;4327.73760750994;-2764.63256519368;-5132.63995375161;6993640.43168151;0.0494806049041192;-0.00481826761488643;1.10632409907024;-0.0439966401931698;-2.50838624520285
67590;-5824180.29200513;-1735167.04850326;-3971104.74246801;4511.49991036918;-2711.78204771423;-5010.82317168976;6993255.10968983;0.0495290353031599;-0.00417952678243606;1.10630909180075;-0.0440092290773637;-2.47902966886126
67620;-5686125.33154805;-1815694.11570589;-4119539.03339216;4691.52737536078;-2656.24375339227;-4883.96199680294;6992860.83516568;0.0495757381808745;-0.00345655592938185;1.10629380430025;-0.0440228738478481;-2.4497006237099
67650;-5542727.71804056;-1894515.11140337;-4264092.80254349;4867.64819391639;-2598.04941067921;-4752.13519494207;6992458.78069556;0.0496203257507178;-0.00265269779630583;1.10627828828486;-0.0440375983132825;-2.42039342173387
67680;-5394107.22090498;-1971550.85659175;-4404618.31515644;5039.69113437657;-2537.23287433629;-4615.42574491671;6992050.16555612;0.0496624217958002;-0.00177195740305046;1.10626259690026;-0.0440534231678276;-2.39110174245042
67710;-5240388.73671046;-2046723.22039209;-4540970.3901002;5207.48563476883;-2473.83017253806;-4473.92092471033;6991636.25427459;0.0497016644722381;-0.000818983265943111;1.10624678459587;-0.044070365866829;-2.36181865357446
67740;-5081702.26758534;-2119955.18597152;-4673006.53016202;5370.86190405072;-2407.8795549261;-4327.71239884436;6991218.35496203;0.0497377090803431;0.000200954803747002;1.10623090699081;-0.0440884405061861;-2.332536635173
67770;-4918182.89646063;-2191170.91791801;-4800587.05496394;5529.651032186;-2339.42154144216;-4176.89630651486;6990797.81740073;0.0497702307914398;0.00128199124515246;1.10621502073135;-0.0441076577060551;-2.30324760723484
67800;-4749970.75887421;-2260295.83108956;-4923575.23653019;5683.6851094162;-2268.49897175566;-4021.57335009726;6990376.03086755;0.0497989273177432;0.00241769358457688;1.10619918333967;-0.0441280244995841;-2.27394296060465
67830;-4577211.01105446;-2327256.66095261;-5041837.43750993;5832.79735508301;-2195.15705508505;-3861.84888358442;6989954.42167463;0.0498235215122429;0.00360109453633181;1.10618345305391;-0.0441495442274348;-2.24461359125468
67860;-4400053.79399162;-2391981.53541837;-5155243.25204623;5976.82225634724;-2119.44342019681;-3697.8330004924;6989534.45040966;0.0498437638848955;0.00482472736555508;1.1061678886593;-0.0441722164388957;-2.21524993789306
67890;-4218654.19319498;-2454400.04817882;-5263665.64926817;6115.59571713868;-2041.40816534897;-3529.64062073525;6989117.60885819;0.0498594350206332;0.00608066453574151;1.10615254931038;-0.0441960368004424;-2.18584202293147
67920;-4033172.19382404;-2514443.33353712;-5366981.11936703;6248.95521765716;-1961.10390792859;-3357.39157593671;6988705.4165914;0.0498703478837511;0.00736055968694152;1.1061374943444;-0.0442209970126499;-2.15637949685836
67950;-3843772.63087257;-2572044.14271923;-5465069.82220138;6376.73998472787;-1878.58583351475;-3181.21069261132;6988299.41720383;0.0498763499921609;0.00865569301078173;1.10612278308581;-0.0442470847364067;-2.12685168608344
67980;-3650625.13407565;-2627136.92164521;-5557815.73835809;6498.79117329445;-1793.9117440791;-3001.22787261143;6987901.17418665;0.0498773254437956;0.00995702010431615;1.10610847464219;-0.0442742835294262;-2.09724764433469
68010;-3453904.06720155;-2679657.89012975;-5645106.82257788;6614.95205930953;-1707.14210501738;-2817.57817019953;6987512.26642412;0.049873196776153;0.0112552243950835;1.10609462769166;-0.0443025727940817;-2.06755620769926
68040;-3253788.46138297;-2729545.12247215;-5726835.15943385;6725.06824425568;-1618.34009068424;-2630.40186506698;6987134.28330242;0.0498639266385986;0.0125407732329669;1.1060813002622;-0.0443319277376318;-2.03776605340206
68070;-3050461.94213567;-2776738.62938545;-5802897.12113098;6828.98787149845;-1527.57162808404;-2439.84453058205;6986768.81942251;0.0498495192556521;0.0138039777392046;1.1060685495032;-0.0443623193459242;-2.00786576241052
68100;-2844112.64970685;-2821180.44120414;-5873193.52727198;6926.561854638;-1434.90543834855;-2246.05709651063;6986417.46891155;0.0498300216580887;0.0150350564874085;1.10605643144977;-0.0443937143716845;-1.97784388593764
68130;-2634933.15239145;-2862814.69229807;-5937629.8064121;7017.64411798556;-1340.41307561146;-2049.19590541397;6986081.81932999;0.0498055246573743;0.0162242030649044;1.10604500078035;-0.0444260753385102;-1.94768901588862
68160;-2423120.35245107;-2901587.70660853;-5996116.15920047;7102.09184924627;-1244.16896286822;-1849.42276188853;6985763.44517541;0.0497761635377574;0.0173616575227029;1.10603431056835;-0.0444593605616874;-1.91738985925577
68190;-2208875.38426902;-2937448.08420941;-6048567.72288054;7179.76576443928;-1146.25042438783;-1646.9049737742;6985463.90098761;0.0497421184393557;0.018437781668449;1.10602441202862;-0.0444935241869386;-1.88693531641164
68220;-1992403.5043743;-2970346.7887834;-6094904.73689487;7250.53038503046;-1046.73771422233;-1441.81538441943;6985184.71406402;0.0497036144048684;0.0194431380870895;1.10601535425963;-0.0445285162481901;-1.85631456318044
68250;-1773913.97296949;-3000237.23588901;-6135052.70931192;7314.25432719113;-945.714040338144;-1234.33239505501;6984927.37679896;0.0496609210622126;0.0203685726879638;1.10600718398246;-0.0445642827454087;-1.8255171364808
68280;-1553619.92660083;-3027075.38187972;-6168942.58376347;7370.810603028;-843.265583873669;-1024.63997629342;6984693.33866555;0.0496143519155298;0.0212053004742034;1.10599994527775;-0.0446007657435125;-1.79453302322973
68310;-1331738.24161452;-3050819.81332122;-6196510.90655121;7420.0769335556;-739.481513007441;-812.927667738275;6984483.99786425;0.0495642632177261;0.0219449941099832;1.10599367932179;-0.0446379034932939;-1.76335275207635
68340;-1108489.38805161;-3071431.83673734;-6217699.99355029;7461.93607310095;-634.453990903107;-599.390564658598;6984300.69266825;0.0495110523991196;0.0225798747248664;1.10598842412337;-0.0446756305752146;-1.73196748739732
68370;-884097.27364397;-3088875.56849853;-6232458.0965056;7496.27614474264;-528.278177180446;-384.22929065681;6984144.69250171;0.0494551560289862;0.023102804242519;1.10598421426272;-0.0447138780668337;-1.70036912483271
68400;-658789.077587761;-3103118.02465034;-6240739.56828452;7522.9909862917;-421.052222346614;-167.649955237643;6984017.18879359;0.0493970472899074;0.0235073783563591;1.10598108063432;-0.044752573734516;-1.66855038747616
68430;-432795.073786516;-3114129.21046199;-6242505.02661625;7541.98050622003;-312.877254608956;50.1359048313774;6983919.28565638;0.0493372329489583;0.023788019100378;1.10597905019535;-0.0447916422499365;-1.63650492165779
68460;-206348.443275885;-3121882.20945772;-6237721.51581492;7553.15104883347;-203.857358480551;268.911401487766;6983851.99044601;0.0492762498149912;0.0239400657836352;1.10597814572156;-0.0448310054317412;-1.60422739107788
68490;20314.9244354467;-3126353.27167579;-6226362.66594967;7556.41576787173;-94.0995445825422;488.454389793852;6983816.20426625;0.0492146606776523;0.0239598628782493;1.10597838557271;-0.044870582512559;-1.57171356787009
68520;246956.641347637;-3127521.90088192;-6208408.84889135;7551.69500759528;16.2862899562038;708.53758192802;6983812.71248782;0.049153049731333;0.0238448432790728;1.10597978346958;-0.044910290431366;-1.53896041900046
68550;473336.042483306;-3125370.94044627;-6183847.33063205;7538.91669029196;127.187411100992;928.928681854139;6983842.17535955;0.0490920174960068;0.0235936051981633;1.10598234828459;-0.044950044150999;-1.50596618625279
68580;699210.419107804;-3119886.65757489;-6152672.41924082;7518.01670900273;238.488308108513;1149.3905417533;6983905.11879546;0.0490321752567826;0.0232059808267242;1.10598608384858;-0.0449897570003884;-1.47273045791973
68610;924335.263792991;-3111058.82556895;-6114885.60778674;7488.93932412775;350.070764902819;1369.68134126861;6984001.92542842;0.0489741390548961;0.022683094802269;1.10599098877567;-0.0450293410408401;-1.43925423022354
68640;1148464.52741907;-3098880.803768;-6070495.71152991;7451.63756243208;461.813943197602;1589.5547905688;6984132.82602659;0.0489185232746056;0.0220274104696633;1.10599705630871;-0.0450687074554373;-1.4055399564406
68670;1371350.88816243;-3083349.61481644;-6019518.99865124;7406.07361682528;573.59447791012;1808.76035817823;6984297.89137457;0.0488659338828049;0.0212427619309929;1.10600427418763;-0.0451077669603652;-1.37159158170942
68700;1592746.03246656;-3064466.01887667;-5961979.31376484;7352.21924514219;685.28658538327;2027.04352444978;6984497.0247257;0.0488169613908109;0.0203343699514716;1.10601262454284;-0.0451464302366781;-1.33741456157392
68730;1812400.94793751;-3042234.58439754;-5897908.19343152;7290.05616600515;796.762184896197;2244.14606147048;6984729.95493569;0.0487721736203571;0.0193088399332462;1.10602208381606;-0.0451846083807401;-1.30301586245771
68760;2030066.22804589;-3016663.75503244;-5827344.97287;7219.5764497021;907.8910339;2459.80634008862;6984996.23039029;0.0487321083678886;0.0181741403924161;1.10603262271076;-0.0452222133712724;-1.26840394248812
68790;2245492.38845296;-2987765.91228975;-5750336.88304304;7140.78290187185;1018.54087736322;2673.75966463333;6985295.21384129;0.0486972660723394;0.0169395606783405;1.1060442061741;-0.0452591585506461;-1.23358871139247
68820;2458430.19471021;-2955557.43348701;-5666939.13728107;7053.68943765031;1128.57761155139;2885.73863576364;6985626.078265;0.0486681026011678;0.015615647057193;1.10605679341254;-0.0452953591177598;-1.19858146857139
68850;2668631.00100951;-2920058.74457194;-5577215.00659455;6958.32144380049;1237.86546249589;3095.4735417331;6985987.8038557;0.0486450222770296;0.0142141167367003;1.10607033794268;-0.0453307326295522;-1.16339481890921
68880;2875847.09958449;-2881294.36736682;-5481235.88282051;6854.71612622841;1346.26717932924;3302.69277818802;6986379.17626353;0.0486283712725866;0.012747749926515;1.10608478767903;-0.0453651995079221;-1.12804256639855
68910;3079832.08028453;-2839292.96078842;-5379081.32874769;6742.92284017763;1453.64424257718;3507.12329643259;6986798.78618081;0.048618431503152;0.0112302605918718;1.10610008505995;-0.045398683548559;-1.09253958621991
68940;3280341.19975985;-2794087.35559489;-5270839.11436985;6623.00340030105;1559.85708740181;3708.49107989265;6987245.03037397;0.0486154151458111;0.00967614714818384;1.10611616721282;-0.0454311124279465;-1.0569016765071
68970;3477131.75961097;-2745714.58221225;-5156605.23842793;6495.03236773154;1664.76534168582;3906.52164829302;6987716.11424903;0.0486194599090782;0.00810052493782878;1.10613296615927;-0.045462418204578;-1.02114539162317
69000;3669963.49276867;-2694215.89119843;-5036483.93441986;6359.09731121604;1768.22807873495;4100.9405888309;6988210.05602736;0.048630625168958;0.00651894290164244;1.10615040906077;-0.0454925378102372;-0.985287859343649
69030;3858598.95728186;-2639636.76591105;-4910587.66028197;6215.29903934388;1870.10408425513;4291.47411338292;6988724.69259531;0.0486488890755055;0.00494718738139065;1.10616841850475;-0.0455214135270385;-0.949346584867842
69060;4042803.93660135;-2582026.9269575;-4779037.07097856;6063.75180089143;1970.25213713371;4477.84964052618;6989257.6870758;0.0486741467188385;0.0034010764396111;1.10618691283086;-0.0455489934458094;-0.913339245030055
69090;4222347.84535886;-2521440.32802195;-4641960.97327691;5904.58345032504;2068.53130342023;4659.79640088702;6989806.53815259;0.0487062094253833;0.00189624843820526;1.10620580649664;-0.0455752319013288;-0.877283476438561
69120;4397004.1395519;-2457935.14268397;-4499496.26203352;5737.93557555429;2164.80124276395;4837.04606405787;6990368.59115907;0.0487448052344651;0.000447948858066597;1.10622501048148;-0.0456000898799112;-0.841196661511927
69150;4566550.72995963;-2391573.74186815;-4351787.83737447;5563.96358511043;2258.92252642355;5009.33338504463;6990941.0509219;0.0487895805827656;-0.000929180542821039;1.10624443272724;-0.0456235353948613;-0.805095716498811
69180;4730770.39753143;-2322422.66159242;-4198988.502218;5382.83675204208;2350.75696581988;5176.39686792835;6991520.99632823;0.0488401032004282;-0.00222130615254817;1.10626397861346;-0.0456455438254116;-0.768996885551483
69210;4889451.20941089;-2250552.56071621;-4041258.83966108;5194.73821197356;2440.16795045887;5337.97944414896;6992105.39656087;0.0488958661983865;-0.00341559657683957;1.10628355146474;-0.0456660982148998;-0.732915544777413
69240;5042386.93418425;-2176038.16842664;-3878767.06983361;4999.86491296125;2527.02079390825;5493.82916254934;6992691.12892198;0.0489562933026684;-0.00450040269629405;1.10630305308729;-0.0456851895241506;-0.696866019924784
69270;5189377.45487435;-2098958.22124253;-3711688.88591352;4798.42751501038;2611.18308637305;5643.69988805878;6993274.99814065;0.0490207451686562;-0.00546542042428479;1.10632238433132;-0.0457028168362921;-0.660861420981835
69300;5330229.17814135;-2019395.38936203;-3540207.26909368;4590.65023737946;2692.52505228056;5787.35200565111;6993853.75703479;0.0490885266872812;-0.00630183334653176;1.10634144567548;-0.0457189875095654;-0.62491349650579
69330;5464755.43809922;-1937436.19222867;-3364512.28239538;4376.77065209992;2770.91991116035;5924.55312598737;6994424.12837336;0.0491588951764283;-0.00700243295382079;1.10636013782915;-0.0457337172750674;-0.589032509968677
69360;5592776.89311523;-1853170.90324444;-3184800.8433346;4157.03942247414;2846.24423998891;6055.07878895203;6994982.82776108;0.0492310693348947;-0.00756171474928245;1.10637836234818;-0.045747030276814;-0.553227139839462
69390;5714121.91392765;-1766693.4436146;-3001276.47556301;3931.71998568326;2918.37833506538;6178.71316111813;6995526.58734562;0.0493042388233748;-0.00797594909518258;1.1063960222591;-0.0457589590519991;-0.517504404540574
69420;5828626.96139696;-1678101.26536837;-2814149.03972736;3701.08817903389;2987.20657139662;6295.24972303552;6996052.18012703;0.0493775743273104;-0.00824322623706313;1.1064130226868;-0.0457695444498716;-0.481869612846215
69450;5936136.95219789;-1587495.22366157;-2623634.44391537;3465.43180979667;3052.61775749753;6404.49194213114;6996556.44463078;0.0494502379500816;-0.0083634754840437;1.10642927148036;-0.0457788354882322;-0.446326339751154
69480;6036505.61076494;-1494979.43853085;-2429954.33418384;3225.05016903559;3114.50548345972;6506.25392694455;6997036.30969126;0.0495213937818383;-0.00833845901551078;1.1064446798315;-0.0457868891471727;-0.410876427349595
69510;6129595.80582277;-1400661.14633396;-2233335.76579343;2980.25349028899;3172.76846010901;6600.36105839909;6997488.8190803;0.0495902184891017;-0.00817174121318751;1.10645916288027;-0.0457937701003272;-0.375520009837205
69540;6215279.86986589;-1304650.54117643;-2034010.85590335;2731.36235443718;3227.31084706114;6686.65059383072;6997911.15570768;0.0496559117728411;-0.00786863477558625;1.10647264030212;-0.0457995503845638;-0.340255561393695
69570;6293439.89999931;-1207060.60669034;-1832216.41860646;2478.70704257029;3278.04256749791;6764.97223956612;6998300.66511642;0.0497177065477319;-0.0074361251556002;1.10648503687106;-0.0458043090097257;-0.305079965421788
69600;6363968.0386132;-1108006.9385958;-1628193.58331022;2222.6268391476;3324.87960752212;6835.18868795873;6998654.87799602;0.0497748787024115;-0.00688277507234453;1.10649628299344;-0.0458081315106978;-0.269988603410245
69630;6426766.73244068;-1007607.55853928;-1422187.39758892;1963.46928820918;3367.74429801075;6897.17611495693;6998971.53144181;0.0498267563093829;-0.00621861098989055;1.10650631520696;-0.0458111094447393;-0.234975461549169
69660;6481748.96863737;-905982.719763853;-1214446.41574765;1701.58940585529;3406.56557697141;6950.82463449258;6999248.58869789;0.0498727281634838;-0.00545499353599672;1.1065150766402;-0.0458133398376621;-0.200033253147294
69690;6528838.48662444;-803254.705224997;-1005222.27444581;1437.34885264202;3441.27923051657;6996.03870623839;6999484.25713523;0.0499122515391837;-0.00460447386280067;1.10652251742779;-0.0458149245830453;-0.165153554873963
69720;6567969.96455243;-699547.618819914;-794769.256827063;1171.11506994595;3471.82811070356;7032.73749358723;6999677.00423484;0.0499448590691671;-0.00368063793998898;1.10652859507715;-0.0458159697992431;-0.130326954861625
69750;6599089.17937044;-594987.170448892;-583343.846692121;903.260384719859;3498.16232864342;7060.85516905277;6999825.57136858;0.0499701646594222;-0.00269794073051;1.10653327478285;-0.0458165851494587;-0.0955432107466329
69780;6622153.13962282;-489700.455672347;-371204.274328875;634.16108738991;3520.23942145769;7080.34116467434;6999928.98519654;0.0499878683692497;-0.00167153214104798;1.10653652968553;-0.0458168831306185;-0.0607914157853186
69810;6637130.19024247;-383815.730767032;-158610.055680887;364.19648792656;3538.02449185631;7091.16036542508;6999986.56652991;0.0499977601980419;-0.000617076574643601;1.10653834107237;-0.0458169783371651;-0.026060171248225
69840;6644000.0887645;-277462.18401857;54178.4734113905;93.7479553517129;3551.49031932056;7093.29324406653;6999997.93654067;0.0499997227342805;0.000449432149479498;1.10653869851729;-0.0458169867062081;0.00866223664135473
69870;6642754.05254438;-170769.704114625;266900.62612247;-176.802053879827;3560.61744209807;7086.73593635778;6999963.02023491;0.0499937326358844;0.00151185879592856;1.10653759995914;-0.0458170247507047;0.0433876569056428
69900;6633394.77673001;-63868.6465233231;479295.834907042;-447.070973069551;3565.39420945126;7071.50025600849;6999882.04714266;0.0499798609247602;0.00255411595603492;1.10653505171728;-0.0458172087874955;0.0781278927921265
69930;6615936.42290467;43110.4012453006;691104.121307799;-716.677102423118;3565.8168038411;7047.61364925361;6999755.54921504;0.0499582720921455;0.00356035287272969;1.10653106844412;-0.0458176541670862;0.112894521163224
69960;6590404.57848636;150036.854591172;902066.56349882;-985.24058054916;3561.88923297287;7015.119089419;6999584.35595705;0.0499292220250778;0.00451514218098547;1.10652567301543;-0.0458184745120438;0.147698713929879
69990;6556836.18713625;256780.36608719;1111925.75977588;-1252.3843447666;3553.62329187519;6974.07491233268;6999369.58686154;0.0498930547780507;0.00540366287084223;1.10651889635927;-0.0458197809707653;0.182551063189974
70020;6515279.45059375;363211.058159975;1320426.28623781;-1517.7350748032;3541.03849542537;6924.55459391014;6999112.64124567;0.04985019822763;0.00621187773522892;1.10651077722561;-0.0458216814931849;0.217461411777787
70050;6465793.70251546;469199.75331088;1527315.14694978;-1780.9241146509;3524.1619819688;6866.64647169754;6998815.18562531;0.0498011586614489;0.00692670350658462;1.10650136189893;-0.0458242801347046;0.252438690989745
70080;6408449.25504892;574618.201022645;1732342.21493937;-2041.58836758075;3503.02838890574;6800.45341258724;6998479.13879398;0.0497465143665333;0.00753617182155868;1.10649070385682;-0.0458276763942839;0.2874907673174
70110;6343327.21901773;679339.300526472;1935260.662449;-2299.37115960775;3477.67970133108;6726.09242932051;6998106.6548011;0.0496869082952388;0.00802957909042215;1.10647886337816;-0.0458319645921952;0.322624300082483
70140;6270519.29873122;783237.318639903;2135827.37895198;-2553.92306702928;3448.16507500974;6643.69424875752;6997700.10404911;0.0496230399000815;0.00839762329734134;1.10646590710491;-0.0458372332924656;0.357844611920744
70170;6190127.56255732;886188.101927052;2333803.37553414;-2804.90270403318;3414.54063514987;6553.40283522048;6997262.05274923;0.0495556562412515;0.00863252573035107;1.10645190756188;-0.0458435647744821;0.393155574090212
70200;6102264.19051173;988069.282479087;2528954.17434645;-3051.97746677899;3376.86925259489;6455.37487249838;6996795.24099197;0.0494855424824007;0.0087281356473579;1.10643694263946;-0.0458510345576451;0.428559508573795
70230;6007051.20021754;1088760.4766636;2721050.18194523;-3294.82423078898;3335.22029919387;6349.77920833914;6996302.55970041;0.049413511901131;0.00868001593802167;1.10642109504423;-0.0458597109823312;0.464057108894507
70260;5904620.15267801;1188143.47624604;2909867.04545437;-3533.1299989408;3289.6693842244;6236.79626544421;6995787.02674097;0.0493403955502093;0.00848550795167301;1.1064044517229;-0.0458696548497731;0.499647381453326
70290;5795111.8393791;1286102.43134417;3095185.99060688;-3766.59249782099;3240.29807383447;6116.61742312249;6995251.76246938;0.0492670317135343;0.00814377383688129;1.10638710326509;-0.0458809191227936;0.535327609026384
70320;5678675.95229865;1382524.02473633;3276794.14084889;-3994.92072067394;3187.19359553728;5989.44437385292;6994699.96498752;0.0491942553069773;0.0076558149854518;1.10636914329042;-0.04589354868866;0.571093337813187
70350;5555470.73844488;1477297.63710638;3454484.81681782;-4217.83541565538;3130.44852983773;5855.4884590505;6994134.8853808;0.0491228873780396;0.00702446549511029;1.10635066782555;-0.0459075801846525;0.606938389108388
70380;5425662.64057861;1570315.50287059;3628057.81563539;-4435.0695185687;3070.16049108992;5714.96998832959;6993559.80319577;0.0490537248594969;0.00625435995969083;1.10633177467668;-0.0459230418862842;0.642854896277314
70410;5289425.92579117;1661472.85629496;3797319.66958407;-4646.36852971883;3006.43179968384;5568.1175465134;6992978.00240427;0.048987530730537;0.00535187535748522;1.1063125628029;-0.0459399536574804;0.678833367255961
70440;5146942.30361466;1750668.06767415;3962083.88386225;-4851.49083495767;2939.36914763664;5415.16729255254;6992392.74808365;0.0489250247341407;0.0043250473269888;1.1062931316956;-0.0459583269614167;0.714862772279823
70470;4998400.53533225;1837802.76940456;4122171.15323629;-5050.20797141211;2869.08325962136;5256.36225439175;6991807.26402363;0.0488668747914311;0.00318346167890231;1.10627358076891;-0.0459781649301594;0.750930655988579
70500;4843996.03613591;1922781.97184472;4277409.5575265;-5242.30483877595;2795.68855140519;5091.9516236658;6991224.71144856;0.0488136892424409;0.00193812257453287;1.1062540087658;-0.0459994624907278;0.787023272474575
70530;4683930.47174673;2005514.16891367;4427634.73597784;-5427.57985740781;2719.3027875925;4922.19005391771;6990648.16902126;0.0487660100282998;0.000601299380873242;1.10623451318432;-0.0460222065447319;0.823125741265011
70560;4518411.35107109;2085911.43343388;4572690.04067383;-5605.84507480486;2640.04674047628;4747.33696581868;6990080.61426999;0.0487243069124562;-0.000813645234238648;1.10621518972775;-0.046046376198326;0.859222221676677
70590;4347651.61641391;2163889.50227782;4712426.6692529;-5776.92622231573;2558.04385169824;4567.6558626337;6989524.90655573;0.0486889728186164;-0.00229244290216992;1.10619613178243;-0.0460719430388622;0.895296102482704
70620;4171869.23271083;2239367.8514263;4846703.77728016;-5940.66272421289;2473.41989830396;4383.41365892505;6988983.77167155;0.0486603203411154;-0.00382011935975806;1.10617742992628;-0.0460988714543291;0.931330203408344
70650;3991286.77717368;2312269.761093;4975388.57071323;-6096.9076614656;2386.30266465794;4194.88002522058;6988459.78814139;0.0486385794600221;-0.00538120264742082;1.10615917147078;-0.0461271189914305;0.967306984649114
70680;3806131.03067102;2382522.37111113;5098356.37897862;-6245.52769273824;2296.82162155572;4002.32675110081;6987955.37526145;0.0486238964691758;-0.0069599356748317;1.1061414400387;-0.0461566367479767;1.00320876039629
70710;3616632.57208699;2450056.72681671;5215490.70924459;-6386.40293528635;2205.10761373875;3806.02712888053;6987472.78290445;0.048616334101273;-0.00854048904787175;1.10612431517933;-0.0461873697951491;1.0390179122742
70740;3423025.37682016;2514807.81569683;5326683.28253741;-6519.42680853526;2111.29255688429;3606.25535978239;6987014.0830852;0.0486158728108684;-0.010107170100434;1.10610787202265;-0.0462192576251377;1.07471709864483
70770;3225546.42049913;2576714.59510173;5431834.05240077;-6644.50584320481;2015.50914500876;3403.28598422367;6986581.16326605;0.0486224131544431;-0.0116446242547247;1.10609218097334;-0.0462522346196462;1.11028945591653
70800;3024435.28890468;2635720.01134534;5530851.20684284;-6761.55945889043;1917.89056909068;3197.39333756696;6986175.72136226;0.0486357791872108;-0.0131380251340538;1.10607730744519;-0.0462862305348053;1.14571878829502
70830;2819933.79500124;2691771.01054147;5623651.15435156;-6870.51971302802;1818.57024758972;2988.85103242377;6985799.2623913;0.0486557227796364;-0.0145732502581232;1.10606331163599;-0.0463211709981286;1.18098974282154
70860;2612285.60389202;2744818.54154102;5710158.49478825;-6971.33102415989;1717.68156941276;2777.93146834825;6985453.09669538;0.0486819287431598;-0.0159370396410204;1.10605024834274;-0.0463569780132789;1.216087967034
70890;2401735.8664256;2794817.55135042;5790305.97599059;-7063.94987238392;1615.35764975763;2564.9053695197;6985138.33965465;0.0487140206446386;-0.0172171351635929;1.10603816681644;-0.046393570468588;1.25100024713927
70920;2188530.86209593;2841726.97342263;5864034.43693087;-7148.34447981097;1511.73109915069;2350.04135078793;6984855.91279817;0.0487515671826617;-0.0184023991774594;1.10602711065569;-0.0464308646454768;1.2857146251701
70950;1972917.65179395;2885509.70921993;5931292.7382833;-7224.49447377912;1406.93380588676;2133.60551224584;6984606.5462116;0.0487940889961042;-0.0194829113932735;1.10601711773793;-0.0464687747231568;1.32022049419656
70980;1755143.74088817;2926132.60345236;5992037.68125638;-7292.39053548;1301.09673197967;1915.86106230092;6984390.78213482;0.0488410657759219;-0.0204500436848227;1.10600822018663;-0.0465072132762503;1.35450867124047
71010;1535456.75303326;2963566.41339775;6046233.9155424;-7352.03403654487;1194.34972263901;1697.06796904071;6984208.97963803;0.0488919435549104;-0.0212965129833061;1.10600044437307;-0.0465460917622384;1.38857144808432
71040;1314104.11503112;2997785.77270805;6093853.8372281;-7403.43666601956;1086.82132920384;1477.4826395279;6984061.32026285;0.0489461420565898;-0.0220164129234557;1.1059938109507;-0.0465853209959329;1.42240262065347
71070;1091332.752998;3028769.15010387;6134877.47749684;-7446.62005002892;978.638645387436;1257.35762651847;6983947.81451396;0.0490030619930502;-0.0226052253231641;1.10598833492002;-0.0466248116084617;1.45599749806999
71100;867388.800024046;3056498.8033534;6169292.38293597;-7481.61536629682;869.927156618562;1036.94136197035;6983868.30908762;0.049062092212008;-0.0230598129214992;1.10598402572201;-0.0466644744885555;1.48935289281994
71130;642517.31544892;3080960.72892467;6197093.4882421;-7508.46295554784;760.810602203776;816.47791660096;6983822.49472541;0.0491226166049691;-0.0233783950632232;1.10598088735779;-0.046704221204219;1.52246709373811
71160;416962.015818437;3102144.60769091;6218282.98209358;-7527.21193167444;651.410849982217;596.206784658135;6983809.91458476;0.0491840207007763;-0.0235605082010986;1.10597891853227;-0.0467439644031655;1.55533982369775
71190;190965.017532747;3120043.74705832;6232870.16693288;-7537.91979240978;541.847783098605;376.362692990277;6983829.97302202;0.0492456978814804;-0.023606953194432;1.10597811281949;-0.0467836181906785;1.58797218399873
71220;-35233.4088533747;3134655.01987371;6240871.31337346;-7540.65203210314;432.239198481458;157.175433437118;6983881.94468889;0.0493070551700171;-0.0235197314201361;1.1059784588473;-0.04682309848384;1.62036658748552
71250;-261395.072763421;3145978.80045653;6242309.50991534;-7535.48175805366;322.700716581535;-61.1302824889605;6983964.98384868;0.0493675185512473;-0.0233019716896861;1.10597994049921;-0.0468623233413305;1.65252668240241
71280;-487284.086292061;3154018.89808606;6237214.50862209;-7522.48931171962;213.345701899682;-278.334947700111;6984078.13382522;0.0494265377992621;-0.0229578498915429;1.10598253713092;-0.0469012132682526;1.68445726891923
71310;-712667.075622415;3158782.48826021;6225622.56737965;-7501.76189598601;104.285193813265;-494.224363505592;6984220.3365036;0.0494835907942525;-0.0224925031646535;1.10598622379965;-0.0469396914956672;1.71616421014602
71340;-937313.381365548;3160280.04202726;6207576.2893238;-7473.39320954354;-4.37215280432801;-708.589724574146;6984390.44180926;0.0495381873215634;-0.0219119402642494;1.10599097150383;-0.0469776842347433;1.74765433931016
71370;-1160995.24804976;3158525.25367667;6183124.45998996;-7437.48308930766;-112.520117686538;-921.227686008906;6984587.21709834;0.0495898723537093;-0.0212229496167907;1.10599674743136;-0.0470151209056252;1.77893536460433
71400;-1383488.00301335;3153534.96705944;6152321.88270502;-7394.13716168787;-220.054956519673;-1131.94041365758;6984809.3563998;0.0496382288230912;-0.0204330063844479;1.10600351521431;-0.0470519343412969;1.81001577303638
71430;-1604570.224977;3145329.10079289;6115229.21270733;-7343.46650340547;-326.875434054606;-1340.53561877338;6985055.48945645;0.0496828798989463;-0.0195501796797103;1.10601123518841;-0.0470880609668865;1.8409047344319
71460;-1824023.90259154;3133930.57258919;6071912.79044784;-7285.58731245189;-432.882849504622;-1546.82657812853;6985324.19051891;0.0497234907867198;-0.0185830408928057;1.10601986465544;-0.047123440954995;1.87161200656135
71490;-2041634.5832728;3119365.22293103;6022444.47449244;-7220.62058968107;-537.981054744993;-1750.63214066285;6985613.98685324;0.0497597700716572;-0.0175405739248281;1.10602935814702;-0.0471580183577577;1.90214784219342
71520;-2257191.51264888;3101661.73830314;5966901.47441367;-7148.69183143683;-642.076465822188;-1951.77672172614;6985923.36692915;0.0497914706310622;-0.0164320879606437;1.10603966768834;-0.0471917412164515;1.93252289871644
71550;-2470487.76495582;3080851.57417244;5905366.18402812;-7069.93073353045;-745.078068270774;-2150.09028594512;6986250.78826182;0.0498183901414585;-0.0152671332715335;1.10605074306042;-0.0472245616495509;1.96274815082499
71580;-2681320.36472584;3056968.87789565;5837926.01530617;-6984.47090680471;-846.897416724208;-2345.40831971449;6986594.68488601;0.0498403712079443;-0.014055420408963;1.10606253205968;-0.0472564359202062;1.99283480663969
71610;-2889490.40011853;3030050.41171808;5764673.23325028;-6892.44960444784;-947.448629292332;-2537.57179427801;6986953.47444631;0.0498573011434384;-0.0128067430395796;1.10607498075381;-0.0472873244841742;2.02279422751599
71640;-3094803.12824893;3000135.47601397;5685704.79201053;-6794.00746115459;-1046.64837716366;-2726.42712032956;6987325.56489239;0.0498691114254161;-0.0115309045770248;1.10608803373281;-0.0473171920192737;2.05263785170277
71670;-3297068.07286865;2967265.83290481;5601122.17247794;-6689.28824417064;-1144.41586987477;-2911.82609502693;6987709.36077252;0.049875776857188;-0.0102376486886596;1.10610163435451;-0.0473460074374645;2.08237712193338
71700;-3496099.11475649;2931485.63037918;5511031.22157062;-6578.43861620254;-1240.67283667272;-3093.62584227257;6988103.26912262;0.0498773144599305;-0.00893659369365622;1.10611572498366;-0.0473737438806684;2.11202341696959
71730;-3691714.57517349;2892841.32702524;5415541.99340214;-6461.60791012518;-1335.343504379;-3271.68874707673;6988505.70495188;0.0498737821205604;-0.00763717082216951;1.10613024722408;-0.0474003787014483;2.14158798707137
71760;-3883737.29273484;2851381.61747485;5314768.59249804;-6338.9479153753;-1428.35457214656;-3445.88238477885;6988915.09632913;0.0498652770192945;-0.00634856627238557;1.10614514214326;-0.0474258934296649;2.17108189333235
71790;-4071994.69404705;2807157.35864691;5208829.01920364;-6210.61267587954;-1519.63518348332;-3616.07944586409;6989329.889077;0.0498519338593663;-0.00507966698124952;1.10616035048902;-0.0474502737262061;2.20051595079898
71820;-4256318.85845366;2760221.49686647;5097845.01740457;-6076.758299331;-1609.11689589808;-3782.15765707284;6989748.55108352;0.0498339229199753;-0.00383901001482344;1.10617581289783;-0.0474735093248699;2.22990067528109
71850;-4436546.57722688;2710628.99592596;4981941.92466135;-5937.54277759731;-1696.73364850717;-3943.99969946276;6990169.57624272;0.0498114479521559;-0.00263473548329545;1.10619147009461;-0.047495593963447;2.25924623376039
71880;-4612519.4075353;2658436.7661447;4861248.52484;-5793.12581801637;-1782.42172792275;-4101.4931240452;6990591.48803777;0.0497847439359165;-0.00147454289266651;1.10620726308372;-0.0475165253050162;2.28856239830974
71910;-4784083.72151058;2603703.59447375;4735896.90330264;-5643.6686853128;-1866.11973272623;-4254.53026558136;6991012.84278164;0.0497540747157479;-0.000365650858557841;1.10622313333116;-0.0475363048504242;2.31785850344933
71940;-4951090.75072735;2546490.07568421;4606022.30470478;-5489.33405384767;-1947.76853681404;-4403.00815508777;6991432.23253134;0.0497197305304576;0.000685239874272281;1.10623902293778;-0.0475549378428794;2.34714340688326
71970;-5113396.62640176;2486858.54466857;4471762.99343045;-5330.28586989755;-2027.3112518862;-4546.82843156614;6991848.28769293;0.0496820254522753;0.00167198014120624;1.10625487480367;-0.0475724331655379;2.37642545358214
72000;-5270862.41560501;2424873.00987717;4333260.1166809;-5166.68922364434;-2104.69318933249;-4685.89725343966;6992259.67933486;0.0496412947493099;0.00258900280610616;1.10627063278365;-0.0475888032329148;2.40571244320061
72030;-5423354.15377794;2360599.08790396;4190657.57021901;-4998.71023054531;-2179.8618217557;-4820.12521014563;6992665.12122801;0.0495978921847121;0.00343134993384647;1.10628624183409;-0.0476040638768992;2.4350116008441
72060;-5570742.87382336;2294103.93922936;4044101.86675827;-4826.51592174349;-2252.76674435667;-4949.42723430378;6993063.37163071;0.0495521872653361;0.0041946966469242;1.10630164815112;-0.0476182342280988;2.46432955122365
72090;-5712904.6320418;2225456.20512079;3893742.0069732;-4650.27414317062;-2323.35963639162;-5073.72251485044;6993453.2348374;0.049504562452277;0.00487537160202796;1.10631679930046;-0.0476313365931887;2.4936722962617
72120;-5849720.53116648;2154725.94568608;3739729.35309665;-4470.15346298908;-2391.59422289877;-5192.93441150085;6993833.56250921;0.0494554103453869;0.00547037400063829;1.10633164433906;-0.047643396328883;2.52304519623308
72150;-5981076.74074199;2081984.57906865;3582217.50505909;-4286.32308701469;-2457.42623687822;-5306.99037087531;6994203.25480478;0.0494051308537337;0.00597738702921707;1.10634613392878;-0.0476544417130989;2.552452954544
72180;-6106864.51508102;2007304.82176834;3421362.17911528;-4098.95278175962;-2520.81338209675;-5415.8218445998;6994561.26132905;0.0493541283639539;0.00639478760982996;1.10636022044242;-0.0476645038138272;2.5818996062661
72210;-6226980.209022;1930760.63006675;3257321.08889463;-3908.2128047325;-2581.7152966774;-5519.36420966781;6994906.58191749;0.0493028089185189;0.00672165233256526;1.10637385806224;-0.0476736163561735;2.61138851055201
72240;-6341325.29170014;1852427.14253115;3090253.82880352;-3714.27384163219;-2640.09351762257;-5617.55669132775;6995238.26727258;0.0492515774161183;0.00695775943676795;1.10638700287144;-0.0476818155879886;2.64092234706331
72270;-6449806.35853317;1772380.62356709;2920321.75970003;-3517.30695007193;-2695.91144640878;-5710.34228873865;6995555.41946878;0.0492008348465657;0.00710358671025296;1.10639961293868;-0.0476891401444524;2.67050311653898
72300;-6552335.14161211;1690698.40798538;2747687.8967546;-3317.48350947105;-2749.13431578117;-5797.66770361738;6995857.1923415;0.0491509755729085;0.00716030518400486;1.10641164839604;-0.0476956309119369;2.70013214562446
72330;-6648828.51867692;1607458.84654578;2572516.79940396;-3114.97517675322;-2799.72915786654;-5879.48327208113;6996142.7917749;0.0491023846736759;0.00712976851519847;1.10642307151074;-0.0477013308914245;2.7298100960658
72360;-6739208.52084562;1522741.25243613;2394974.46329939;-2909.95384749188;-2847.66477371454;-5955.74289987145;6996411.47590247;0.0490554353584549;0.00701449797350275;1.10643384675076;-0.0477062850617212;2.75953697835096
72390;-6823402.33925502;1436625.84864252;2215228.21414542;-2702.59162214591;-2892.91170436831;-6026.40400112944;6996662.55523381;0.0490104864701767;0.00681766297437197;1.10644394084482;-0.0477105402426621;2.78931216985189
72420;-6901342.33076048;1349193.71616332;2033446.60332014;-2493.06077703104;-2935.44220355815;-6091.42744087561;6996895.39271962;0.048967880087632;0.00654305713830609;1.10645332283681;-0.0477141449584709;2.81913443748541
72450;-6972966.02283144;1260526.74301683;1849799.30516368;-2281.53373967526;-2975.23021210377;-6150.77748133354;6997109.40376687;0.0489279392417604;0.00619506989602323;1.10646196413505;-0.0477171493014016;2.84900196486972
72480;-7038216.11776894;1170707.57399035;1664457.01581785;-2068.18306820949;-3012.25133410423;-6204.42173222214;6997304.05621436;0.0488909657591683;0.00577865370560735;1.1064698385566;-0.0477196047957584;2.87891238390774
72510;-7097040.49636116;1079819.56107578;1477591.35349597;-1853.18143444725;-3046.48281498755;-6252.33110512862;6997478.87027884;0.0488572382461018;0.00529928699785963;1.10647692236679;-0.0477215642623605;2.9088628106776
72540;-7149392.22108234;987946.714535008;1289374.76005913;-1636.70161031028;-3077.90352148586;-6294.47977206135;6997633.41848029;0.0488270102257135;0.00476293301915614;1.10648319431426;-0.0477230816834917;2.93884988545796
72570;-7195229.53893037;895173.654536429;1099980.40377197;-1418.91645725946;-3106.49392359613;-6330.84512827061;6997767.32555452;0.0488005084409059;0.0041759947958319;1.10648863566168;-0.0477242120683527;2.96886981666087
72600;-7234515.88398822;801585.563302135;909582.08310896;-1199.99891839318;-3132.23607858058;-6361.40775941378;6997880.26836027;0.0487779313343043;0.00354526649903061;1.10649323021228;-0.0477250113190085;2.99891842839004
72630;-7267219.8797841;707268.137703911;718354.13147957;-980.122012877385;-3155.11361705578;-6386.15141313123;6997971.97578688;0.0487594477160029;0.00287788154248903;1.10649696433243;-0.0477255360968084;3.0289912112886
72660;-7293315.34151533;612307.542244656;526471.322739431;-759.458832373869;-3175.11173121432;-6405.0629750887;6998042.22866817;0.0487451956286567;0.00218125779642396;1.10649982697038;-0.0477258436892372;3.0590833762901
72690;-7312781.27819088;516790.362360687;334108.777352547;-538.182539135075;-3192.21716521774;-6418.13244953294;6998090.85970674;0.0487352814182399;0.0014630403470556;1.10650180967123;-0.0477259918771432;3.08918991083975
72720;-7325601.89473762;420803.557979235;141441.869068701;-316.466365435205;-3206.41820779526;-6425.35294439736;6998117.75341269;0.0487297790174139;0.000731042271840387;1.10650290658828;-0.0477260388022755;3.11930563711247
72750;-7331766.59410547;324434.417264535;-51353.868020939;-94.4836140086253;-3217.70468707766;-6426.72066098602;6998122.84605913;0.0487287294469343;-6.81606596300503e-06;1.10650311449083;-0.0477260428350568;-3.1337600354587
72780;-7331269.97939665;227770.510485034;-244102.832187642;127.592340832611;-3226.06796769185;-6422.23488825504;6998106.1256568;0.0487321405389097;-0.00074256867431953;1.10650243276844;-0.047726062442509;-3.10364182079881
72810;-7324111.85603459;130899.643933598;-436629.4466665;349.588051729864;-3231.50095013684;-6411.89800170213;6998067.63194855;0.0487399868840438;-0.00146826599542301;1.10650086343174;-0.0477261560562447;-3.07353033819469
72840;-7310297.23397807;33909.8138319972;-628758.252293644;571.329996785269;-3233.99807245788;-6395.71546686624;6998007.45642408;0.0487522100032697;-0.00217603682196806;1.10649841110972;-0.0477263819404373;-3.04343082265026
72870;-7289836.32997637;-63110.839849464;-820314.000317541;792.644578373323;-3233.55531423114;-6373.69584743072;6997925.74235414;0.0487687187424454;-0.00285814951654689;1.10649508304357;-0.0477267980596829;-3.01334837184098
72900;-7262744.56985147;-160074.07972662;-1011121.74552225;1013.35812258531;-3230.17020286706;-6345.85081791489;6997822.68484281;0.0487893898870805;-0.00350707199617915;1.10649088907693;-0.0477274619466674;-2.98328788713114
72930;-7229042.59078322;-256891.617560057;-1201006.93979999;1233.29687963627;-3223.84182223634;-6312.19518093016;6997698.53089541;0.0488140689924096;-0.0041155299653502;1.10648584164263;-0.0477284305695634;-2.95325401635365
72960;-7188756.24356378;-353475.161107334;-1389795.52630938;1452.28702556569;-3214.57082361785;-6272.74688896773;6997553.57949879;0.0488425714225648;-0.00467656291077389;1.10647995574559;-0.0477297601990822;-2.92325109884232
72990;-7141916.59477748;-449736.461338429;-1577314.03435492;1670.15466556468;-3202.35943896377;-6227.5270706761;6997388.18170998;0.0488746835911514;-0.00518357740853724;1.10647324894214;-0.0477315062751233;-2.89328311316952
73020;-7088559.92885222;-545587.360083769;-1763389.67512134;1886.72583926491;-3187.2114964721;-6176.56006157679;6997202.74074812;0.0489101643942265;-0.00563039733804705;1.10646574131521;-0.0477337232729729;-2.86335362799789
73050;-7028727.74991867;-640939.838183881;-1947850.43839538;2101.82652832659;-3169.13243845236;-6119.873439157;6996997.71208399;0.048948746825511;-0.00601131064606399;1.1064574554456;-0.0477364645690179;-2.83346575640625
73080;-6962466.78340296;-735706.064209175;-2130525.19040503;2315.28266666573;-3148.12934146504;-6057.49806226763;6996773.60352018;0.0489901397626912;-0.00632111235650778;1.10644841637895;-0.0477397823059622;-2.80362211399728
73110;-6889828.97726879;-829798.443817709;-2311243.77290434;2526.92015366394;-3124.21093871012;-5989.46811474411;6996530.97525461;0.0490340299128413;-0.00655514357619107;1.10643865158828;-0.0477437272575511;-2.77382478104
73140;-6810871.50281413;-923129.669817987;-2489837.10362899;2736.56487070698;-3097.38764463465;-5915.8211531563;6996270.4399186;0.04908008390437;-0.00670932630157616;1.10642819093194;-0.0477483486928312;-2.74407526884514
73170;-6725656.75491748;-1015612.77300282;-2666137.27824499;2944.04270140186;-3067.67158172337;-5836.59815858147;6995992.66258035;0.0491279505124271;-0.00678019388574636;1.10641706660664;-0.0477536942400008;-2.71437449051752
73200;-6634252.351618;-1107161.17381915;-2839977.67390949;3149.17955582542;-3035.07660943017;-5751.8435922817;6995698.36070357;0.0491772630043987;-0.00676491707642205;1.10640531309547;-0.0477598097499333;-2.68472273617752
73230;-6536731.13290331;-1197688.73493728;-3011193.05455882;3351.80139916122;-2999.61835520185;-5661.60545515354;6995388.30404999;0.049227641591974;-0.00666132558405947;1.10639296711049;-0.0477667391594844;-2.65511965269577
73260;-6433171.15856785;-1287109.81478159;-3179619.67803474;3551.73428508462;-2961.31424753823;-5565.93535080327;6995063.31451402;0.0492786959762427;-0.00646792518247105;1.1063800675298;-0.0477745243547299;-2.62556422794162
73290;-6323655.70499384;-1375339.32208275;-3345095.40515544;3748.80439425954;-2920.18355102577;-5464.88855208589;6994724.2658765;0.049330027972359;-0.00618391038257589;1.10636665532867;-0.047783205034314;-2.59605477950764
73320;-6208273.26069623;-1462292.77150973;-3507459.81083231;3942.83807831356;-2876.24740327343;-5358.52407092977;6994372.08346412;0.0493812342004941;-0.00580917275160675;1.10635277350452;-0.0477928185731281;-2.56658894784071
73350;-6087117.52046148;-1547886.34043737;-3666554.29732849;4133.66190966085;-2829.52885367132;-5246.90473125144;6994007.74369991;0.0494319088300116;-0.0053443049755034;1.10633846699549;-0.0478033998865768;-2.53716369368465
73380;-5960287.37789937;-1632036.92690302;-3822222.20974839;4321.10273754493;-2780.05290388374;-5130.09724474683;6993632.27352972;0.049481646364073;-0.00479060078068297;1.10632378259228;-0.0478149812957358;-2.50777529972088
73410;-5827886.91621548;-1714662.20880274;-3974308.95384136;4504.98775067558;-2727.84654997839;-5008.17228932561;6993246.74970869;0.0495300444521409;-0.00415005084296708;1.10630876884289;-0.047827592393744;-2.47841937628187
73440;-5690025.39700103;-1795680.70437455;-4122662.11619478;4685.14454683516;-2672.93882608344;-4881.2045899348;6992852.29793132;0.0495767067180875;-0.00342533481651088;1.10629347595023;-0.0478412599138263;-2.44909087100679
73470;-5546817.24682526;-1875011.83401291;-4267131.58688429;4861.40120983095;-2615.36084945336;-4749.27300149555;6992450.09178776;0.0496212455918192;-0.00261980961418931;1.10627795566197;-0.0478560075993857;-2.4197840823103
73500;-5398382.04140429;-1952575.98345466;-4407569.68464019;5033.5863941692;-2555.14586681279;-4612.46059365418;6992041.35152898;0.0496632851324445;-0.00173749406381123;1.10626226115272;-0.047871856076657;-2.390492676542
73530;-5244844.48710938;-2028294.56837257;-4543831.28457951;5201.52941782605;-2492.32930183537;-4470.85473702384;6991627.34262252;0.0497024638310479;-0.000783050052085729;1.10624644689808;-0.0478888227304651;-2.36120970872673
73560;-5086334.39956578;-2102090.10040854;-4675773.94854331;5365.06036348744;-2426.94880360179;-4324.54719056724;6991209.37408067;0.0497384373810525;0.000238239748443368;1.10623056854035;-0.0479069215836821;-2.33192764679186
73590;-4922986.67908289;-2173886.25467298;-4803258.05806802;5524.01018862671;-2359.04429586726;-4173.63418974382;6990788.79654255;0.0497708814039425;0.00132049749477594;1.10621468274581;-0.0479261631810323;-2.30263839920866
73620;-4754941.28264485;-2243607.9387321;-4926146.95000755;5678.21084478279;-2288.65802695436;-4018.21653501617;6990367.00009154;0.0497994941177802;0.0024572790794142;1.10619884705336;-0.0479465544779449;-2.27333334599696
73650;-4582343.19218047;-2311181.36309894;-5044307.05481057;5827.49540639497;-2215.83462007194;-3858.39968028035;6989945.41178991;0.0498239989354426;0.00364160630006697;1.10618311971432;-0.0479680987352103;-2.24400337306742
73680;-4405342.37882021;-2376534.11323766;-5157608.03744383;5971.6982095405;-2140.62112384468;-3694.2938207537;6989525.49291246;0.0498441469788716;0.00486600229146897;1.10616755952337;-0.047990795420244;-2.21463890990025
73710;-4224093.76283854;-2439595.22308396;-5265922.94093775;6110.65500091026;-2063.06706282119;-3526.01397982092;6989108.73586198;0.0498597194948217;0.00612253024261121;1.10615222564064;-0.0480146401158184;-2.18522997058422
73740;-4038757.1689692;-2500295.25007739;-5369128.3325151;6244.20309734301;-1983.224487711;-3353.68009430546;6988696.66074977;0.0498705301566526;0.00740283544589326;1.10613717740486;-0.0480396244371643;-2.15576619826234
73770;-3849497.27677236;-2558566.35169335;-5467104.45224725;6372.1815562223;-1901.14802508254;-3177.41709759804;6988290.81162578;0.0498764272356236;0.00869819074444725;1.10612247413771;-0.0480657359583965;-2.12623691305021
73800;-3656483.56572336;-2614342.36345433;-5559735.36416449;6494.43135701995;-1816.89492623513;-2997.35500003804;6987892.75234415;0.0498772956239551;0.0099995454603354;1.10610817493953;-0.0480929581492562;-2.09663116350892
73830;-3459890.25468458;-2667558.87839122;-5646909.10972874;6610.7955942465;-1730.52511493872;-2813.62896590624;6987504.0620515;0.0498730586906108;0.0112975778957276;1.1060943384766;-0.0481212703232008;-2.06693778176355
73860;-3259896.23541478;-2718153.32791566;-5728517.86355669;6721.11968204225;-1642.10123371437;-2626.37938634947;6987126.33028756;0.0498636799493983;0.012582751502985;1.10608102276027;-0.048150647597906;-2.03714544236143
73890;-3056684.99976356;-2766065.0640547;-5804458.09126075;6825.25157061119;-1551.68868830827;-2435.75194751899;6986761.15168964;0.0498491645175755;0.0138453748134779;1.10606828491834;-0.048181060869269;-2.00724272495811
73920;-2850444.56019299;-2811235.44298789;-5874630.70925295;6923.04197466483;-1459.35568999065;-2241.89769316524;6986410.12029552;0.0498295603417741;0.0150756651998383;1.10605618095924;-0.0482124768000213;-1.97721818090302
73950;-2641367.36326409;-2853607.90981601;-5938941.24633361;7014.34461400304;-1365.17329528934;-2044.9730808926;6986074.82344211;0.0498049591667253;0.0162638165190538;1.10604476552954;-0.0482448578240696;-1.94706040376913
73980;-2429650.19572284;-2893128.08447802;-5997300.00686215;7099.01646631356;-1269.21544274643;-1845.14003123823;6985756.83526082;0.0497754972210931;0.0174000706437931;1.10603409166539;-0.0482781621676826;-1.91675810383036
74010;-2215494.0828184;-2929743.84872084;-6049622.23528174;7176.91803222217;-1171.55898626434;-1642.56596870064;6985457.7097744;0.0497413555937316;0.0184747928350244;1.10602421053899;-0.0483123438886327;-1.88630018643554
74040;-1999104.17848631;-2963405.43401259;-6095828.28174275;7247.91361256894;-1072.2837245864;-1437.42385380557;6985178.97360432;0.049702760272988;0.0194785508389868;1.10601517120063;-0.0483473529343785;-1.85567583415711
74070;-1780689.64703097;-2994065.51027638;-6135843.76854181;7311.87159782447;-971.472426435559;-1229.89220526031;6984922.11830234;0.0496599818213502;0.0204021975053079;1.10600702031764;-0.0483831352203397;-1.82487459250574
74100;-1560463.53594547;-3021679.27530689;-6169599.7570647;7368.664769492;-869.210850814293;-1020.15511121265;6984688.59232521;0.0496133346578886;0.0212369566196354;1.10599980191132;-0.0484196327292652;-1.79388645889832
74130;-1338642.63951219;-3046204.54471702;-6197032.91489077;7418.17061326672;-765.587761949035;-808.402228598265;6984479.79267657;0.0495631759216827;0.0219745115238163;1.10599355709304;-0.048456783632633;-1.76270197444517
74160;-1115447.35283614;-3067601.8422458;-6218085.68268623;7460.2716436423;-660.694938343657;-594.828769530706;6984297.05624643;0.0495099038908436;0.0226070959596143;1.10598832380111;-0.048494522434938;-1.73131231798526
74190;-891101.51597323;-3085834.49024268;-6232706.44048128;7494.85573956726;-554.627175389437;-379.635473662512;6984141.6508843;0.0494539559339787;0.0231275864201059;1.10598413653977;-0.0485327801416285;-1.69970940164502
74220;-665832.247829062;-3100868.70012634;-6240849.67289405;7521.81649065839;-447.482280963496;-163.028565424057;6984014.76624888;0.0493958059740795;0.0235295951275476;1.10598102612216;-0.0485714844513347;-1.66788596703075
74250;-439869.769520353;-3112673.66259914;-6242476.13283103;7541.05355337709;-339.36106343455;54.7803049693599;6983917.50448385;0.0493359614489692;0.023807562582311;1.10597901941885;-0.0486105599729015;-1.6358356809895
74280;-213447.216910215;-3121221.63738034;-6237553.00316022;7552.47301646568;-230.367311484252;273.574137862286;6983850.87077605;0.0492749597576892;0.023956848447592;1.10597813911392;-0.0486499284675847;-1.6035532296926
74310;13199.5579484604;-3126488.04220376;-6226054.05581961;7555.98777482557;-120.607765144954;493.130678979326;6983815.76385951;0.0492133641886072;0.0239738193559281;1.10597840347067;-0.0486895091165981;-1.57103440961671
74340;239832.196701002;-3128451.54080733;-6207959.80778995;7551.51791089718;-10.1920774508092;713.22253384017;6983812.96653592;0.049151759332623;0.0238559320523724;1.10597982610877;-0.0487292188140124;-1.53827621382552
74370;466210.056119694;-3127094.12962377;-6183257.67332725;7538.99108247393;100.767233900701;933.617302875767;6983843.13628865;0.0490907459936191;0.0236018101343494;1.10598241579538;-0.0487689724847947;-1.50527691179931
74400;692090.441248603;-3122401.22286377;-6151942.11181773;7518.3429157489;212.154845474991;1154.07773832918;6983906.79607474;0.0490309356182056;0.0232113125183649;1.10598617625215;-0.0488086834275569;-1.47203612092941
74430;917228.850401723;-3114361.73566528;-6114014.77058575;7489.51740225506;323.85269820265;1374.36192399104;6984004.32538527;0.0489729442777215;0.0226855916701308;1.10599110598055;-0.048848263681334;-1.4385548677002
74460;1141379.2321094;-3102968.16496485;-6069484.62195464;7452.46729821715;435.740079230551;1594.22347877427;6984135.95167069;0.0489173862472143;0.0220271395858005;1.10599719810779;-0.0488876244154612;-1.40483563653173
74490;1364294.25406132;-3088216.66773026;-6018368.09383063;7407.1545246887;547.693716072839;1813.41178507435;6984301.7422331;0.0488648672384722;0.02123981952066;1.10600444025567;-0.0489266763413441;-1.37088240426424
74520;1585725.58404341;-3070107.1361776;-5960689.19305329;7353.55056670033;659.58788358437;2031.67224278981;6984501.59669187;0.0488159773568354;0.0203288815342758;1.10601281443451;-0.0489653301446373;-1.33670065833801
74550;1805424.18281055;-3048643.26958068;-5896479.62073041;7291.63686949837;771.294524243495;2248.74654979102;6984735.24013301;0.048771283864078;0.0193009600682157;1.10602229696468;-0.0490034969360546;-1.30229739686846
74580;2023140.60877708;-3023832.64226662;-5825778.87875341;7221.40522980678;882.683382187636;2464.37300952357;6985002.21705495;0.0487313238416995;0.0181640519970715;1.10603285842754;-0.0490410887187404;-1.26768110904091
74610;2238625.33434311;-2995686.76737923;-5748634.3666703;7142.8581799024;993.622151393599;2678.28686631465;6985301.88622508;0.0486965968600273;0.0169274738992198;1.10604446364821;-0.0490780188698313;-1.23286173455448
74640;2451629.07360611;-2964221.15598051;-5665101.46807839;7056.00936215549;1103.97663833452;2890.22066881642;6985633.41656108;0.0486675577680854;0.0156017976780617;1.10605707171186;-0.0491142026335441;-1.19785060122914
74670;2661903.12113484;-2929455.3710519;-5575243.62568781;6960.88389155698;1213.61093937656;3099.90466186907;6985995.78414971;0.0486446097267456;0.0141987641211653;1.10607063601528;-0.049149557622833;-1.16266034034593
74700;2869199.70140655;-2891413.07595018;-5479132.40420129;6857.51870363259;1322.38763310077;3307.06720689799;6986387.77051215;0.0486280976127328;0.0127311745030801;1.10608510435551;-0.0491840043263827;-1.12730477980933
74730;3073272.32842867;-2850122.07686839;-5376847.54015455;6745.96288503496;1430.16798764871;3511.43523077417;6986807.96221991;0.0486183019231997;0.0112127609017376;1.10610041905654;-0.0492174666174349;-1.09179881578441
74760;3273876.17498355;-2805614.35885093;-5268476.97786714;6626.27798401047;1536.812183095;3712.73470286525;6987254.75195836;0.0486154333094472;0.00965803648872329;1.10611651713537;-0.0492498722607073;-1.0561582640524
74790;3470768.45084929;-2757926.11491324;-5154116.89066474;6498.53829786064;1642.17954874518;3910.69113978735;6987726.34112544;0.0486196278637156;0.00808212764689303;1.10613333050807;-0.049281153413438;-1.02039969292173
74820;3663708.78926274;-2707097.76782105;-5033871.68655202;6362.83113446085;1746.12881514503;4105.03013713525;6988220.74404228;0.0486309432747021;0.00650059033954846;1.10615078623623;-0.0493112471164052;-0.984540240102722
74850;3852459.64080186;-2653173.98409289;-4907853.99754085;6219.2570448654;1848.51838046646;4295.4779272231;6988735.79383864;0.0486493559556138;0.0049292136777413;1.10616880681392;-0.0493400957706151;-0.948597416477277
74880;4036786.67377512;-2596203.67980084;-4776184.65187099;6067.93002401945;1949.20659080799;4481.76196161062;6989269.15006128;0.0486747592333529;0.00338381408054254;1.10618731049479;-0.0493676475952376;-0.912588900143806
74910;4216459.18011698;-2536240.01776091;-4638992.62840158;5908.97767661812;2048.05203381366;4663.61151692275;6989818.30803547;0.0487069626692088;0.00188002377596937;1.10620621165861;-0.0493938570623021;-0.876532324471479
74940;4391250.48569976;-2473340.39572405;-4496414.99250033;5742.54134520346;2144.91384487595;4840.75832219737;6990380.60999086;0.0487456925607;0.000433077628632256;1.10622542121594;-0.0494186853036448;-0.840445064137306
74970;4560938.36388661;-2407566.42520308;-4348596.81281461;5568.77619767276;2239.65202504553;5012.93720571755;6990953.25794196;0.0487905936516106;-0.000942397607623291;1.10624484704958;-0.0494421004856332;-0.80434402323298
75000;4725305.45106685;-2338983.90059937;-4195691.05837392;5387.85127148938;2332.1277696264;5179.88675900649;6991533.32829111;0.0488412320534786;-0.00223258753346272;1.10626439449045;-0.0494640781472814;-0.768245429510124
75030;4884139.66283594;-2267662.75832572;-4037858.47554722;5199.94947204056;2422.20380629002;5341.35001538696;6992117.78809803;0.0488970993576182;-0.00342468391597069;1.10628396682559;-0.0494846014975188;-0.732164638683688
75060;5037234.60940864;-2193677.02565925;-3875267.44446058;5005.26752277679;2509.74474139824;5497.07514023802;6992703.51293595;0.0489576178929246;-0.00450706441285048;1.10630346583534;-0.0495036616675804;-0.696115952442526
75090;5184390.00878598;-2117104.75909946;-3708093.81457031;4804.01586499517;2594.61741308517;5646.81612982292;6993287.30622905;0.049022147061986;-0.00546945493296002;1.10632279235623;-0.0495212579147559;-0.660112453438041
75120;5325412.09613667;-2038027.97205206;-3536520.71918468;4596.41850539343;2676.69124951325;5790.33351531821;6993865.91994136;0.049089990667061;-0.00630307182476954;1.10634184686577;-0.0495373977740635;-0.624165860056128
75150;5460114.02780154;-1956532.55170874;-3360738.36883126;4382.71280982263;2755.83863059242;5927.39506844981;6994436.0764623;0.0491604051188312;-0.0070007416159748;1.10636053008517;-0.0495520971547973;-0.588286403247983
75180;5588316.27828775;-1872708.16504615;-3180943.82347844;4163.14924200205;2831.93525133436;6057.7765049409;6994994.4915108;0.0492326084049712;-0.00755699659787305;1.10637874359524;-0.0495653803793448;-0.552482727127075
75210;5709847.02858747;-1786648.15392376;-2997340.74373557;3937.99104632827;2904.86048490978;6181.26218180373;6995537.8978575;0.0493057896827753;-0.00796814513176619;1.10639639046073;-0.0495772801621625;-0.516761814458076
75240;5824542.54413585;-1698449.41931962;-2810139.12127806;3707.51387430863;2974.49774338676;6297.6457843669;6996063.06964419;0.0493791193505084;-0.0082323161269595;1.10641337585805;-0.0495878375273414;-0.481128937593456
75270;5932247.54071531;-1608212.29480487;-2619554.98886809;3472.00535457308;3040.7348340551;6406.73099882534;6996566.8470618;0.049451759445863;-0.00834947768015539;1.10642960770097;-0.0495971016637788;-0.445587634875526
75300;6032815.53661818;-1516040.40942157;-2425810.11046945;3231.76460686473;3103.46430918742;6508.33216603537;6997046.16113323;0.0495228742167859;-0.00832143035608906;1.10644499725891;-0.049605129717592;-0.410139712033909
75330;6126109.18939904;-1422040.54019333;-2229131.65208358;2987.10170087149;3162.58380705348;6602.27491225481;6997498.05833565;0.0495916407098364;-0.00815177601672404;1.10645945976218;-0.049611986522056;-0.374785267683285
75360;6212000.61558067;-1326322.45456431;-2029751.83406279;2738.3370612355;3217.99638199216;6688.39675255168;6997919.72478888;0.0496572592238566;-0.00784586346273843;1.10647291498874;-0.0496177442660095;-0.33952274167209
75390;6290371.69172504;-1228998.74312736;-1827907.56578387;2485.80082055561;3269.61082135698;6766.54766267473;6998308.50973269;0.0497189634817979;-0.00741071243316795;1.10648528782669;-0.0496224821023526;-0.304348984752962
75420;6361114.33534238;-1130184.64306775;-1623840.06368999;2229.832122676;3317.34194718549;6836.59061529745;6998661.94801632;0.0497760303806832;-0.00685491771800206;1.1064965088074;-0.0496262856989233;-0.269259347838956
75450;6424130.76418715;-1029997.85281215;-1417794.45382889;1970.77837902342;3361.11090050334;6898.40207671394;6998977.78132837;0.0498277891885617;-0.00618853527864338;1.10650651460374;-0.0496292467347112;-0.234247788971508
75480;6479333.73257945;-928558.338434102;-1210019.36013012;1708.99448121048;3400.84540625744;6951.87246027977;6999253.977905;0.0498736300676027;-0.00542295235040405;1.10651524848872;-0.0496314623449984;-0.199306996048856
75510;6526646.74349376;-825988.132425976;-1000766.47977127;1444.84197355473;3436.48001698163;6996.90653315215;6999488.75046814;0.0499130118138383;-0.0045707435291085;1.10652266074966;-0.0496330345196321;-0.164428523337526
75540;6566004.23527207;-722411.125502222;-790290.147082181;1178.68818956797;3467.95633343029;7033.42377318967;6999680.5721642;0.0499454687162764;-0.00364551483171692;1.10652870905387;-0.0496340694591956;-0.129602939803358
75570;6597351.74194615;-617952.852149388;-578846.887525179;910.905356838956;3495.22320056948;7061.35867321834;6999828.19029632;0.0499706164508812;-0.00266173767995066;1.10653335876189;-0.0496346768943637;-0.0948199873409786
75600;6620646.02629124;-512740.270684251;-366694.963367404;641.869675060936;3518.23687749054;7080.66099025549;6999930.63766965;0.0499881569381094;-0.00163457469775574;1.10653658318514;-0.0496349693741824;-0.0600687470400752
75630;6635855.1848803;-406901.538621466;-154093.912727533;371.960372236898;3536.96118000446;7091.29593769963;6999987.24139931;0.0499978821061432;-0.000579699148648192;1.10653836378521;-0.0496350615294006;-0.0253378116927507
75660;6642958.72456267;-300565.784186341;58695.9162677869;101.558744325446;3551.36759488512;7093.24431893884;6999997.62906308;0.0499996765155522;0.000486890223257084;1.10653869031271;-0.0496350693172988;0.00938453719064669
75690;6641947.60995152;-193862.874835994;271413.834442901;-168.952816234627;3561.43536495284;7086.50260129609;6999961.73211625;0.0499935188148037;0.00154905723652775;1.10653756088417;-0.0496351092546906;0.0441101495373582
75720;6632824.28166948;-86923.1836728649;483799.281847418;-439.191797566369;3567.1515444231;7071.08292971061;6999879.7865225;0.0499794820097614;0.00259071752359566;1.10653498199627;-0.0496352976459232;0.0788508256838372
75750;6615602.64526974;20122.6453517078;695592.297534944;-708.776545352006;3568.51102418616;7047.01308004379;6999752.33059223;0.049957732544056;0.00359602732905765;1.10653096847708;-0.0496357498127709;0.113618135791477
75780;6590308.03091797;127143.932539851;906533.987039498;-977.327234178901;3565.516526928;7014.33635238897;6999580.20005761;0.0499285282009413;0.00454957018831677;1.10652554337501;-0.049636579333086;0.14842324134082
75810;6556977.12408805;234010.196952397;1116366.98576149;-1244.46682769309;3558.17857224773;6973.11140524992;6999364.52045048;0.0498922148509945;0.0054365397928241;1.10651873778653;-0.049637897294964;0.183276720365911
75840;6515657.86768899;340591.389422261;1324835.91650823;-1509.82202214483;3546.51541216893;6923.41203192624;6999106.69688532;0.0498492220837131;0.00624291730299995;1.10651059062452;-0.0496398115729826;0.218188398136154
75870;6466409.33620026;446758.123196699;1531687.83948098;-1773.02416809369;3530.55293767754;6865.32688089894;6998808.4013834;0.049800057774718;0.00695564131151229;1.10650114832966;-0.0496424261327937;0.253167185052286
75900;6409301.58254636;552381.901351548;1736672.69306084;-2033.71016527817;3510.32455714509;6798.95912243915;6998471.55790515;0.0497453016537964;0.00756276859479788;1.10649046452803;-0.0496458403699946;0.288220923588796
75930;6344415.45858711;657335.340149603;1939543.72381856;-2291.52332594272;3485.87104770924;6724.42606406311;6998098.32528636;0.0496855979523383;0.00805362372820953;1.10647859963814;-0.0496501484887776;0.323356246178937
75960;6271842.41023633;761492.387550404;2140057.90425762;-2546.11420224819;3457.24038088176;6641.8587178207;6997691.07829805;0.0496216472217288;0.0084189355901056;1.10646562043188;-0.0496554389253657;0.358578445989881
75990;6191684.24834749;864728.536119593;2337976.33689451;-2797.14137376466;3424.48752383393;6551.40132272968;6997252.38707021;0.049554197426726;0.00865095875338193;1.10645159955342;-0.0496617938206994;0.393891362564056
76020;6104052.89661885;966921.029631948;2533064.6433838;-3044.27219145257;3387.67421797038;6453.21082594981;6996784.9951359;0.0494840344296692;0.00874357777143025;1.10643661500116;-0.049669288546249;0.429297284295942
76050;6009070.11787182;1067949.06271268;2725093.33750719;-3287.18347497178;3346.86873654104;6347.45632652677;6996291.79636374;0.0494119719921541;0.00869239242004603;1.10642074957781;-0.0496779912861968;0.464796869660985
76080;5906867.22014458;1167693.97291584;2913838.18096344;-3525.56216061259;3302.14562315741;6234.31848572485;6995775.81105388;0.0493388414303866;0.00849478206838551;1.10640409031376;-0.0496879626785848;0.500389089003757
76110;5797584.74411703;1266039.42469623;3099080.52101899;-3759.10589761071;3253.58541317283;6113.98890810726;6995240.16147486;0.0492654810683902;0.00814994752900997;1.10638672786948;-0.0496992555173515;0.536071188517639
76140;5681372.13344312;1362871.58479089;3280607.60920523;-3987.52359108273;3201.27433995497;5986.6694976152;6994688.04711725;0.0491927256393022;0.00765892898585415;1.10636875592235;-0.0497119145165071;0.571838677801769
76170;5558387.38961255;1458079.28858812;3458212.90037684;-4210.53589029347;3145.30402812527;5852.57179294079;6994122.71993324;0.0491213957887428;0.00702459892180307;1.10635027054352;-0.0497259761370298;0.607685342060346
76200;5428796.71299526;1551554.19712433;3631696.33157438;-4427.87562143495;3085.77117586156;5711.91628648713;6993547.45982209;0.0490522878354387;0.00625162936386678;1.1063313695704;-0.0497414684764052;0.643603279615411
76230;5292774.13174001;1643190.94441216;3800864.58026275;-4639.28816455333;3022.77722836058;5564.93173116315;6992965.55060679;0.0489861639425289;0.00534643322688533;1.10631215198006;-0.0497584112201038;0.679582964943552
76260;5150501.12020252;1732887.27486585;3965531.30164308;-4844.53177469887;2956.42804453519;5411.85443917386;6992380.25673178;0.0489237428481752;0.004317080056487;1.10629271726885;-0.0497768156536844;0.715613336929491
76290;5002166.20857012;1820544.17065158;4125517.34485895;-5043.37784779054;2886.83355898016;5252.927576842;6991794.80089127;0.048865691295998;0.00317318703220953;1.10627316484307;-0.0497966847336553;0.751681911471557
76320;4847964.58532917;1906065.96885045;4280650.94803642;-5235.6111320771;2814.10744118047;5088.40045933872;6991212.3427769;0.0488126162945193;0.00192578667332653;1.10625359342549;-0.0498180132147012;0.787774916994628
76350;4688097.69418961;1989360.46838038;4430767.91221098;-5421.02988643672;2738.36675386018;4918.52784901196;6990635.95911006;0.0487650583202693;0.000587173269565884;1.10623410048205;-0.0498407878304228;0.823877450848589
76380;4522772.8270387;2070339.02667809;4575711.75430201;-5599.44598708457;2659.73161227975;4743.5692607872;6990068.62510024;0.0487234855617865;-0.000829269388561777;1.10621478167255;-0.049864987524318;0.859973654019882
76410;4352202.71444448;2148916.64619586;4715333.83939619;-5770.68498455099;2578.32484618665;4563.7882778796;6989513.19744581;0.0486882892817505;-0.00230925590527527;1.10619573032907;-0.0498905837273841;0.896046901085805
76440;4176605.11516961;2225012.0508165;4849493.49269457;-5934.5861130496;2494.27166601138;4379.45188080411;6988972.39896856;0.0486597803524745;-0.00383779930403581;1.10617703696521;-0.0499175406784206;0.932080001920769
76470;3996202.40608932;2298547.75233658;4978058.09156376;-6091.00225457501;2407.69933478009;4190.8297924049;6988448.80494883;0.0486381869965638;-0.00539941936081655;1.10615878881879;-0.0499458157828818;0.96805541134201
76500;3811221.17383415;2369450.10720963;5100903.13820932;-6239.79986025329;2318.73684708777;3998.19384135219;6987944.83120405;0.0486236537404255;-0.00697835521889193;1.10614106943034;-0.0499753600059495;1.00395544267681
76530;3621891.80940013;2437649.3637798;5217912.31355844;-6380.85883161569;2227.51461634529;3801.81734627653;6987462.72393012;0.0486162415642482;-0.00855877817836823;1.10612395825914;-0.050006118295385;1.03976248115523
76560;3428448.1068873;2503079.70027078;5328977.51300023;-6514.07236457842;2134.16417138022;3601.97452243201;6987004.55130406;0.0486159292088355;-0.0101250006066541;1.10610753033824;-0.0500380300296581;1.07545919308646
76590;3231126.86744246;2565679.25382498;5433998.86468443;-6639.3467589896;2038.81786333805;3398.93991250382;6986572.19682579;0.0486226155780155;-0.0116616770983928;1.10609185596931;-0.0500710294868498;1.11102872696064
76620;3030167.50939575;2625390.14091458;5532884.73112361;-6756.60119665126;1941.60858369835;3192.98784290557;6986167.35435888;0.0486361231559111;-0.0131539943165245;1.1060770004579;-0.0501050463298692;1.14645490292174
76650;2825811.68549282;2682158.46946857;5625551.69488045;-6865.76749074145;1842.66949409076;2984.3919066495;6985791.52481387;0.0486562023417273;-0.0145878463538912;1.1060630238892;-0.050140006103622;1.18172238746607
76680;2618302.908037;2735934.3430784;5711924.52915056;-6966.78980955089;1742.1337684704;2773.4244736222;6985446.01440319;0.0486825365912983;-0.0159499929467725;1.10604998094405;-0.0501758307399024;1.21681685071342
76710;2407886.18266839;2786671.85765988;5791936.15407225;-7059.62437741378;1640.13434809182;2560.35622885917;6985131.93438496;0.0487147482447401;-0.0172281984238937;1.10603792075464;-0.0502124390659542;1.25172510415052
76740;2194807.65142197;2834329.0909605;5865527.57960941;-7144.23915565532;1536.80370960605;2345.45573918787;6984850.20220242;0.0487524049132581;-0.0184113498609367;1.10602688679888;-0.0502497473128532;1.28643521733362
76770;1979314.24562238;2878868.08530937;5932647.83586155;-7220.61350630165;1432.27364649769;2128.98904839959;6984601.54391803;0.0487950262954644;-0.0194895535053745;1.10601691683235;-0.0502876696200978;1.32093661263188
76800;1761653.34909288;2920254.82401189;5993253.89165665;-7288.73784120516;1326.6750639783;1911.21930091766;6984386.49783508;0.0488420912942439;-0.0204542091152975;1.10600804285638;-0.0503261185330483;1.35522013767224
76830;1542072.4720772;2958459.20179354;6047310.56227915;-7348.61325913023;1220.13778735959;1692.40639375374;6984205.41919542;0.0488930453090075;-0.0212980623973401;1.10600029112044;-0.0503650054901335;1.38927811568815
76860;1320818.93619902;2993454.98969631;6094790.40717654;-7400.25117322628;1112.79038384464;1472.80665638456;6984058.48583987;0.0489473075846499;-0.0220152362150547;1.10599368215717;-0.0504042412970229;1.42310437446041
76890;1098139.5707125;3025219.79482857;6135673.61847488;-7443.67293118646;1004.75999759869;1252.67255803977;6983945.70471669;0.0490042785072523;-0.0226012416573828;1.10598823084793;-0.0504437365852643;1.45669425495677
76920;874280.420230571;3053735.01536368;6169947.90111623;-7478.909430256;896.172197891624;1032.25244176597;6983866.91912458;0.0490633467470122;-0.0230529703985673;1.10598394651681;-0.0504834022531767;1.49004460111815
76950;649486.46405472;3078985.79117573;6197608.3454106;-7506.00072911442;787.150840043368;811.790284522979;6983821.81657856;0.0491238961605512;-0.0233686700422963;1.10598083305078;-0.0505231498870917;1.52315373250061
76980;424001.34717154;3100960.95049162;6218657.29277081;-7524.99565851364;677.81793884973;591.525482475159;6983809.93719045;0.0491853123771437;-0.0235479043243651;1.10597888904389;-0.0505628921613262;1.55602140166311
77010;198067.122926846;3119652.95292865;6233104.19537274;-7535.95143241053;568.29355412018;371.69266056218;6983830.68245964;0.0492469890060717;-0.0235915001538976;1.10597810796296;-0.0506025432155563;1.58864873829663
77040;-28075.9926617064;3135057.82927484;6240965.4704546;-7538.9332611895;458.695687919926;152.521505369272;6983883.3243753;0.0493083334148477;-0.0235014835094631;1.10597847833275;-0.0506420190085383;1.62103818212548
77070;-254189.855038387;3147175.11835661;6242264.34993908;-7534.01396842953;349.140193076205;-65.7633797339645;6983967.01473646;0.049368772040112;-0.0232810061824136;1.10597998393805;-0.0506812376473869;1.65319340658773
77100;-480038.61381596;3156007.80132479;6237030.72603032;-7521.2736125318;239.740692482558;-282.942598255956;6984080.7946029;0.0494277552043334;-0.0229342652851061;1.10598260404061;-0.0507201196918678;1.68511923522568
77130;-705388.924218921;3161562.23367571;6225300.99340525;-7500.79911438984;130.608508714381;-498.802064144134;6984223.60379641;0.0494847614218226;-0.0224664173266996;1.1059863136086;-0.0507585884333978;1.71682155260208
77160;-930010.147460802;3163848.07530915;6207117.88858581;-7472.68389215448;21.8526034539981;-713.133086359169;6984394.29037868;0.0495393011868616;-0.0218834885146628;1.10599108355661;-0.0507965701486588;1.74830721141248
77190;-1153674.54028258;3162878.21890979;6182530.32704457;-7437.02750402171;-86.4204737867642;-925.732435585281;6984591.62003936;0.0495909202448854;-0.0211922827750462;1.105996880994;-0.050833994327933;1.77958393729824
77220;-1376157.43390535;3158668.71692331;6151593.2385631;-7393.93529985317;-194.106628164356;-1136.40239419929;6984814.2853345;0.0496392023545908;-0.0204002888082909;1.10600366947977;-0.050870793878442;1.81066023268771
77250;-1597237.40267295;3151238.70738277;6114367.40132834;-7343.51808232722;-301.104253741409;-1344.95079061367;6985060.91472295;0.0496837715546126;-0.0195155873172653;1.10601140928207;-0.0509069053031375;1.84154528081231
77280;-1816696.42267959;3140610.33882532;6070919.2752193;-7285.89177821259;-407.314259982962;-1551.19101909503;6985330.08135478;0.0497242939530439;-0.0185467593665827;1.10602005764072;-0.0509422688555293;1.872248850866
77310;-2034320.02069384;3126808.69452364;6021320.83470355;-7221.17712025787;-512.640091024542;-1754.9420461402;6985620.31157255;0.049760479061666;-0.0175027966626919;1.10602956903096;-0.0509768286712616;1.90278120510602
77340;-2249897.41370366;3109861.71624144;5965649.40173074;-7149.49934009803;-616.987738218315;-1956.02840446794;6985930.09309261;0.0497920806993757;-0.016393014385484;1.1060398954272;-0.0510105328772534;1.9331530085337
77370;-2463221.6394179;3089800.12770722;5903987.47897932;-7070.98787249326;-720.265746453935;-2154.28017565654;6986257.88283938;0.0498188974910832;-0.0152269670586175;1.10605098656517;-0.0510433336793076;1.96337524164957
77400;-2674089.67806804;3066657.3579857;5836422.58378179;-6985.7760711367;-822.38521473911;-2349.53296242613;6986602.11441165;0.0498407729893795;-0.014014367817358;1.10606279020155;-0.051075187429162;1.99345911664816
77430;-2882302.56585977;3040469.46491196;5763047.0830248;-6894.00093619485;-923.259791511811;-2541.62785153084;6986961.20516459;0.0498575954466804;-0.0127650113218912;1.10607525236962;-0.051106054672017;2.02341599730614
77460;-3087665.50042814;3011275.05873958;5683958.02929163;-6795.8028536781;-1022.80566514148;-2730.41136819015;6987333.56289667;0.049869297265432;-0.0114887004698943;1.10608831763028;-0.0511359001756084;2.05325732272283
77490;-3289987.93865176;2979115.22614031;5599256.99848748;-6691.32534667856;-1120.94155006114;-2915.73542295113;6987717.59213471;0.0498758541534247;-0.0101951769850149;1.10610192931739;-0.0511646929419297;2.08299453499426
77520;-3489083.687182;2944033.45468003;5509049.92916164;-6580.71483845717;-1217.58866895593;-3097.45725183533;6988111.70001441;0.0498772840103932;-0.00889405589649957;1.10611602977678;-0.0511924062027168;2.11263901083991
77550;-3684770.98604176;2906075.55788299;5413446.96371587;-6464.12042731353;-1312.67073141668;-3275.43935058458;6988514.30175753;0.0498736455709801;-0.00759476387899036;1.10613056059818;-0.0512190173998179;2.14220199715459
77580;-3876872.58564579;2865289.60098465;5312562.29166404;-6341.69367312677;-1406.11390944984;-3449.54940378097;6988923.82574993;0.0498650368278707;-0.00630648138855548;1.10614546283973;-0.0512445081515609;2.17169455042424
77610;-4065215.81759032;2821725.82746163;5206513.99508595;-6213.58839541722;-1497.84681021759;-3619.66020957703;6989338.71822759;0.0498515932575403;-0.00503808851059751;1.10616067724439;-0.0512688642062187;2.20112747992379
77640;-4249632.65955528;2775436.58641652;5095423.89639622;-6079.96048274316;-1587.80044636444;-3785.64960073309;6989757.44758018;0.0498334858696681;-0.00379811442539433;1.10617614444815;-0.0512920753836499;2.23051129460436
77670;-4429959.79465559;2726476.26088486;4979417.40852926;-5940.96771321644;-1675.90820426883;-3947.4003626206;6990178.50828409;0.0498109190998662;-0.00259469039633304;1.10619180517962;-0.0513141355061606;2.25985615357658
77700;-4606038.66557182;2674901.19712169;4858623.38762172;-5796.769585894;-1762.10581054151;-4104.80014881255;6990600.42447806;0.0497841285640568;-0.00143550619323697;1.10620760045084;-0.0513350423195998;2.28917182010304
77730;-4777715.52378235;2620769.63491552;4733173.98825624;-5647.52716277855;-1846.33129707467;-4257.74139484549;6991021.75319689;0.049753378691561;-0.00032776987633195;1.10622347173926;-0.0513547974056604;2.31846761902614
77760;-4944841.47421119;2564141.63896909;4603204.52131268;-5493.40292114238;-1928.52496492988;-4406.12123070198;6991441.08727888;0.0497189602528451;0.000721829114876268;1.10623936116082;-0.0513734060863119;2.34775239757564
77790;-5107272.51559655;2505079.03137735;4468853.31445773;-5334.5606158705;-2008.62934733603;-4549.84139252802;6991857.05796448;0.0496811877968411;0.00170715360201408;1.10625521163411;-0.0513908773212439;2.37703448952162
77820;-5264869.57687606;2443645.32522576;4330261.57528837;-5171.16515150531;-2086.58917205304;-4688.80813406659;6992268.33720371;0.049640397011908;0.00262264904720669;1.10627096703569;-0.0514072235991533;2.40632168266257
77850;-5417498.54987471;2379905.65932406;4187573.25713089;-5003.38246366335;-2162.35132334176;-4822.93213825669;6992673.63969051;0.0495969420237764;0.00346337065599737;1.10628657234673;-0.0514224608236489;2.43562118966323
77880;-5565030.31857167;2313926.73408413;4040934.92748428;-4831.3794094844;-2235.86480376566;-4952.12842941653;6993071.72464266;0.0495511926432561;0.00422500716320496;1.10630197379102;-0.0514366081945018;2.46493962228166
77910;-5707340.78521176;2245776.74854355;3890495.63908431;-4655.3236667662;-2307.08069603602;-5076.31628640055;6993461.3973455;0.0495035315760808;0.00490390123708283;1.10631711896465;-0.0514496880849135;2.49428296904891
77940;-5844310.89351677;2175525.33853073;3736406.80355393;-4475.38364143156;-2375.9521250985;-5195.41915709181;6993841.51047817;0.0494543516069842;0.00549706641546312;1.10633195695745;-0.0514617259154197;2.5236565764859
77970;-5975826.6492414;2103243.51596145;3578822.06759444;-4291.72838297074;-2442.43422064638;-5309.3645745651;6994210.96524026;0.0494040527699764;0.00600220046901698;1.10634643846655;-0.0514727500249976;2.55306513396069
78000;-6101779.13830752;2029003.60925146;3417897.191663;-4104.52750749845;-2506.48408023296;-5418.08407523074;6994568.71229698;0.0493530395167617;0.00641769507236399;1.10636051590219;-0.0514827915398899;2.5825126623034
78030;-6222064.5427399;1952879.20482468;3253789.9310723;-3913.95112806365;-2568.06073314449;-5521.51311924542;6994913.75256007;0.0493017178953348;0.00674264165407894;1.10637414348615;-0.0514918842406104;2.61200250630549
78060;-6336584.15461544;1874945.08969192;3086659.91944077;-3720.16979184882;-2627.12510518319;-5619.59101345388;6995245.13782122;0.0492504927509508;0.00697683329269019;1.106387277343;-0.0515000644275447;2.64153733123418
78090;-6445244.38822722;1795277.19507071;2916668.55441341;-3523.3544238961;-2683.63998449984;-5712.26083710391;6995561.97125442;0.0491997649618856;0.00712076252796759;1.10639987558456;-0.0515073707855143;2.67111912349001
78120;-6547956.79065367;1713952.54101274;2743978.88556675;-3323.67627699798;-2737.56998860529;-5799.46937055722;6995863.40780261;0.0491499287226756;0.00717561496515352;1.10641189838767;-0.0515138442476243;2.70074919552759
78150;-6644638.05091247;1631049.18200182;2568755.50440507;-3121.30688739197;-2788.88153268059;-5881.16702719974;6996148.65446342;0.0491013688877693;0.00714325856553421;1.10642330806578;-0.0515195278586733;2.73042819514313
78180;-6735210.00786782;1546646.15348165;2391164.43634888;-2916.41803590048;-2837.5427992968;-5957.30778873731;6996416.97048804;0.0490544583887929;0.0070262285386906;1.10643406913448;-0.0515244666383627;2.76015611921093
78210;-6819599.65704911;1460823.4192695;2211373.03461167;-2709.18171415911;-2883.52370964694;-6027.84914404569;6996667.66750645;0.0490095557388131;0.00682770778092505;1.10644414837133;-0.0515287074445008;2.7899323319213
78240;-6897739.1565284;1373661.81980912;2029549.8758559;-2499.77009557967;-2926.79589638462;-6092.75203172862;6996900.1095913;0.0489670026371175;0.00655150283960851;1.10645351487017;-0.0515322988363664;2.81975558753712
78270;-6969565.83199339;1285243.02121329;1845864.65751487;-2288.35551069625;-2967.33267815647;-6151.98078652216;6997113.71327195;0.0489271216880534;0.00620201542438303;1.10646214009029;-0.0515352909383554;2.84962405764531
78300;-7035022.18114208;1195649.46504394;1660488.09666316;-2075.1104265461;-3005.10903590825;-6205.50308967045;6997307.94750937;0.0488902142473852;0.00578420953221656;1.10646999790064;-0.051537735304008;2.87953536283293
78330;-7094055.87751519;1104964.31877558;1473591.83031487;-1860.20742973936;-3040.10159103815;-6253.28992338406;6997482.33364161;0.0488565584093793;0.00530357430372746;1.10647706461924;-0.0515396847804819;2.90948660866746
78360;-7146619.77387162;1013271.42688563;1285348.31702562;-1643.81921287498;-3072.28858546419;-6295.31552948045;6997636.44530869;0.0488264071474568;0.00476608278116606;1.10648331904813;-0.0515411933735115;2.93947442580757
78390;-7192671.90520234;920655.262513109;1095930.7396714;-1426.11856396228;-3101.64986366683;-6331.55737229403;6997769.90836499;0.0487999866206696;0.00417814679331491;1.106488742504;-0.0515423161128692;2.96949501401612
78420;-7232175.4914678;827200.879625883;905512.90927521;-1207.27835851082;-3128.16685676228;-6361.99610593204;6997882.40078619;0.0487774946575493;0.00354656824731134;1.10649331884463;-0.0515431089183222;2.99954418979188
78450;-7265098.9401339;732993.865634497;714269.169749977;-987.471553952749;-3151.82256865657;-6386.61554594251;6997973.65257703;0.0487590994279418;0.00287848716106413;1.10649703449141;-0.0515436284660617;3.02961743728314
78480;-7291415.84857132;638120.294389666;522374.303424494;-766.871186064664;-3172.60156432537;-6405.40264544983;6998043.44568522;0.0487449383123783;0.00218132682040649;1.10649987844795;-0.0515439320555613;3.0597099620958
78510;-7311105.00637356;542666.679498957;330003.437217737;-545.650367057298;-3190.48996025959;-6418.3474758043;6998091.61392608;0.0487351169772748;0.00146273649147155;1.10650184231501;-0.0515440774768117;3.08981674756202
78540;-7324150.39763834;446719.927897172;137331.949325495;-323.982285003;-3205.47541711226;-6425.44321178262;6998118.04292139;0.0487297086628768;0.000730532159141381;1.10650292030176;-0.0515441228778641;3.11993261299535
78570;-7330541.20324795;350367.29360392;-55464.6237176371;-102.040204272173;-3217.54713457741;-6426.68612136696;6998122.67005535;0.0487287536893361;-7.36420416457029e-06;1.1065031092335;-0.0515441266326059;-3.133133033755
78600;-7330271.80317364;253696.331600998;-248210.679738565;120.002533349426;-3226.69584852739;-6422.07556012195;6998105.4844495;0.0487322591847058;-0.000742986309853604;1.10650240855583;-0.0515441472086888;-3.10301490690592
78630;-7323341.77881963;156794.851761497;-440730.643526423;341.972507190167;-3232.91383043084;-6411.61397017984;6998066.52695758;0.0487401990369457;-0.00146838561881202;1.10650082033541;-0.0515442430355206;-3.0729036247414
78660;-7309755.91541254;59750.8727619388;-632849.059472006;563.696216196391;-3236.19488906889;-6395.30688383575;6998005.89018061;0.0487525140703062;-0.00217569324857754;1.10649834925717;-0.0515444723722343;-3.04280441997701
78690;-7289524.20443188;-37347.4240917325;-824390.684384147;785.000077738523;-3236.53437456336;-6373.16293174618;6997923.71850151;0.0487691124447302;-0.00285718117206017;1.10649500261805;-0.0515448931755466;-3.01272238673519
78720;-7262661.84606775;-134411.7411938;-1015180.58062091;1005.71042704809;-3233.9291847262;-6345.19385571557;6997820.2081376;0.0487898702752032;-0.00350532217016833;1.10649079031722;-0.0515455629674206;-2.98266242159458
78750;-7229189.25168192;-231353.711193797;-1205044.20967292;1225.65351761531;-3228.3777737352;-6311.41452604673;6997695.60720879;0.0488146324663295;-0.00411284802228098;1.10648572484264;-0.0515465387024566;-2.95262916641265
78780;-7189132.04623829;-328084.943846706;-1393807.52633524;1444.6555228785;-3219.88016313662;-6271.84296342212;6997550.21581805;0.0488432137558619;-0.00467280544847982;1.10647982125405;-0.0515478766349368;-2.92262695341088
78810;-7142521.07065928;-424517.0732281;-1581297.07360316;1662.54253953813;-3208.43795517099;-6226.5003652739;6997384.38614008;0.0488753999594561;-0.0051786093550858;1.106473097162;-0.0515496321854667;-2.8926597529744
78840;-7089392.38405414;-520561.805383809;-1767340.07842579;1879.14059283083;-3194.05434841364;-6175.41113659105;6997198.52251326;0.0489109494076218;-0.00562409297888484;1.10646557270313;-0.0515518598071644;-2.8627311245739
78870;-7029787.2657555;-616130.96648336;-1951764.54844963;2094.27564410074;-3176.7341557168;-6118.60292510202;6996993.08152894;0.0489495945646784;-0.00600355457447043;1.10645727051126;-0.051554612851365;-2.83284417116876
78900;-6963752.21708997;-711136.551545987;-2134399.36988238;2307.77360100874;-3156.48382443499;-6056.106660761;6996768.57211134;0.0489910438185556;-0.00631180034143104;1.10644821568426;-0.051557943432828;-2.803001497398
78930;-6891338.96279873;-805490.773807359;-2315074.40660491;2519.46033072268;-3133.31145891046;-5987.95659945533;6996525.55558051;0.0490349834294537;-0.0065441833427884;1.10643843574656;-0.0515619022944526;-2.77320517181063
78960;-6812604.45201325;-899106.11479443;-2493620.60065658;2729.16167643521;-3107.22684518956;-5914.19037083971;6996264.64568976;0.0490810796247512;-0.00669663822091154;1.1064279606069;-0.0515665386715295;-2.74345669333274
78990;-6727610.8586813;-991895.375174802;-2669870.07421615;2936.70347755918;-3078.24147793548;-5834.84903019115;6995986.50862825;0.0491289808270914;-0.00676571157123406;1.10641682251136;-0.0515719001555859;-2.71375696211383
79020;-6636425.58132745;-1083771.72644593;-2843656.23319721;3141.91159395376;-3046.36858949621;-5749.97711416575;6995691.86297844;0.0491783200022721;-0.00674858788566205;1.10640505599117;-0.0515780325579039;-2.6841062548438
79050;-6539121.24202188;-1174648.76352807;-3014813.87257323;3344.61193453834;-3011.62318108047;-5659.62270032475;6995381.47961733;0.0492287171134168;-0.00664311102567923;1.10639269780526;-0.0515849797728268;-2.65450420458356
79080;-6435775.68442047;-1264440.55832354;-3183179.28354304;3544.63049065431;-2974.02205598695;-5563.83747028292;6995056.1815494;0.04927978166789;-0.00644780122848297;1.10637978687716;-0.0515927836409995;-2.624949785109
79110;-6326471.97072832;-1353061.71430277;-3348590.36264316;3741.79337453878;-2933.58385482504;-5462.6767763171;6994716.84365855;0.0493311153434938;-0.00616186768747697;1.10636636422601;-0.0516014838127232;-2.59544129972976
79140;-6211298.37742765;-1440427.42217609;-3510886.72290805;3935.92686327682;-2890.32909265726;-5356.1997112565;6994364.39236527;0.0493823146806709;-0.00578521678006651;1.10635247289142;-0.0516111176116463;-2.56597637451288
79170;-6090348.38960055;-1526453.51670759;-3669909.80717382;4126.85744860248;-2844.28019798503;-5244.46918145875;6993999.80517461;0.0494329738276592;-0.00531845604095821;1.10633815785189;-0.0516217198990484;-2.53655195581567
79200;-5963720.6936651;-1611056.53472514;-3825503.00361498;4314.41189292068;-2795.46155349056;-5127.55198265775;6993624.11009986;0.0494826873258023;-0.00476289399746933;1.10632346593649;-0.0516333229390228;-2.50716431201409
79230;-5831519.16833301;-1694153.77437785;-3977511.76359666;4498.41729192477;-2743.89953843795;-5005.51887844951;6993238.38494584;0.0495310529224962;-0.00412053599478266;1.10630844572948;-0.0516459562649018;-2.47780903930106
79260;-5693852.87358498;-1775663.35568902;-4125783.72191793;4678.70114418566;-2689.62257262647;-4878.44468116154;6992843.75643541;0.0495776743994851;-0.00339407614405546;1.10629314746772;-0.0516596465473211;-2.44848107142435
79290;-5550836.0374492;-1855504.28244964;-4270168.8195135;4855.09142808915;-2632.66116177794;-4746.40833482956;6992441.3991619;0.049622164404411;-0.00258688552477512;1.1062776229304;-0.0516744174643636;-2.41917469323471
79320;-5402588.04035668;-1933596.50549331;-4410519.42867256;5027.41668649811;-2573.04794422873;-4609.49299998176;6992032.53434999;0.0496641472736591;-0.00170299676544345;1.10626192532102;-0.0516902895742764;-2.38988355792227
79350;-5249233.39683631;-2009860.98738983;-4546690.48082434;5195.50611951484;-2510.81773878468;-4467.78613990665;6991618.42840679;0.0497032618345527;-0.00074708511427082;1.10624610914125;-0.0517072801913031;-2.36060070783154
79380;-5090901.73430072;-2084219.76858987;-4678539.59692953;5359.1896857164;-2446.00759358398;-4321.37960805434;6991200.39124503;0.04973916417488;0.000275553905332759;1.10623023005652;-0.0517254032652301;-2.33131859876164
79410;-4927727.76866346;-2156596.0350486;-4805927.22050611;5518.29821223209;-2378.65683579962;-4170.36973619408;6990779.77435967;0.0497715303675186;0.00135903018014398;1.1062143447531;-0.0517446692652934;-2.30202912767917
79440;-4759851.27651667;-2226914.18735076;-4928716.75330621;5672.66351402666;-2308.80712199833;-4014.85742292212;6990357.96863958;0.0498000591375841;0.00249688798234006;1.1061985107865;-0.0517650850691495;-2.27272366379366
79470;-4587417.06358763;-2295099.9113538;-5046774.69364798;5822.1185227456;-2236.50248895768;-3854.94822208406;6989936.4018959;0.0498244744590137;0.00368213820796769;1.10618278642114;-0.0517866538576657;-2.24339308297013
79500;-4410574.92918226;-2361080.25035982;-5159970.77739321;5966.49742546971;-2161.78940472703;-3690.75243064454;6989516.5360892;0.0498445280668668;0.00490729387785131;1.10616723046109;-0.0518093750163375;-2.21402780547848
79530;-4229479.62631307;-2424783.67882008;-5268178.12154634;6105.63581371437;-2084.716819701;-3522.38517550434;6989099.86423797;0.0498600018708066;0.0061644089245766;1.10615190207197;-0.0518332440441895;-2.18461783710377
79560;-4044290.81719945;-2486140.17756883;-5371273.37043573;6239.37084299503;-2005.33621745678;-3349.96649873119;6988687.90699194;0.0498707102542873;0.0074451203124999;1.10613686059391;-0.051858252471069;-2.15515281366436
79590;-3855173.02381864;-2545081.31057543;-5469136.8444209;6367.54140326345;-1923.70166508808;-3173.62144063546;6988282.20885464;0.0498765022428846;0.00874069355761099;1.10612216534571;-0.0518843877842814;-2.1256220490043
79620;-3662295.57317705;-2601540.30319534;-5561652.69105224;6489.98830049918;-1839.8698627495;-2993.48012008561;6987884.33404111;0.0498772635240015;0.0100420717299012;1.10610787542039;-0.0519116333655658;-2.09601458654195
79650;-3465832.53696308;-2655452.12189182;-5648709.0385908;6606.55444971749;-1753.90019210544;-2809.67781142108;6987495.86195814;0.049872918298884;0.0113399280309141;1.10609404947229;-0.051939968439439;-2.06631925446631
79680;-3265962.66523561;-2706753.55539059;-5730198.15177592;6717.08507962788;-1665.85476335731;-2622.3550172825;6987118.3822966;0.0498634309465047;0.0126247220419468;1.106080745496;-0.0519693680339751;-2.03652472467491
79710;-3062869.31379535;-2755383.29721974;-5806016.58970767;6821.42794914613;-1575.7984605019;-2431.65753664004;6986753.48972755;0.0498488074774827;0.0138867597328241;1.10606802059765;-0.0519998029551093;-2.0066195755411
79740;-2856740.36488086;-2801282.02957617;-5876065.36568862;6919.43357592757;-1483.79898445255;-2237.73652726192;6986402.77819664;0.0498290967548147;0.0151162573053483;1.10605593075889;-0.0520312397755744;-1.97659235858226
79770;-2647768.14082662;-2844392.50844888;-5940250.10884635;7010.9554770491;-1389.92689363303;-2040.74856182572;6986067.83481426;0.0498043914568814;0.0163034089181512;1.10604453059425;-0.052063640839589;-1.9464316690725
79800;-2436149.31031736;-2884659.64991693;-5998481.2273336;7095.85042192248;-1294.25564163215;-1840.85567683587;6985750.23334249;0.0497748287570081;0.0174384582993902;1.10603387310255;-0.0520969642844158;-1.91612622060263
79830;-2222084.78687101;-2922030.61752761;-6050674.07287708;7173.97869747115;-1196.86161148542;-1638.22541347212;6985451.52728367;0.0497405906928818;0.0185117741989943;1.1060240094132;-0.0521311640798965;-1.88566492353488
79860;-2005779.61918256;-2956454.91064684;-6096749.10641933;7245.20438554657;-1097.82414612804;-1433.03084945575;6985173.24257981;0.0497019041984313;0.0195139295618365;1.10601498852818;-0.0521661900870516;-1.85503696722872
79890;-1787442.87296297;-2987884.45365972;-6136632.06457005;7309.39565249865;-997.225574542216;-1225.450620984;6984916.86993641;0.0496590407704718;0.0204357842167438;1.10600685706098;-0.0522019881367923;-1.82423190582732
79920;-1567287.50391036;-3016273.68588472;-6170254.12655417;7366.42505074625;-895.151233100841;-1015.66893374809;6984683.85679;0.0496123157425709;0.0212685707721873;1.1059996589734;-0.0522385001297472;-1.79323974728926
79950;-1345530.22145686;-3041579.65204972;-6197552.0813141;7416.1698321195;-791.689481589512;-803.875562018089;6984475.59894343;0.0495620871393493;0.0220039832891114;1.10599343531178;-0.0522756641581392;-1.76205104522906
79980;-1122391.34294247;-3063762.09316219;-6218468.49439244;7458.51227266453;-686.931713369949;-590.265834748183;6984293.43189935;0.0495087540858671;0.0226342681637934;1.10598822394382;-0.0523134146505671;-1.73065699299185
80010;-898094.637877567;-3082783.53758944;-6232951.87418978;7493.34000851294;-580.972359130321;-375.040607630309;6984138.62192838;0.0494527547489976;0.0231523165014155;1.10598405929767;-0.0523516825404499;-1.69904951923468
80040;-672867.161969447;-3098609.3921481;-6240956.8371597;7520.54638232369;-473.908883652306;-158.406220002475;6984012.35691466;0.0493945637908473;0.0235517570957514;1.10598097210498;-0.0523903954587762;-1.6672213841208
80070;-446939.080604344;-3111208.03298462;-6242444.27147002;7540.03079970316;-365.841775011205;59.4255644980889;6983915.73702864;0.0493346893184579;0.0238270489556783;1.10597898914961;-0.0524294779516661;-1.63516627505789
80100;-220543.481495777;-3120550.89601073;-6237381.49862573;7551.69909490039;-256.8745256145;278.237634657153;6983849.7652836;0.0492736693192921;0.0239735721393814;1.10597813302388;-0.0524688517231014;-1.60287890073072
80130;6083.82376699048;-3126612.5666403;-6225742.43251565;7555.4639049591;-147.113604476459;497.807626904677;6983815.33803944;0.0492120675784346;0.0239877154787756;1.10597842189445;-0.0525084359030096;-1.57035508199951
80160;232704.509510305;-3129370.86855519;-6207507.73531096;7551.24505138619;-36.6684201220493;717.908040154144;6983813.23552437;0.0491504690810568;0.0238669596053627;1.10597986927987;-0.0525481473406962;-1.53759183806337
80190;459077.957317094;-3128806.95121022;-6182664.96961039;7538.96992826848;74.3487264867654;938.306371365997;6983844.11245198;0.0490894749124894;0.0236099535345525;1.10598248384187;-0.0525879009234109;-1.50458746613323
80220;684961.489093212;-3124905.37576863;-6151208.74619414;7518.5738956359;185.822699604968;1158.76527291811;6983908.48881805;0.0490296966781733;0.0232165829364385;1.10598626919286;-0.0526276099196101;-1.47134161272888
80250;910110.611996803;-3117654.19914186;-6113140.86671631;7490.00067673114;297.635597531825;1379.0427328324;6984006.74096779;0.0489717504766909;0.0226880281277139;1.10599122372157;-0.0526671863462325;-1.43785533462106
80280;1134279.275326;-3107045.05578959;-6068470.46063517;7453.20275770313;409.666833189667;1598.89227886113;6984139.09303008;0.0489162504708524;0.0220268097724295;1.10599734043952;-0.05270654135905;-1.40413114739153
80310;1357220.13941362;-3093073.23691921;-6017214.11565104;7408.14178809693;521.793227010847;1818.06320737782;6984305.60882085;0.048863802114179;0.0212368202884267;1.10600460685028;-0.0527455856648835;-1.370173059593
80340;1578684.8565265;-3075737.76670738;-5959396.00089429;7354.78898036493;633.889112661558;2036.3008379458;6984506.18432215;0.0488149951027744;0.0203233390310355;1.1060130048441;-0.0527842299541911;-1.33598659056483
80370;1798424.36371168;-3055041.4751511;-5895047.98208124;7293.12550647731;745.826456095906;2253.3467943505;6984740.5408473;0.0487703961351358;0.0192930294739077;1.10602251061989;-0.0528223853522488;-1.30157877010821
80400;2016189.18747162;-3030991.06714151;-5824209.72783345;7223.14288956346;857.474988390598;2468.93931277938;6985008.21900479;0.04873054157449;0.0181539168334802;1.10603309463695;-0.0528599638868427;-1.26695811845096
80430;2231729.76008678;-3003597.18734095;-5746928.80633709;7144.84338837268;968.702352759453;2682.81357771533;6985308.57357544;0.048695930119271;0.0169153448907484;1.10604472159835;-0.0528968789701003;-1.23213460523875
80460;2444796.74733502;-2972874.48043244;-5663260.77150431;7058.24037220496;1079.37426608725;2894.70208597457;6985640.76941671;0.0486670155968789;0.0155879111499822;1.10605735046793;-0.0529330458917861;-1.19711958667552
80490;2655141.38728513;-2938841.64630198;-5573269.23778757;6963.35868383129;1189.35469525396;3104.33503916826;6986003.77850673;0.0486442000033641;0.0141833799322892;1.10607093452275;-0.0529683823211026;-1.16192572039372
80520;2862515.83976552;-2901521.48970668;-5477025.94279219;6860.23498780216;1298.50604844299;3311.44076469858;6986396.37823719;0.0486278269166894;0.0127145735211086;1.10608542144241;-0.0530028088137547;-1.12656685815448
80550;3066673.5460291;-2860940.96397745;-5374610.79683166;6748.91810143355;1406.68938154048;3515.74616521436;6986817.15105899;0.048618175413292;0.0111952420418943;1.1061007534366;-0.0530362493207711;-1.09105791704299
80580;3267369.59805305;-2817131.20830309;-5266111.91857559;6629.46930566543;1513.76461963731;3716.97719624923;6987264.48557728;0.0486154546164596;0.0096399133488431;1.10611686741204;-0.0530686316953359;-1.05541473041498
80610;3464361.11682644;-2770127.57814378;-5151625.6559517;6501.96263291066;1619.59079354118;3914.85937154773;6987736.57918354;0.0486197990003091;0.00806372478441139;1.10613369517933;-0.0530998881936606;-1.01965388044385
80640;3657407.6388915;-2719969.66832643;-5031256.59148147;6366.48512895555;1724.0262910933;4109.11829535178;6988231.44230093;0.0486312645648078;0.00648223924748534;1.10615116370027;-0.0531299559657416;-0.983792514688203
80670;3846271.51031552;-2666701.32838252;-4905117.53125464;6223.13708593917;1826.92912296394;4299.48022067472;6988746.90430576;0.0486498259853605;0.00491124852693836;1.10616919537574;-0.0531587775316924;-0.9478481496213
80700;4030718.2871811;-2610370.66970019;-4773329.47678077;6072.03224343043;1928.15720247314;4485.67263233192;6989280.62117258;0.0486753748252018;0.00336656730403882;1.10618770837356;-0.0531863012392311;-0.911838464511397
80730;4210517.14159301;-2551030.06407873;-4636021.57899684;5913.29795464171;2027.56863884914;4667.42485323061;6989830.08487285;0.0487077188805558;0.00186382157748186;1.10620661699588;-0.0532124816978319;-0.875781089393054
80760;4385441.27211214;-2488736.13329242;-4493331.07375912;5747.07531486821;2125.02204319802;4844.46867214757;6990392.63453802;0.048746582707748;0.000418235500839404;1.10622583208464;-0.0532372801850331;-0.839693391106738
80790;4555268.31744045;-2423549.72929554;-4345403.19820464;5573.51924932545;2220.37684631528;5016.53899094539;6990965.46937679;0.0487916093588196;-0.000955579268382789;1.10624526146378;-0.0532606650204295;-0.803592261494589
80820;4719780.77209806;-2355535.90472768;-4192391.08743337;5392.79855767501;2313.4936273253;5183.37448889936;6991545.66331375;0.0488423633283956;-0.00224382763134327;1.10626481041581;-0.0532826119029636;-0.767493911819114
80850;4878766.40275413;-2284763.87341189;-4034455.65103606;5205.09591268202;2404.23445198863;5344.71830153151;6992130.18129338;0.0488983346903793;-0.00343372459844524;1.10628438219048;-0.0533031042072837;-0.731413677320063
80880;5032018.66379974;-2211306.96057472;-3871765.42907516;5010.60781063856;2492.46321937351;5500.31871107859;6992715.89716848;0.0489589443792326;-0.00451367467903759;1.10630387854251;-0.0533221332351406;-0.695365835551526
80910;5179337.11068281;-2135242.54255847;-3704496.4272159;4809.54447141498;2578.04601544647;5649.92984546284;6993299.61306753;0.0490235505479027;-0.00547343384330685;1.10632320029497;-0.0533396984180686;-0.65936344176116
80940;5320527.80946525;-2056651.97584157;-3532831.93080268;4602.12968626567;2660.85147200207;5793.31238239066;6993878.08011037;0.0490914559135327;-0.00630425125855796;1.10634224792454;-0.0533558074679211;-0.623418184106204
80970;5455403.74101056;-1975620.51523216;-3356962.29778029;4388.6006118176;2740.7511292239;5930.23425498028;6994448.0203171;0.0491619159835116;-0.00699898853490934;1.10636092216453;-0.0533704764722217;-0.587540260970091
81000;5583785.19816786;-1892237.22115307;-3177084.73047061;4169.20750900543;2817.61980005125;6060.47135511961;6995006.14953154;0.0492341480385976;-0.0075522147862766;1.10637912462097;-0.0533837299317355;-0.551738282074752
81030;5705500.17428695;-1806594.85599273;-2993403.02633206;3944.21342608604;2891.33593442072;6183.80823058277;6995549.20115821;0.0493073407371202;-0.00796027639603739;1.10639675839714;-0.0533956007381596;-0.516019194502291
81060;5820384.74137848;-1718789.76955586;-2806127.30795048;3713.89382526342;2961.78198136073;6300.03877179471;6996073.95049179;0.0493806641947671;-0.00822134094890367;1.10641372872124;-0.053406130090377;-0.480388234169871
81090;5928283.41622608;-1628921.77370967;-2615473.73263486;3478.53615287936;3028.84474684285;6408.9668840289;6996577.23939989;0.0494532803882381;-0.00833541532953482;1.10642994357204;-0.0534153673483032;-0.444848902764864
81120;6029049.51276199;-1537094.006385;-2421664.18211911;3238.43935357124;3092.41574523811;6510.40714075982;6997056.00110516;0.0495243537280002;-0.00830433847750556;1.10644531429689;-0.0534233698239741;-0.409402969660556
81150;6122545.47903722;-1443412.78515705;-2224925.93299973;2993.91332926123;3152.39154219098;6604.18541387032;6997507.28480118;0.0495930616453313;-0.0081317497141461;1.10645975621669;-0.0534302025101703;-0.374050497909088
81180;6208643.21714997;-1347987.45069608;-2025491.30866787;2745.27834431485;3208.67408671041;6690.13947643814;6997928.27982856;0.0496586050415224;-0.00782303391168456;1.10647318921213;-0.0534359377475394;-0.338789893055663
81210;6287224.3845435;-1250930.20044459;-1823597.31362191;2492.86437868623;3261.17103028712;6768.11957389695;6998316.33913423;0.0497202184522074;-0.00738524505571821;1.10648553828565;-0.0534406548318486;-0.303617973239698
81240;6358180.67514617;-1152355.91294257;-1619485.25117069;2237.01043134455;3309.79603088008;6837.98895948662;6998669.001737;0.0497771797869725;-0.00682700995935888;1.10649673409389;-0.0534444395636752;-0.268530058843439
81270;6421414.07890254;-1052381.96328651;-1413400.32565829;1978.06377674631;3354.46903967352;6899.62439007502;6998984.01392802;0.0498288195133104;-0.00615841402627067;1.10650671344512;-0.0534473837435006;-0.233520079811749
81300;6476837.11833399;-951128.030269346;-1205591.23045503;1716.37917757204;3395.11656858892;6952.91657864956;6999259.34894396;0.0498745291642847;-0.00539087103776885;1.10651541975695;-0.0534495846158173;-0.198580698690828
81330;6524373.06087052;-848715.895807868;-996309.723067074;1452.31805737914;3431.67193664385;6997.77060003877;6999493.22486532;0.049913769060676;-0.00453697896621825;1.10652280346958;-0.0534511442664598;-0.163703447408333
81360;6563956.10581111;-745269.237318952;-785810.188815595;1186.24763722646;3464.07549338056;7034.106246731;6999684.12051057;0.0499460751505863;-0.00361036380394276;1.10652882241037;-0.0534521689779431;-0.12887887583212
81390;6595531.54489726;-640913.413757435;-574349.194625079;918.54004069503;3492.27481774067;7061.85833200479;6999830.78911972;0.0499710648822749;-0.00262551335557015;1.10653344210593;-0.0534527685481;-0.0940967101875806
81420;6619055.89562217;-535775.24607441;-362185.03453865;649.571372057255;3516.22489093642;7080.9769379708;6999932.26964749;0.0499884420391982;-0.00159760288329903;1.10653663603861;-0.0534530555777702;-0.059346019473335
81450;6634497.00654473;-429982.792895388;-149577.268643748;379.720772628068;3535.88824206192;7091.42760654254;6999987.89551626;0.0499980004796719;-0.00054231442972317;1.10653838584446;-0.0534531447336736;-0.0246153880809526
81480;6641834.13403248;-323665.122252394;63213.7428554256;109.369460561289;3551.23506539693;7093.19147179805;6999997.30071173;0.0499996267371831;0.000524348419186436;1.10653868145084;-0.0534531519929196;0.010106907112659
81510;6641057.99001775;-216952.08023216;275927.308643201;-161.100240470826;3562.24330857868;7086.26533266091;6999960.42313926;0.0499933014510503;0.00158624861989502;1.10653752115199;-0.0534531938758316;0.0448327168593793
81540;6632170.76051696;-109974.057423822;488302.87657495;-431.305878160543;3568.89873105033;7070.66166530984;6999877.50519581;0.0499790996108718;0.00262730493004428;1.1065349116219;-0.0534533866739172;0.0795738385040873
81570;6615186.09482998;-2861.7540637146;700080.503425939;-700.865848399565;3571.19493243555;7046.40857521586;6999749.09154947;0.0499571896119208;0.00363168067943769;1.10653086786425;-0.0534538456798748;0.114341835427177
81600;6590129.06550533;104254.055218343;911001.322299967;-969.400366460359;3569.13335073327;7013.54968919646;6999576.02415672;0.0499278311324008;0.00458397038613476;1.10652541310005;-0.0534546844265034;0.149147858600118
81630;6557036.09932411;211242.75614734;1120808.00591023;-1236.53242698429;3562.72323047199;6972.14398836181;6999359.4345844;0.049891371857202;0.00546938252312769;1.10651857859408;-0.0534560139412666;0.184002471916504
81660;6515954.87972009;317974.128149857;1329245.2239782;-1501.88874736279;3551.98156120507;6922.26558330096;6999100.73373923;0.0498482430865005;0.00627391669555237;1.106510403422;-0.0534579420230662;0.218915483007124
81690;6466944.22121313;424318.575418263;1536060.09304372;-1765.10068928104;3536.93298696496;6864.00343331059;6998801.59914165;0.0497989542811979;0.00698453342979245;1.10650093418061;-0.0534605725474987;0.253895781306958
81720;6410073.91658652;530147.354833195;1741002.61703993;-2025.80515343163;3517.6096875203;6797.46101189807;6998463.95991185;0.0497440866107101;0.0075893147109342;1.10649022464424;-0.053464004806511;0.288951185207925
81750;6345424.55768468;635332.799913779;1943826.11705988;-2283.64544269334;3494.05123249464;6722.7559211899;6998089.97966403;0.0496842855819505;0.0080776133427929;1.10647833537091;-0.0534683328879453;0.324088300194688
81780;6273087.33084354;739748.539999804;2144287.6488259;-2538.27208940377;3466.30440960379;6640.01945824007;6997682.03752896;0.0496202528413163;0.00844018915482866;1.10646533326221;-0.0534736450999712;0.359312389912113
81810;6193163.78809184;843269.713910585;2342148.40646793;-2789.34364272753;3434.42302845054;6549.3961365571;6997242.70754597;0.0495527372539914;0.00866933005438227;1.10645129108143;-0.053480023444857;0.39462726214052
81840;6105765.59537536;945773.177370829;2537174.11132056;-3036.52741252848;3398.4677014768;6451.04316644895;6996774.73668067;0.0494825253766254;0.00875895593167697;1.10643628693479;-0.0534875431459405;0.430035171647573
81870;6011014.25915746;1047137.70354404;2729135.38456036;-3279.50016658856;3358.50560381378;6345.12989802058;6996281.02173685;0.0494104314502546;0.00870470348087005;1.10642040372084;-0.0534962722310336;0.46553674183177
81900;5909040.83283723;1147244.17606798;2917808.10262307;-3517.94877846955;3314.61021388828;6231.83723084637;6995764.58543762;0.0493372870498585;0.00850399011328748;1.10640372855341;-0.053506271174838;0.501130906961634
81930;5799985.60450067;1245975.77404401;3102973.73446288;-3751.57082378252;3266.86103673763;6111.35699447875;6995228.55195348;0.0492639305348774;0.00815605531728535;1.10638635216355;-0.053517592602285;0.536814876638571
81960;5683997.76758034;1343218.14849168;3284419.6598427;-3980.07512310357;3215.34331205656;5983.89130404559;6994676.12215269;0.0491911964510267;0.00766197806962967;1.1063683682861;-0.0535302810540334;0.572584123863071
81990;5561235.07604437;1438859.58984155;3461939.46797224;-4203.18223024921;3160.14770904593;5849.65189523183;6994110.54884341;0.0491199050374525;0.00702466922761912;1.10634987303646;-0.0535443728146919;0.608432397761903
82020;5431863.48576781;1532791.18610173;3635333.23594015;-4420.62486509316;3101.37001015717;5708.85944293824;6993535.1122668;0.0490508519943983;0.00624883822906394;1.10633096428296;-0.0535598958036793;0.644351761638317
82050;5296056.78375631;1624906.97139626;3804407.78651409;-4632.14829056199;3039.11078582722;5561.74286786343;6992953.0960866;0.0489847986647497;0.00534093389146774;1.10631174102038;-0.0535768695279986;0.680332656545342
82080;5153996.20689685;1715104.06463652;3968976.92500936;-4837.51063388586;2973.47506227858;5408.53863516747;6992367.76410423;0.0489224627779375;0.00430905962249884;1.10629230274972;-0.0535953050956062;0.716363990063826
82110;5005870.0519015;1803282.79814801;4128861.65504923;-5036.48315259685;2904.57198441911;5249.49004925037;6991782.33790878;0.048864509896519;0.00316286391480768;1.10627274886922;-0.0536152052874914;0.752433249408113
82140;4851873.27808944;1889346.83613543;4283890.37315892;-5228.85044615684;2832.51447581742;5084.84654851903;6991199.97565003;0.0488115456943464;0.00191340758012737;1.10625317808119;-0.0536365646860687;0.788526637402596
82170;4692207.10462056;1973203.28292707;4433899.04224884;-5414.41061445707;2757.41889765511;4914.86300382731;6990623.75209946;0.0487641091806423;0.000573009756734852;1.10623368781919;-0.0536593698570159;0.824629229295349
82200;4527078.60375183;2054762.78099513;4578731.34414973;-5592.97536475848;2679.4047084674;4739.79902405915;6990056.64013994;0.0487226669668154;-0.000844924723677212;1.10621437369931;-0.0536835995812825;0.86072514782511
82230;4356700.29163586;2133939.59880162;4718238.81146318;-5764.37006893463;2598.59412638211;4559.91827208856;6989501.49380003;0.0486876086528092;-0.00232609352554931;1.10619532899914;-0.0537092251336393;0.89679775346171
82260;4181289.71812144;2210651.70856905;4852280.9390842;-5928.43377313554;2515.11179545461;4375.48779409752;6988961.03292379;0.0486592433877363;-0.00385549705043976;1.10617664416777;-0.0537362106038429;0.932829846321031
82290;4001069.05694894;2284820.85412116;4980725.27583797;-6085.01916221066;2429.08445757628;4186.77736496772;6988437.82954235;0.0486377976360968;-0.00541764690373665;1.10615840636913;-0.05376451325626;0.968803875936569
82320;3816264.69766022;2356372.60898168;5103447.49675038;-6233.99248141251;2340.64063130742;3994.05885218813;6987934.29598936;0.0486234141567551;-0.00699677855670124;1.10614069906135;-0.0537940839236207;1.00470215486654
82350;3627106.84046508;2425236.42495719;5220331.45654083;-6375.2334180496;2249.91029885518;3797.60560044282;6987452.67477978;0.0486161521777973;-0.00857706409681418;1.10612360161353;-0.053824867430455;1.04050707204026
82380;3433829.09522419;2491345.67146542;5331269.22498689;-6508.63494586915;2157.02460228444;3597.69183876454;6986995.03024943;0.0486159887271733;-0.0101428210151206;1.10610718896164;-0.0538568030417119;1.07620130180452
82410;3236668.085624;2554637.66590042;5436161.10486246;-6634.10313502861;2062.11554991625;3394.59211186379;6986563.24193315;0.0486228210574141;-0.0116787131642071;1.10609153130422;-0.0538898249320572;1.11176800481684
82440;3035863.05953231;2615053.69535288;5534915.63319552;-6751.55693056128;1965.31573373679;3188.58073697316;6986158.99964092;0.048636470083325;-0.0131699403260844;1.10607669383845;-0.0539238626713923;1.14719101723887
82470;2831655.50643596;2672539.03002679;5627449.56662775;-6860.92790225843;1866.75805851014;2979.93128728481;6985783.80017509;0.0486566847349922;-0.0146024132389471;1.10606273653683;-0.0539588417222339;1.18245502509411
82500;2624288.78277436;2727042.92871226;5713687.85168681;-6962.15996888003;1766.57548316311;2768.91610280824;6985438.94561777;0.048683147115105;-0.0159629114251606;1.10604971396399;-0.0539946839447292;1.2175457211478
82530;2414007.74589581;2778518.6366897;5793563.58080328;-7055.20909957067;1664.90077488967;2555.80582923728;6985125.54310509;0.0487154783397589;-0.017239221716283;1.10603767513323;-0.0540313081052566;1.25244994222118
82560;2201058.39727782;2826923.37645224;5867017.93491858;-7140.04299530086;1561.86627630801;2340.86898519097;6984844.50599515;0.0487532449357041;-0.018420255957515;1.10602666340169;-0.0540686303847691;1.28715578543898
82590;1985687.5355695;2872218.33164157;5934000.113538;-7216.64075307661;1457.60368589545;2124.3715579847;6984596.5563284;0.0487959656643661;-0.0194961469689812;1.10601671640313;-0.0541065648832719;1.32165270250471
82620;1768142.41993283;2914368.62459774;5994467.25308444;-7284.99251556767;1352.24385182556;1906.57662789511;6984382.22847316;0.0488431186437295;-0.020458322419291;1.10600786601669;-0.0541450241170801;1.355931571676
82650;1548670.4440819;2953343.28792551;6048384.33440524;-7345.09910869729;1245.91657923878;1687.74402070711;6984201.87384511;0.0488941486430322;-0.0212995568073438;1.10600013837002;-0.0541839195057818;1.38998474765335
82680;1327518.82134458;2989115.23047982;6095724.08027504;-7396.97166961749;1138.75045089249;1468.12998817212;6984055.66658678;0.0489484744317477;-0.0220140022333985;1.105993553875;-0.0542231618461107;1.42380609008011
82710;1104934.28100024;3021661.19816984;6136466.84372493;-7440.63126736648;1030.87266105896;1247.98691586542;6983943.61009287;0.0490054960731;-0.022597199057008;1.10598812729387;-0.0542626617702331;1.45739097176837
82740;881162.776080369;3050961.72997633;6170600.48801044;-7476.1085183697;922.408862470619;1027.56305780519;6983865.54426768;0.0490646020628271;-0.0230460678795383;1.10598386783385;-0.0543023301862477;1.49073626810496
82770;656449.202756;3077001.10956978;6198120.25901031;-7503.44319880706;813.483026050061;807.102297087248;6983821.15340311;0.0491251762256004;-0.0233588845487041;1.10598077926786;-0.0543420786989959;1.52384032935128
82800;431037.131377504;3099767.31290837;6219028.65082417;-7522.68385572645;704.217313108558;586.843931696472;6983809.97456894;0.0491866042939046;-0.0235352400625034;1.10597886007908;-0.0543818200095714;1.55670293773019
82830;205168.549177843;3119251.95218441;6233335.26531085;-7533.88741864046;594.73195965034;367.022484577706;6983831.40641142;0.0492482801068535;-0.0235759873539204;1.10597810362726;-0.0544214682922064;1.58932525129667
82860;-20916.3853994116;3135450.21647651;6241056.66628048;-7537.11881320062;485.145172380271;147.867536985136;6983884.71826109;0.049309611378941;-0.0234831769729958;1.10597849833409;-0.0544609395474852;1.62170973662364
82890;-246979.576831786;3148360.80945218;6242216.22902342;-7532.45057840208;375.573035979822;-70.3964159218365;6983969.05945667;0.0493700250007818;-0.0232599836574042;1.10598002788578;-0.0545001519310995;1.65386009230824
82920;-472785.215235327;3157985.88445188;6236843.98582745;-7519.96248863402;266.129431189598;-287.55008830665;6984083.46879794;0.0494289718452003;-0.0229106257071935;1.10598267145017;-0.0545390260576103;1.68578116522785
82950;-698099.987831135;3164330.97727178;6224976.46810199;-7499.74118175658;156.92596321588;-503.379506805417;6984226.8840474;0.0494859310623821;-0.022440278963693;1.10598640390653;-0.0545774852789116;1.71747886135871
82980;-922693.279357923;3167404.9369472;6206656.54569517;-7471.87979425605;48.0718999631466;-717.676094713474;6984398.15140707;0.0495404138570792;-0.0218549870473331;1.10599119608567;-0.054615455937309;1.74896005282408
83010;-1146337.36165713;3167219.85482424;6181933.26395562;-7436.47760440561;-60.3258804160595;-930.236738331551;6984596.03490407;0.0495919667489592;-0.0211615693438443;1.10599701501854;-0.054652867593322;1.78023248267287
83040;-1368807.57268322;3163790.99219109;6150861.67905751;-7393.63968424114;-168.162933168778;-1140.86383659415;6984819.22562545;0.0496401743241114;-0.0203675280518992;1.10600382419116;-0.0546896532284993;1.81130466871266
83070;-1589882.48521432;3157136.70672555;6113502.69207354;-7343.4765610495;-275.337282303902;-1349.36533509517;6985066.35074995;0.0496846614914563;-0.0194809554249851;1.10601158380425;-0.054725749423695;1.84218580753976
83100;-1809344.06555769;3147278.37799953;6069922.88224741;-7286.10388896127;-381.749448184946;-1555.55474561182;6985335.9823308;0.0497250952624239;-0.018510442163045;1.10602025103575;-0.054761096513396;1.87288567973133
83130;-2026977.82256094;3134240.33226585;6020194.33988451;-7221.64213114117;-487.302467864846;-1759.25115220863;6985626.64579066;0.0497611860758294;-0.0174649877397416;1.10602978030465;-0.0547956387168141;1.90341455699382
83160;-2242572.94725287;3118049.76673762;5964394.49924763;-7150.21625297725;-591.901908667295;-1960.27920497897;6985936.82809598;0.0497926886924822;-0.0163539132930018;1.10604012353467;-0.0548293242465599;1.93378311190338
83190;-2455922.44344919;3098736.67355516;5902605.97181285;-7071.95542658453;-695.455875509819;-2158.46910245362;6986264.98558377;0.049819402685831;-0.0151867775632247;1.1060512304164;-0.0548621053958041;1.96400233072968
83220;-2666823.24966597;3076333.76362122;5834916.38021073;-6986.99274685974;-797.87501245246;-2353.65656367483;6986609.55141996;0.0498411725559547;-0.0139732962352711;1.10606304866686;-0.0548939386049041;1.99408342970577
83250;-2875076.35269029;3050876.39047023;5761418.19314814;-6895.46495925137;-899.072498943063;-2545.68279089995;6986968.94267335;0.0498578874946164;-0.0127232649302068;1.10607552428504;-0.0549247845085265;2.02403777499573
83280;-3080486.89316085;3022402.47432423;5682208.5615779;-6797.5121993429;-998.964041215862;-2734.39442386334;6987341.56699404;0.0498694808289511;-0.0114464859986573;1.10608860180284;-0.0549546079643396;2.0538768065171
83310;-3282864.26351395;2990952.42647385;5597389.15635604;-6693.27774428682;-1097.46785928477;-2919.6434864876;6987725.82889006;0.0498759291708227;-0.0101526991910307;1.10610222453028;-0.0549833780643781;2.08361196569794
83340;-3482022.19865007;2956569.0741103;5507066.00760022;-6582.907776072;-1194.50466995662;-3101.28732689676;6988120.1355994;0.0498772512980079;-0.00885151621875056;1.10611633479435;-0.0550110681301935;2.11325462718648
83370;-3677778.85967515;2919297.58572153;5411349.34593803;-6466.55115655836;-1289.99766627291;-3279.18855154519;6988522.90255874;0.0498735067922569;-0.00755235917455496;1.10613087417081;-0.0550376556929132;2.14281603448489
83400;-3869956.91106811;2879185.39715378;5310353.44580996;-6344.35921416787;-1383.87249377133;-3453.21495423645;6988932.55847315;0.0498647944580116;-0.0062644027475784;1.10614578370852;-0.055063122459321;2.17230723944558
83430;-4058383.59162218;2836282.13842833;5204196.47096924;-6216.48554208223;-1476.05722394129;-3623.23944076741;6989347.54999395;0.0498512505441962;-0.00499652014835644;1.10616100414571;-0.055087454265058;2.20173904554758
83460;-4242890.77950238;2790639.56139214;5093000.32229916;-6083.08580776213;-1566.48232522977;-3789.13994989375;6989766.34601434;0.0498330467900998;-0.00375723264949555;1.10617647611797;-0.0551106410160213;2.23112195486047
83490;-4423315.05175584;2742311.46827082;4976890.4880484;-5944.31757357275;-1655.08063193696;-3950.79937127487;6990187.44159474;0.049810388314978;-0.00255466264718558;1.10619214035768;-0.0551326766190054;2.26046611860244
83520;-4599497.73860443;2691353.64118237;4855995.89656549;-5800.34012827295;-1741.78731132344;-4108.10546101847;6990609.36153107;0.0497835113696696;-0.00139649015603048;1.10620793788462;-0.0551535589025989;2.28978129120581
83550;-4771284.9728417;2637823.77266065;4730448.77159557;-5651.31432910247;-1826.53982923411;-4260.95075540872;6991030.66358133;0.0497526809672798;-0.000289912663257666;1.10622381018781;-0.0551732895293057;2.31907678781668
83580;-4938527.73464794;2581781.39722878;4600384.49018576;-5497.40245418144;-1909.27791452723;-4409.23248336598;6991449.9413664;0.0497181884088397;0.000758391713111218;1.10623969939835;-0.0551918738998181;2.34836144517337
83610;-5101081.89212808;2523287.82405417;4465941.44322914;-5338.76806491939;-1989.94352258084;-4552.8524781519;6991865.82696232;0.0496803487188487;0.00174229779579303;1.10625554845338;-0.0552093210503185;2.37764358582975
83640;-5258808.23786805;2462406.07070894;4327260.89866298;-5175.57587811663;-2068.4807981332;-4691.71708880044;6992276.99320168;0.0496394980047484;0.0026562636585966;1.10627130125129;-0.055225643543641;2.4069309857139
83670;-5411572.5217955;2399200.79805215;4184486.86732246;-5007.99164742897;-2144.83603769838;-4825.73709172351;6992682.15570247;0.0495959907536509;0.00349535765975429;1.1062869027981;-0.0552408573550673;2.43623084503704
83700;-5559245.48062068;2333738.24624298;4037765.97143832;-4836.18205385722;-2218.95765178399;-4954.82760290926;6993080.07464268;0.0495501970791025;0.00425528215692748;1.10630229934534;-0.0552549817534834;2.465549762593
83730;-5701702.86412305;2266086.1718878;3887247.31575482;-4660.31460491485;-2290.7961271234;-5078.90799110199;6993469.55629934;0.049502499930237;0.00493239383895358;1.10631743851951;-0.0552680391785667;2.49489371351165
83760;-5838825.45853871;2196313.78631742;3733082.36123297;-4480.5575421217;-2360.30398912168;-5197.9017923249;6993849.45437018;0.0494532922754204;0.00552372058743412;1.10633226944341;-0.0552800551146222;2.52426803055187
83790;-5970499.10729302;2124491.69498549;3575424.80129375;-4297.07975646692;-2427.43576470146;-5311.73662608022;6994218.67109637;0.0494029742723458;0.00602697476308679;1.10634674284945;-0.0552910579616333;2.55367738903704
83820;-6096614.72931222;2050691.83797335;3414430.4405463;-4110.05071148135;-2492.14794572252;-5420.34411353633;6994576.15820387;0.0493519504365271;0.0064405627971726;1.10636081118539;-0.0553010789040403;2.583125795551
83850;-6217068.33513683;1974987.43158158;3250257.07593703;-3919.64037355784;-2554.39895313736;-5523.65979798775;6994920.91768108;0.0493006268202277;0.00676359095906988;1.10637442871255;-0.0553101517777088;2.6126165805211
83880;-6331761.04104884;1897452.91098401;3083064.38024756;-3726.01914915703;-2614.14910203375;-5621.62306785121;6995252.00240928;0.0492494082140215;0.00699586716700464;1.10638755159694;-0.0553183129355031;2.64215239481904
83910;-6440599.08141377;1818163.8739153;2913013.78786165;-3529.35782853631;-2671.36056770472;-5714.17708244004;6995568.51666232;0.0491986953834185;0.00713789871127126;1.10640013799356;-0.0553256011118285;2.6717352105078
83940;-6543493.81942806;1737197.02535947;2740268.38271447;-3329.82753564027;-2725.99735287652;-5801.26870073875;6995869.61649092;0.0491488823532334;0.00719088576803146;1.10641214812405;-0.0553320572864656;2.70136632585383
83970;-6640361.75645094;1654630.12320259;2564992.78833103;-3127.59968379254;-2778.02525621559;-5882.84841338138;6996154.51000641;0.0491003537526535;0.00715671059729741;1.10642354434814;-0.0553377245479712;2.7310463747084
84000;-6731124.5400897;1570541.92480976;2387353.05985485;-2922.84593683061;-2827.41184222661;-5958.87027801866;6996422.45757786;0.0490534822341972;0.00703792234114195;1.10643429122905;-0.0553426479568825;2.76077534033901
84030;-6815708.97119616;1485012.13448288;2207516.57796271;-2715.73817532758;-2874.12641264535;-6029.29185824325;6996672.77195582;0.0490086259799596;0.00683771736723643;1.1064443555932;-0.0553468744089229;2.79055257376325
84060;-6894047.00992164;1398121.35175311;2025651.9445563;-2506.44846754713;-2918.13997942211;-6094.07416622574;6996904.81833499;0.0489661263086626;0.00655991513830239;1.10645370658443;-0.0553504524983667;2.82037681660111
84090;-6966075.78096726;1309951.02045876;1841928.88011737;-2295.14904478084;-2959.42523938392;-6153.18160920003;6997118.01436727;0.0489263053970547;0.00620892962932193;1.10646231571302;-0.0553534323816926;2.8502462284213
84120;-7031737.57815565;1220583.37855716;1656518.12260904;-2082.01228071966;-2997.95655065672;-6206.58193992234;6997311.83013589;0.0488894641291076;0.00578973636058639;1.10647015689983;-0.0553558656416171;2.88015841851011
84150;-7090979.86844009;1130101.40861654;1469591.3278023;-1867.21067451417;-3033.70991092206;-6254.24621121529;6997485.78810028;0.0488558800862259;0.00530783516503139;1.10647720651558;-0.055357805151577;2.91011048194136
84180;-7143755.29545643;1038588.78893176;1281320.97090367;-1650.91683718108;-3066.66293757655;-6296.14873469587;6997639.46302059;0.0488258056912841;0.00476920886146722;1.10648344341574;-0.0553593049406975;2.94009903977264
84210;-7190021.68271318;946129.845206043;1091880.24935716;-1433.30348101587;-3096.79484985624;-6332.26704377477;6997772.48186985;0.0487994665187481;0.00418027806007435;1.10648884897102;-0.055360420059263;2.97012028313817
84240;-7229742.03650484;852809.502738658;901442.986691231;-1214.54341167429;-3124.08645298268;-6362.58186100314;6997884.52374076;0.0487770597824011;0.00354785238138277;1.10649340709381;-0.0553612064446833;3.00017002095396
84270;-7262884.54862351;758713.239057348;710183.537279253;-994.809522587467;-3148.52012438179;-6387.07706983258;6997975.31975352;0.0487587530112717;0.002879078423461;1.10649710426049;-0.0553617207879312;3.03024373089703
84300;-7289422.59893382;663927.036932475;518276.691880319;-774.274791377473;-3170.07980202177;-6405.7396908439;6998044.65296984;0.0487446829232892;0.00218138486253496;1.10649992953006;-0.055362020400409;3.06033661327041
84330;-7309334.75786616;568537.337708723;325897.583825539;-553.112277942149;-3188.75097491131;-6418.55986249073;6998092.3583178;0.0487349545049293;0.00146242511841753;1.10650187455896;-0.0553621630811903;3.09044364731904
84360;-7322604.78887338;472630.994888998;133221.595713851;-331.495123879184;-3204.5206757945;-6425.53082639468;6998118.32253097;0.0487296403037342;0.00073001805640822;1.10650293361222;-0.0553622069845673;3.12055964952164
84390;-7329221.65088617;376295.227904109;-59575.733519663;-109.59655292079;-3217.37747607468;-6426.64891721968;6998122.48410474;0.0487287799390646;-7.91276946796934e-06;1.10650310357115;-0.0553622104878317;-3.13250597382925
84420;-7329179.5007926;279617.576000969;-252318.801300622;112.410127949024;-3227.31148299458;-6421.91355714449;6998104.83327153;0.0487323798348322;-0.000743400801917608;1.1065023839374;-0.0553622320592042;-3.10238793721494
84450;-7322477.69595723;182685.852181234;-444832.034015476;334.351527022115;-3234.31433909611;-6411.32725494348;6998065.41199608;0.0487404131762655;-0.00146849854842397;1.10650077683368;-0.055362330125827;-3.0722768578891
84480;-7309120.79678571;85588.0971217208;-636939.979653218;556.054166366327;-3238.37922397875;-6394.89560967754;6998004.31399086;0.0487528200910494;-0.0021753394790741;1.10649828700083;-0.0553625629417311;-3.04217796625171
84510;-7289118.56933065;-11587.4669925981;-828467.400626896;777.34448062594;-3239.5008583713;-6372.6273189879;6997921.68475106;0.0487695080534271;-0.00285619920435732;1.10649492179157;-0.0553629884556918;-3.01209635284533
84540;-7262485.98792485;-108752.482792588;-1019239.36691281;998.048816451049;-3237.67551052734;-6344.53419197771;6997817.72160738;0.0487903525081723;-0.00350355539565861;1.10649069116056;-0.0553636641788878;-2.98203690943681
84570;-7229243.23781814;-205818.504275751;-1209081.34964465;1217.99343288557;-3232.90100495084;-6310.63116665671;6997692.67379443;0.0488151977096695;-0.00411014593292736;1.10648560765095;-0.0553646470522844;-2.95200427188299
84600;-7189415.71778402;-302697.043653769;-1397819.31529908;1437.00450304509;-3225.17673345353;-6270.93633191615;6997546.84253143;0.0488438577697953;-0.00466902479418332;1.10647968637722;-0.055365993313672;-2.92200276526889
84630;-7143034.04265247;-399299.618566721;-1585279.82060792;1654.90811741756;-3214.50366854148;-6225.47095399139;6997380.58111089;0.0488761179068475;-0.00517361523925053;1.10647294500419;-0.0553677583642988;-2.89203635176961
84660;-7090134.04571525;-495537.799733748;-1771290.10833096;1871.53028912204;-3200.88437912372;-6174.2595073603;6997194.29499054;0.0489117358864634;-0.00561775988411794;1.10646540372219;-0.0553699966350507;-2.86210858164255
84690;-7030756.78093976;-591323.259109671;-1955678.20402148;2086.69696146323;-3184.32304853088;-6117.3297100159;6996988.44188243;0.0489504436443174;-0.00599576731139688;1.10645708521802;-0.0553727614521472;-2.83222254770799
84720;-6964948.52491767;-686567.818616598;-2138273.01391461;2300.23401812212;-3164.82549482674;-6054.71256304099;6996763.5318325;0.0489919490794158;-0.00630245491481567;1.10644801464181;-0.0553761049023387;-2.80238084362329
84750;-6892760.77846393;-781183.499519019;-2318904.42406659;2511.96729632636;-3142.39919339063;-5986.4423944019;6996520.12728304;0.0490359380059847;-0.00653318773025367;1.10643821956934;-0.0553800776976131;-2.7725855262014
84780;-6814250.2677717;-875082.572510078;-2497403.40086979;2721.72260334702;-3117.05330174291;-5912.55690686707;6996258.84310943;0.0490820762513375;-0.00668391306074446;1.10642772995976;-0.0553847290394402;-2.74283808196953
84810;-6729478.94501804;-968177.608575858;-2673602.09306596;2929.32573667168;-3088.79868657994;-5833.097229944;6995980.34662182;0.0491300118866344;-0.00675119075687919;1.10641657810848;-0.05539010648261;-2.71313939810961
84840;-6638513.98830492;-1060381.53070336;-2847333.93537636;3134.60250820764;-3057.64795297884;-5748.10797571521;6995685.35752148;0.0491793775771594;-0.0067322190655911;1.10640479859485;-0.0553962557987473;-2.68348973787083
84870;-6541427.80080919;-1151607.66649661;-3018433.75386378;3337.37877287215;-3023.61547572582;-5657.63729844071;6995374.64780063;0.049229793038593;-0.00662485600824941;1.10639242822466;-0.055403220839617;-2.65388872049615
84900;-6438298.00900451;-1241769.80176379;-3186737.87313738;3537.48046193048;-2986.7174327148;-5561.73695777944;6995049.04157384;0.0492808675857352;-0.00642763629234766;1.10637950596682;-0.0554110434003664;-2.62433530566171
84930;-6329207.45980742;-1330782.23513669;-3352084.22550635;3734.73362144561;-2946.97184035563;-5460.46238546731;6994709.41482793;0.0493322027602324;-0.0061397837987189;1.10636607288432;-0.0554197630828876;-2.59482778238997
84960;-6214244.21648862;-1418559.83378162;-3514312.46218366;3928.96445620709;-2904.39859092337;-5353.87275527299;6994356.69507703;0.0493833950240244;-0.00576121971800159;1.10635217205893;-0.0554294171595195;-2.56536376236573
84990;-6093501.55317961;-1505018.09025904;-3673264.06663509;4119.99937950915;-2859.01949177152;-5242.03105603524;6993991.86090807;0.0494340385054696;-0.00529256643488063;1.10633784850946;-0.0554400404373507;-2.53594017755933
85020;-5967077.94779354;-1590073.18058644;-3828782.47016309;4307.66506915087;-2810.8583063232;-5125.00416756719;6993615.94140148;0.0494837277853594;-0.00473514727694167;1.10632314910332;-0.0554516651234264;-2.50655328204261
85050;-5835077.07316809;-1673642.02355645;-3980713.16980772;4491.78853003351;-2759.94079674461;-5002.86293919357;6993230.01541143;0.0495320607103012;-0.00409098225636597;1.10630812246099;-0.0554643206912072;-2.47719865787213
85080;-5697607.78622674;-1755642.34135908;-4128903.84864018;4672.19716373113;-2706.29476819483;-4875.68227066587;6992835.21068871;0.0495786412211928;-0.00336277993725685;1.10629281885321;-0.0554780337486754;-2.44787122490911
85110;-5554784.11494362;-1835992.72155366;-4273204.49851594;4848.71884541199;-2649.95011453533;-4743.54119517868;6992432.70282933;0.0496230821846965;-0.00255392555998605;1.10627729009066;-0.0554928279085308;-2.41856525444695
85140;-5406725.2428857;-1914612.68043239;-4413467.54534618;5021.18200848753;-2590.93886537069;-4606.52296418718;6992023.71403105;0.0496650082157542;-0.00166846554641153;1.10626158940565;-0.0555087236609703;-2.38927438652455
85170;-5253555.49109501;-1991422.72781324;-4549547.97693678;5189.41573736477;-2529.29523428001;-4464.71513370096;6991609.51163987;0.0497040584791971;-0.00071108849735131;1.1062457713259;-0.0555257382495961;-2.35999165081586
85200;-5095404.2970619;-2066344.43329591;-4681303.47343387;5353.24986867569;-2465.05566808534;-4318.20965170368;6991191.40646812;0.0497398894584324;0.000312897223338429;1.1062298915399;-0.0555438855510504;-2.33070949100314
85230;-4932406.19052979;-2139300.49400917;-4808594.54040418;5512.51510135304;-2398.25889698972;-4167.10294632082;6990770.75086567;0.0497721776789652;0.00139758924421391;1.1062140067538;-0.055563175959024;-2.3014197925613
85260;-4764700.7658603;-2210214.80387325;-4931284.64456666;5667.04311591687;-2328.94598540287;-4011.49601432877;6990348.93652575;0.049800622374169;0.00253652023056568;1.10619817453967;-0.0555836162733469;-2.27211391390403
85290;-4592432.65067718;-2279012.52439475;-5049240.35217898;5816.66670332868;-2257.16038325726;-3851.49450956906;6989927.39200717;0.0498249480802141;0.00372269019181146;1.10618245317496;-0.055605209594913;-2.2427827208668
85320;-4415751.47049671;-2345620.15700589;-5162331.4700693;5961.21990376096;-2182.9479776011;-3687.20883079964;6989507.5799549;0.0498449071464093;0.00494860205139547;1.10616690147306;-0.0556279552272493;-2.21341662452681
85350;-4234811.80904214;-2409965.61695267;-5270431.18928885;6100.53815561816;-2106.35714423814;-3518.75420848276;6989090.99400161;0.0498602821464105;0.00620630050358192;1.10615157860498;-0.0556518485855894;-2.18400562238463
85380;-4049773.1639296;-2471978.30873002;-5373416.23134569;6234.45845513132;-2027.43879916604;-3346.250789975;6988679.15533376;0.0498708881747969;0.00748741420439309;1.10613654391215;-0.0556768811143566;-2.15453934295484
85410;-3860799.89740378;-2531589.20305365;-5471166.99696291;6362.81952683131;-1946.24644954727;-3169.82372254985;6988273.6089066;0.0498765750124267;0.00878320136398304;1.10612185671043;-0.0557030402140122;-2.12500709383245
85440;-3668061.18179261;-2588730.91535053;-5563567.71728773;6485.46200518606;-1862.83624392667;-2989.60323364685;6987875.91929403;0.0498772291427812;0.0100845988233254;1.1061075760854;-0.0557303091782627;-2.09539791331739
85470;-3471730.93934207;-2643337.78574079;-5650506.60745823;6602.22862766345;-1777.26702139071;-2805.72470770445;6987487.66616078;0.0498727756002011;0.0113822747080727;1.10609376067935;-0.0557586671426603;-2.06570062568859
85500;-3271987.77608478;-2695345.96047448;-5731876.02241557;6712.96443945467;-1689.6003593423;-2618.32875889534;6987110.43934648;0.0498631796295463;0.0126666847549728;1.10608046847003;-0.0557880890456592;-2.0359039002216
85530;-3069014.90938937;-2744693.4747765;-5807572.61482768;6817.51701006167;-1599.90061954467;-2427.56129904451;6986745.83355335;0.0498484481354175;0.0139281324006706;1.10606775654177;-0.0558185456032204;-2.00599631403727
85560;-2863000.0888321;-2791320.33704231;-5877497.49496895;6915.73666191691;-1508.23499206595;-2233.57359997108;6986395.4426321;0.0498286308976825;0.0151568327062957;1.10605568084931;-0.0558500032980737;-1.97596641885247
85590;-2654135.51002776;-2835168.61431561;-5941556.39237647;7007.4767111637;-1414.67353673439;-2036.52234945587;6986060.85346363;0.0498038215287527;0.0163429801641898;1.10604429597507;-0.0558824243847529;-1.94580281167593
85620;-2442617.72105371;-2876182.51896726;-5999659.81907937;7092.59372068;-1319.28922169234;-1836.56969999709;6985743.63943753;0.0497741581468588;0.0174768203918899;1.10603365488041;-0.0559157669115258;-1.91549420945069
85650;-2228647.52109895;-2914308.49648187;-6051723.23417168;7170.94776537867;-1222.15795861457;-1633.88330947823;6985445.35353243;0.0497398237386126;0.0185487256639381;1.10602380865181;-0.0559499847603239;-1.88502952758946
85680;-2012429.85097038;-2949495.31424524;-6097667.20947254;7242.40270976054;-1123.35863413507;-1428.63637283429;6985167.52100729;0.0497010461834543;0.0195492741612345;1.10601480624284;-0.0559850277057584;-1.85439796227765
85710;-1794173.67508958;-2981694.1512118;-6137417.59598959;7306.82649763541;-1022.9731370042;-1221.00764376577;6984911.63171769;0.0496580979122798;0.020469332730749;1.10600669421299;-0.0560208414942712;-1.82358907633138
85740;-1574091.85461731;-3010858.68831645;-6170905.69087219;7364.09145385727;-921.086380477552;-1011.18144551536;6984679.13207607;0.0496112951727177;0.0213001428441127;1.10599951646448;-0.0560573679444199;-1.79259288829282
85770;-1352401.01134844;-3036945.19948017;-6198068.40451112;7414.07459784602;-817.7863194169;-799.347669689721;6984471.41668047;0.0495609968742931;0.0220334093228545;1.10599331397848;-0.0560945450692319;-1.76139996432366
85800;-1129321.38202829;-3059912.64304254;-6218848.42741073;7456.65796858627;-713.163961564948;-585.701762079621;6984289.81964209;0.0495076029881665;0.0226613912600455;1.10598812455195;-0.0561323072214803;-1.73000151231909
85830;-905076.662751542;-3079722.75343823;-6233194.39642712;7491.72896070605;-607.313372437421;-370.444694405533;6984135.60564839;0.0494515524784064;0.0231769944157077;1.10598398253682;-0.056170585262637;-1.6983894775111
85860;-679893.843118802;-3096340.13291735;-6241061.05993402;7519.18067114298;-500.331673260159;-153.782920894924;6984009.96080459;0.0493933207449343;0.0235738641978584;1.10598091858317;-0.0562093067561425;-1.66655663866414
85890;-454003.029841513;-3109732.3430923;-6242409.44144458;7538.91225580386;-392.319031364996;64.0716814190586;6983913.98330353;0.0493334165624753;0.0238464781658929;1.10597895938799;-0.0562483961854967;-1.63449670379014
85920;-227637.259505909;-3119869.99607591;-6237207.0011839;7550.82929551447;-283.37864244695;282.901889797793;6983848.6739805;0.0492723785051405;0.0239902368138836;1.10597812745172;-0.0562877751975248;-1.60220440412977
85950;-1032.30022916853;-3126726.8449576;-6225427.7950736;7554.84417044112;-173.616704077044;502.485231419875;6983814.92681681;0.0492107708527219;0.0240015512120196;1.10597844084432;-0.0563273628709968;-1.56967558496728
85980;225573.558032535;-3130279.87334627;-6207052.63055581;7550.87644204317;-63.1423798604012;722.594098645284;6983813.51946276;0.0491491789824198;0.0238779259144278;1.10597991298307;-0.0563670760105937;-1.53690729167494
86010;451939.724734346;-3130509.3836898;-6182069.21865077;7538.8532414881;47.9322463713698;942.995885026594;6983845.10385783;0.0490882042585476;0.0236180353871087;1.10598255242422;-0.0564068294659998;-1.50389784922842
86040;677823.541727557;-3127399.08406337;-6150472.3216094;7518.70966332657;159.492226940558;1163.45314314958;6983910.19703231;0.0490284584427025;0.0232217920818343;1.10598636267081;-0.0564465364756797;-1.4706469333056
86070;902980.52811702;-3120936.17310021;-6112263.89548993;7490.38916308691;271.419817874528;1383.72376535145;6984009.17218145;0.0489705576578451;0.0226904041890115;1.10599134199879;-0.0564861090346505;-1.43715563098775
86100;1127164.63708682;-3111111.42272098;-6067453.22695731;7453.84395730566;383.594558211021;1603.5611883192;6984142.25010866;0.0489151159515186;0.0220264210570151;1.10599748330388;-0.0565254582853059;-1.40342648903622
86130;1350128.52474322;-3097919.2583006;-6016057.06357459;7409.03542436561;495.893361620017;1822.71462251161;6984309.49114006;0.0488627385158128;0.0212337642754769;1.10600477397141;-0.0565644949300768;-1.3694635477268
86160;1571623.83097285;-3081357.83589494;-5958099.73682823;7355.9345043654;608.190620876961;2040.92930727626;6984510.78761705;0.0488140146343325;0.0203177424966918;1.10601319577148;-0.056603129664429;-1.33527235830045
86190;1791401.47225865;-3061429.11613429;-5893613.27710458;7294.52209609731;720.358325687264;2257.94679244562;6984745.85707723;0.0487695104389795;0.0192850482188852;1.10602272478153;-0.0566412736284126;-1.30085998223786
86220;2009211.94633596;-3038138.93437597;-5822637.51981268;7224.78944906363;832.266194319358;2473.50524709386;6985014.2362366;0.0487297615713803;0.0181437349834755;1.10603333133877;-0.0566788388746749;-1.26623497079371
86250;2224805.64850731;-3011497.06669573;-5745220.20182967;7146.7385483186;943.781819452792;2687.33979601759;6985315.27588726;0.0486952658547905;0.0169031737474569;1.10604498002419;-0.0567157388505591;-1.23140732353472
86280;2437933.19936559;-2981517.29128608;-5661417.04743041;7060.38248978506;1054.77082858853;2899.18288436832;6985648.1368248;0.0486664760917976;0.0155739875794171;1.10605762968039;-0.0567518888916072;-1.19638842501326
86310;2648345.78360295;-2948217.4448202;-5571291.84285223;6965.74584356382;1165.09705930041;3108.76467071279;6986011.78691762;0.048643793110597;0.0141679642874625;1.10607123346468;-0.0567872067235031;-1.16119095916756
86340;2855795.49950651;-2911619.47333317;-5474916.49863983;6862.86500263265;1274.62274952965;3315.81344862802;6986404.99942752;0.0486275591875691;0.0126979471076857;1.10608573893926;-0.0568216129692063;-1.12582880156006
86370;3060035.71866207;-2871749.47716711;-5372371.0989151;6751.78851422242;1383.20874303783;3520.05609675201;6986826.3526849;0.048618051975886;0.0111777041477167;1.10610108819962;-0.0568550316577668;-1.09031689013141
