t;x;y;z;vx;vy;vz;a;e;w;i;raan;nu
0;6460000;0;0;0;4616.77361808314;6593.43604024501;6800000;0.0499999999999999;0;0.959931088596881;0;0
30;6455695.57246151;138472.442901059;197759.004640789;-286.924983467434;4613.69747598725;6589.02898998066;6799978.06853352;0.0499959709000868;0.00117892274157461;0.959930100865909;-3.00509753269668e-08;0.0361999910915389
60;6442788.92139595;276760.377479272;395253.672748433;-573.407977650903;4604.47506885063;6575.816485816;6799912.43183241;0.0499839339201047;0.00234131017534536;0.959927143875928;-2.4016001445826e-07;0.0724117009979731
90;6421299.92255377;414679.65630463;592220.186218795;-859.00821660142;4589.12442856562;6553.82443086012;6799803.55838859;0.0499640389821843;0.00347083741147445;0.959922236184156;-8.09085126967099e-07;0.108646647932959
120;6391261.64110069;552046.852224815;788395.761636441;-1143.28737348858;4567.6755251714;6523.09587739778;6799652.22383685;0.0499365336600791;0.00455159817997125;0.959915408550669;-1.91299685437569e-06;0.144915951082764
150;6352720.24038611;688679.614772587;983519.162251137;-1425.81076134874;4540.17014294249;6483.69084863845;6799459.50325721;0.0499017597664268;0.00556830873640322;0.959906703687546;-3.72421593536236e-06;0.181230136396288
180;6305734.85500605;824397.022131791;1177331.2035653;-1706.1485115056;4506.6617084226;6435.68609133785;6799226.76055608;0.0498601486385404;0.00650650523290309;0.959896175911712;-6.4099881638612e-06;0.217598948790079
210;6250377.42893677;959019.927241604;1369575.25048912;-1983.87672262532;4467.21507188661;6379.17476142575;6798955.63507957;0.0498122151860039;0.00735273230183851;0.959883890705508;-1.01313080378028e-05;0.25403117298252
240;6186732.51972147;1092371.29666896;1559997.70409262;-2258.57857370524;4421.90624409878;6314.2660453287;6798648.02565122;0.0497585507809173;0.00809472055217507;0.959869924189983;-1.5041802130383e-05;0.290534465219902
270;6114897.06988748;1224276.54094057;1748348.47607218;-2529.84539470512;4370.82209059377;6241.08472019152;6798306.07226054;0.0496998150887076;0.00872155063914094;0.959854362516872;-2.12866823065266e-05;0.327115198198036
300;6034980.14695329;1354563.83509775;1934381.44915259;-2797.2776890038;4314.05998603279;6159.77065667093;6797932.13565859;0.0496367269538011;0.00922380154803719;0.959837301186071;-2.90017779729451e-05;0.363778321504558
330;5947102.65355123;1483064.42831822;2117854.92176222;-3060.48610239591;4251.72743147691;6070.478268391;6797528.77514167;0.0495700544699272;0.00959368074626044;0.959818844296175;-3.83126555036415e-05;0.400527239895839
360;5851397.00934181;1609612.94153831;2298532.03544684;-3319.09233392088;4183.94163766957;5973.37591251036;6797098.72482335;0.0495006043790501;0.00982513391659903;0.959799103736236;-4.93338318459487e-05;0.437363711665625
390;5748006.80652755;1734047.65210471;2476181.18362637;-3572.7299844328;4110.82907762834;5868.64524615019;6796644.86870864;0.0494292109555956;0.00991393210284627;0.959778198327447;-6.21680881065712e-05;0.474287769246937
420;5637086.44088762;1856210.76458683;2650576.40044428;-3821.04533946222;4032.52501200993;5756.48054366815;6796170.21489194;0.0493567245433652;0.00985773428646305;0.959756252923777;-7.69058876602492e-05;0.511297664003603
450;5518800.7203479;1975948.66698633;2821497.72861229;-4063.69808358092;3949.17299083232;5637.08797993571;6795677.86920232;0.0492839999209089;0.00965612367932063;0.959733397480872;-9.36249020377978e-05;0.548389836904188
480;5393324.45317491;2093112.17168938;2988731.56530923;-4300.361944147;3860.9243352126;5510.68488488428;6795171.00861614;0.0492118846767417;0.00931061636705748;0.959709766102586;-0.000112389646563268;0.585558916424365
510;5260842.0179358;2207556.74061745;3152070.98535154;-4530.72526297128;3767.9376028111;5377.49897463087;6794652.85474844;0.0491412077782688;0.00882464137088251;0.959685496074551;-0.000133251226428741;0.622797744593284
540;5121546.91740034;2319142.69414294;3311316.04101263;-4754.49149509645;3670.37804066108;5237.76756447883;6794126.64772085;0.0490727685172534;0.00820349170771577;0.959660726893974;-0.000156247192657571;0.660097431590403
570;4975641.31857594;2427735.40344611;3466274.0380258;-4971.37963451062;3568.41702901343;5091.73676901624;6793595.62068573;0.0490073260098729;0.00745424660871957;0.959635599304659;-0.000181401506210741;0.697447438721899
600;4823335.5810626;2533205.46609685;3616759.78746038;-5181.12456721775;3462.23151973816;4939.66069440933;6793062.9752651;0.0489455894206761;0.00658566568828948;0.959610254345825;-0.000208724607374073;0.73483568897674
630;4664847.77589375;2635428.86474986;3762595.83331152;-5383.47735265333;3352.00347270318;4781.80062781327;6792531.85813779;0.0488882090670335;0.0056080565177239;0.959584832422836;-0.000238213586520419;0.772248703703127
660;4500403.19699121;2734287.10894189;3903612.65578807;-5578.20543495764;3237.9192934;4618.42422860559;6792005.33898152;0.0488357685440993;0.00453311772423435;0.959559472407452;-0.000269852451400929;0.809671763282405
690;4330233.86730964;2829667.3600754;4039648.85042091;-5765.09278609783;3120.16927490875;4449.80472589232;6791486.38994737;0.0487887779901156;0.0033737603773951;0.959534310774486;-0.000303612485278058;0.847089089038775
720;4154578.04167996;2921462.53976263;4170551.28324281;-5943.93998325899;2998.94704709545;4276.22012645001;6790977.86681477;0.0487476685885808;0.00214391101217322;0.959509480781182;-0.000339452689488556;0.884484043038688
750;3973679.70828234;3009571.42178783;4296175.22241177;-6114.56422330182;2874.44903571797;4097.95243695473;6790482.49194392;0.0487127883779321;0.000858300140042954;0.959485111694799;-0.000377320303417659;0.921839341933896
780;3787788.09059089;3093898.70802222;4416384.4467599;-6276.79927740892;2746.87393388614;3915.28690401712;6790002.83911325;0.0486843994117541;-0.000467759507765584;0.959461328073185;-0.000417151394374671;0.959137280611889
810;3597157.15153402;3174355.08869585;4531051.33185052;-6430.49538931244;2616.4221880817;3728.51127519695;6789541.32029922;0.0486626762839319;-0.00181860050029861;0.959438249102317;-0.000458871509497392;0.996359961159068
840;3402045.10150922;3250857.28749331;4640056.91421618;-6575.5191207136;2483.29550069773;3537.91508381663;6789100.17442782;0.0486477060045816;-0.00317842937096055;0.959415987994001;-0.000502396381561558;1.03348952252934
870;3202713.91178051;3323328.09199516;4743290.93452917;-6711.75314767121;2347.69635080941;3343.7889600364;6788681.45810041;0.048639489184913;-0.00453155184483212;0.959394651446144;-0.000547632680440688;1.07050836635101
900;2999428.834671;3391696.37003449;4840651.86052506;-6839.09601185282;2209.82753464158;3146.42397029891;6788287.03827152;0.0486379424633452;-0.00586259023791894;0.959374339167255;-0.000594478801937329;1.10739937449604
930;2792457.93184553;3455897.07257863;4932046.89055759;-6957.46183061237;2069.89172695596;2946.11098690197;6787918.58683405;0.048642902081999;-0.00715668896743705;0.959355143466083;-0.000642825685786119;1.14414611436746
960;2582071.6118587;3515871.22377883;5017391.93871072;-7066.7799698847;1928.09106434597;2743.14008911975;6787577.57704677;0.0486541285028348;-0.00839970456649334;0.959337148906605;-0.000692557654804089;1.18073302831629
990;2368542.17802404;3571565.89885725;5096611.60243168;-7166.99468387329;1784.62675120078;2537.79999696691;6787265.28172199;0.0486713119367141;-0.00957837715009796;0.959320432027934;-0.000743553267421625;1.21714560415401
1020;2152143.38754151;3622934.19051999;5169639.11367681;-7258.06472545827;1639.69868888564;2330.3775383911;6786982.77307613;0.0486940786468608;-0.0106804809051158;0.959305061128089;-0.000795686176160841;1.25337052435291
1050;1933150.02270371;3669935.16459831;5236416.274581;-7339.96293116903;1493.50512848321;2121.1571503882;6786730.92413362;0.0487219978807507;-0.0116949518437084;0.95929109611004;-0.000848825985028744;1.28939579219454
1080;1711837.4748877;3712533.80562771;5296893.37867274;-7412.67578445573;1346.24234725254;1910.42041426351;6786510.41156528;0.0487545892812957;-0.0126119917374134;0.959278588387928;-0.00090283909924453;1.32521083380443
1110;1488481.3419289;3750700.95307652;5351029.11865896;-7476.20296085955;1198.10434878906;1698.44562501276;6786321.71983498;0.0487913306290822;-0.0134231478093182;0.959267580850952;-0.000957589561216686;1.36080657567184
1140;1263357.03936818;3784413.22893281;5398790.48180032;-7530.55685852641;1049.28258671073;1485.50739456901;6786165.14652379;0.0488316657720261;-0.0141213683784078;0.959258107882014;-0.0010129398672161;1.39617549787021
1170;1036739.42596229;3813652.95735097;5440152.63388634;-7575.76211733844;899.965711553036;1271.87628845654;6786040.80869836;0.0488750126065801;-0.0147010352034201;0.959250195427938;-0.00106875175974337;1.43131166374713
1200;808902.443752122;3838408.0770479;5475098.79280346;-7611.85512975294;750.339340428905;1057.81849520999;6785948.65018978;0.0489207709850488;-0.0151579737477122;0.959243861117796;-0.00112488699115493;1.46621072732678
1230;580118.772893776;3858672.04712361;5503620.09266734;-7638.88354624589;600.585848897789;843.595527756698;6785888.44965078;0.0489683304359839;-0.0154894429717995;0.959239114425722;-0.00118120805468434;1.50086992005262
1260;350659.501373296;3874443.74696301;5525715.43946435;-7656.90577805735;450.88418439186;629.463955821171;6785859.82926185;0.0490170775984491;-0.0156941065530869;0.959235956874413;-0.0012375788795622;1.53528801879068
1290;120793.809648053;3885727.37085475;5541391.35911761;-7665.99049973312;301.409700465062;415.675168292311;6785862.2639615;0.0490664032855523;-0.0157719876325861;0.959234382275488;-0.00129386548749553;1.56946529721334
1320;-109211.329813937;3892532.31793991;5550661.83885892;-7666.21615375343;152.334011062311;202.475164395665;6785895.09108149;0.0491157091075106;-0.0157244093017407;0.959234377002798;-0.00134993660830828;1.60340346279669
1350;-339091.438191226;3894873.07807844;5553548.16275271;-7657.6704593367;3.82486395063114;-9.89562756700894;6785957.52027432;0.0491644135991444;-0.0155539230770424;0.959235920294821;-0.00140566425306203;1.63710558169797
1380;-568584.801316732;3892769.11419464;5550078.74217939;-7640.44992730753;-143.953967589546;-221.202505211109;6786048.64362775;0.0492119578107121;-0.0152642275758463;0.959238984582311;-0.0014609242434674;1.67057599374486
1410;-797432.726243971;3886244.74163576;5540288.94204619;-7614.65938272347;-290.842775747051;-431.216622142323;6786167.44586879;0.0492578103340666;-0.014860079516025;0.959243535837473;-0.00151559669685668;1.7038202196768
1440;-1025379.78362754;3875329.00504898;5524220.90345231;-7580.4114967675;-436.685992793035;-639.71509448829;6786312.81456826;0.0493014717480123;-0.0143471990267903;0.959249533941039;-0.00156956646641528;1.73684486264227
1470;-1252174.03621613;3860055.55325347;5501923.36349392;-7537.8263292324;-581.332250293877;-846.481085286205;6786483.55026518;0.0493424784773193;-0.0137321710903815;0.959256933063779;-0.00162272353676062;1.76965750578752
1500;-1477567.25379366;3840462.51255489;5473451.47285201;-7487.03088275103;-724.634423898159;-1051.30386813054;6786678.37643903;0.0493804060690218;-0.0130223447453062;0.959265682059154;-0.00167496337531149;1.80226660758223
1530;-1701315.11493595;3816592.35892051;5438866.61176447;-7428.15866976339;-866.449664669411;-1253.97887148129;6786895.94926644;0.049414871897376;-0.0122257314818726;0.959275724863969;-0.00172618724020746;1.83468139632683
1560;-1923177.39597827;3788491.78940411;5398236.20494164;-7361.34929305727;-1006.63941792731;-1454.30770501992;6787134.86710721;0.0494455373152103;-0.011350904058343;0.95928700090414;-0.00177630244581707;1.86691176508273
1590;-2142918.14761142;3756211.59318113;5351633.5359433;-7286.74804057553;-1145.06943054545;-1652.09816941926;6787393.67967265;0.0494721092744386;-0.0104068967682085;0.959299445502848;-0.00182522258711585;1.89896816806793
1620;-2360305.85954321;3719806.52252643;5299137.56149467;-7204.5054950484;-1281.60974763439;-1847.16425086532;6787670.89683717;0.0494943414423202;-0.00940310800166979;0.959312990288595;-0.00187286772442041;1.93086151937217
1650;-2575113.61367688;3679335.16403941;5240832.72617906;-7114.77715888515;-1416.13469951534;-2039.3261016352;6787964.99706111;0.0495120348427754;-0.00834920577151118;0.95932756360089;-0.0019191645301364;1.96260309467201
1680;-2787119.22626929;3634859.81039455;5176808.77790651;-7017.72309464465;-1548.52287986299;-2228.41000799657;6788274.43540007;0.0495250380538099;-0.00725503671793074;0.959343090891517;-0.00196404639931589;1.99420443646941
1710;-2996105.37953964;3586446.33286946;5107160.5845203;-6913.50758129919;-1678.65711586653;-2414.24834665171;6788597.65108222;0.0495332469930256;-0.006130538970262;0.959359495119543;-0.0020074535259261;2.02567726324016
1740;-3201859.74320471;3534164.05487759;5031987.95186711;-6802.29878641013;-1806.42443122643;-2596.67953090307;6788933.07464094;0.0495366043234196;-0.00498565912696669;0.959376697138447;-0.00204933294680942;2.05703338276085
1770;-3404175.08641847;3478085.62670866;4951395.4436223;-6684.26845424706;-1931.71600277114;-2775.5479476699;6789279.13459584;0.0495350985113342;-0.0038302735181653;0.959394616073962;-0.00208963855536576;2.08828460978527
1800;-3602849.38059394;3418286.90165681;4865492.20312834;-6559.59160980347;-2054.42711144376;-2950.70388643528;6789634.26367977;0.0495287625676324;-0.00267411383718082;0.959413169691397;-0.00212833108701238;2.11944268816231
1830;-3797685.8935826;3354846.81369473;4774391.77747291;-6428.44627859185;-2174.45708837336;-3122.00346115277;6789996.90461385;0.0495176725020721;-0.0015266971677953;0.959432274751431;-0.00216537807848366;2.15051921742704
1860;-3988493.27568211;3287847.25683073;4678211.9440032;-6291.01322203802;-2291.70925671061;-3289.30852609046;6790365.51543667;0.0495019455194925;-0.00039726039056413;0.959451847353507;-0.0022007538030153;2.18152558385246
1890;-4175085.63793707;3217372.96626625;4577074.53944409;-6147.47568823936;-2406.09086987164;-3452.48658653907;6790738.57439673;0.0494817379849515;0.000705301076828989;0.959471803266167;-0.00223443918342442;2.21247289592035
1920;-4357282.62318939;3143511.40145225;4471105.29176115;-5998.01917780206;-2517.51304679891;-3611.41070526006;6791114.58442042;0.0494572431833942;0.00177249026543142;0.959492058243789;-0.00226642168504942;2.24337192415367
1950;-4534909.47032594;3066352.63112532;4360433.65488376;-5842.83122443047;-2625.89070481318;-3765.95940549945;6791492.07717015;0.0494286888978796;0.00279626143144891;0.959512528329342;-0.00229669519045318;2.27423304524833
1980;-4707797.07216073;2985989.22038757;4245192.64637948;-5682.10118990385;-2731.14249059675;-3916.01657134394;6791869.61670929;0.0493963348288879;0.00376906868228836;0.959533130142919;-0.00232525985771697;2.30506619044668
2010;-4875782.02737713;2902516.11987863;4125518.68814849;-5516.02007304476;-2833.1907098146;-4061.47134614802;6792245.80279207;0.049360469875828;0.00468391049834463;0.95955378115591;-0.00235212196407644;2.33588079810758
2040;-5038706.68694393;2816030.55707355;4001551.45018555;-5344.78033225574;-2931.96125584813;-4202.21802971426;6792619.27379818;0.0493214093005718;0.00553437017849618;0.959574399950792;-0.00237729373655821;2.36668577044555
2070;-5196419.19540536;2726631.92972636;3873433.69743723;-5168.57572117872;-3027.38353808497;-4338.15597486393;6792988.70933249;0.049279491791726;0.00631465221434544;0.959594906466609;-0.00240079317118407;2.39748943443366
2100;-5348773.52743199;2634421.70146642;3741311.13976371;-4987.60113701271;-3119.3904101781;-4469.18948399191;6793352.83251101;0.0492350764473721;0.00701961457410704;0.959615222230298;-0.00242264384221106;2.4282995068889
2130;-5495629.52000505;2539503.29954261;3605332.28499715;-4802.05248101027;-3207.91809865924;-4595.22770615829;6793710.41195467;0.0491885396932295;0.00764479685130344;0.959635270574088;-0.00244287470277424;2.45912306378371
2160;-5636852.90059223;2441982.01469929;3465648.29507294;-4612.12653066136;-3292.90613226327;-4716.18453522935;6794060.26351272;0.0491402721525672;0.00818644420922266;0.959654976839265;-0.00246151987819844;2.48996651385151
2190;-5772315.31165801;2341964.9031577;3322412.84519481;-4418.02082306382;-3374.29727229483;-4831.97850954284;6794401.25173714;0.0490906754837587;0.00864152702967161;0.959674268566648;-0.00247861845314143;2.52083557657576
2220;-5901894.33183654;2239560.69066692;3175781.98598177;-4219.93354897346;-3452.03744434293;-4942.5327135363;6794732.29112966;0.0490401592010735;0.00900775615606284;0.959693075674156;-0.00249421425363163;2.55173526467058
2250;-6025473.49407997;2134879.6785795;3025914.00853152;-4018.06345702177;-3526.07567162576;-5047.77468174345;6795052.34718234;0.0489891374941613;0.00928359360692492;0.95971133062189;-0.00250835562495917;2.58266987117444
2280;-6142942.30107921;2028033.6518992;2872969.31232381;-3812.60976758723;-3596.36401022569;-5147.63630553081;6795360.43723194;0.0489380260616596;0.00946825862768497;0.959728968565184;-0.00252109520628659;2.61364296128635
2310;-6254196.23823933;1919135.7892401;2717110.27587633;-3603.77209580466;-3662.85748645302;-5242.0537429168;6795655.63114814;0.04888723897442;0.0095617289473172;0.95974592749607;-0.0025324897027464;2.64465736907518
2340;-6359136.78447581;1808300.57463029;2558501.1300557;-3391.75038319788;-3725.51403655731;-5330.9673317863;6795937.05187435;0.0488371855839935;0.00956473711217894;0.959762148373653;-0.00254259965570309;2.67571519918655
2370;-6457671.42108271;1695643.71108641;2397307.83393767;-3176.7448374223;-3784.29444898621;-5414.32150678712;6796203.8758395;0.048788267492185;0.00947876178310441;0.959777575243863;-0.00255148921176927;2.70681783365801
2400;-6549713.6389084;1581282.03587987;2233697.95310173;-2958.95587960642;-3839.16230937419;-5492.06472016889;6796455.33325781;0.0487408755976648;0.00930601390375097;0.959792155349067;-0.00255922589108198;2.73796594393091
2430;-6635182.94405912;1465333.43741046;2067840.54023857;-2738.58409878456;-3890.08394842672;-5564.14936680137;6796690.70833311;0.0486953872357744;0.00904941767797567;0.959805839228011;-0.00256588035526583;2.7691595081176
2460;-6714004.86233566;1347916.77359805;1899906.01794147;-2515.83021291686;-3937.02839285029;-5630.53171358658;6796909.33938275;0.0486521634277463;0.00871258633189705;0.959818580806551;-0.00257152617543693;2.80039783354451
2490;-6786110.94259309;1229151.79169897;1730066.06354708;-2290.89503599663;-3979.96731946368;-5691.17183345814;6797110.61889554;0.0486115462555465;0.00829979268123544;0.959830337479628;-0.00257623960052981;2.83167958454649
2520;-6851438.75919893;1109159.04944988;1558493.49588515;-2063.9794507495;-4018.87501261237;-5746.03354414165;6797293.9935368;0.0485738563784122;0.00781593457615334;0.959841070184889;-0.00258009932616734;2.86300281543624
2550;-6909931.91374994;988059.837438177;1385362.16379209;-1835.28438643357;-4053.72832499515;-5795.08435183102;6797458.96411277;0.0485393907068681;0.00726649535261273;0.959850743468385;-0.00258318626423292;2.89436500851565
2580;-6961540.03619342;865976.102595257;1210846.83623877;-1605.01080125383;-4084.50664199979;-5838.29539991883;6797605.08550525;0.0485084202495423;0.00665749948029037;0.959859325542686;-0.00258558331325016;2.92576311693474
2610;-7006218.78548407;743030.372705995;1035123.09391907;-1373.35966890898;-4111.19184963321;-5875.64142290186;6797731.96658671;0.0484811881474457;0.00599546366050378;0.9598667883378;-0.00258737512962699;2.95719361214055
2640;-7043929.84989324;619345.681825417;858367.222142222;-1140.53196879256;-4133.7683061211;-5907.10070556777;6797839.27012447;0.0484579079095243;0.00528734369182315;0.959873107545166;-0.00258864789977579;2.98865253559378
2670;-7074640.94707321;495045.496491545;680756.104869279;-906.728679374566;-4152.22281724144;-5932.65504755429;6797926.71268194;0.0484387618622384;0.00454047748418883;0.959878262655038;-0.0025894891130833;3.02013555436815
2700;-7098325.82396463;370253.642621527;502467.11973117;-672.150774292953;-4166.5446154469;-5952.28973335816;6797994.06452364;0.0484238998246388;0.00376252466262391;0.959882236987491;-0.00258998733566956;3.05163802018671
2730;-7114964.25662152;245094.232976674;323678.033863939;-436.999220687931;-4176.72534282193;-5965.99350785801;6798041.14952952;0.0484134380189755;0.0029614032569782;0.95988501771725;-0.00259023198484687;3.08315503139433
2760;-7124542.05001421;119691.595080797;144566.900394937;-201.474979314324;-4182.75903791121;-5973.75855740252;6798067.84512335;0.0484074582252161;0.0021452240230702;0.959886595892536;-0.00259031310416527;3.11468149731643
2790;-7127051.03785647;-5829.80052474728;-34688.0445876209;34.2209940303673;-4184.64212644798;-5975.58049650279;6798074.08221844;0.0484060071860859;0.00132222298125383;0.959886966448039;-0.00259032113891303;-3.13697310276626
2820;-7122489.08248944;-131345.411806613;-213908.48475028;269.887746222975;-4182.37341600199;-5971.45836015613;6798059.84518349;0.0484090962673096;0.000500692789684736;0.959886128212125;-0.00259034671192609;-3.10544342357125
2850;-7110860.07484121;-256730.696663424;-392916.126084364;505.324324136459;-4175.95409455915;-5961.39460181649;6798025.17182964;0.0484167013757556;-0.000311086409797466;0.959884083908333;-0.00259048039955195;-3.07392002903226
2880;-7092173.93446684;-381861.18436614;-571532.799499866;740.329772025696;-4165.38773303641;-5945.39509701513;6797970.15341929;0.0484287631361136;-0.001104916025834;0.959880840151159;-0.0025908125076091;-3.04240809584213
2910;-7066446.60966019;-506612.547132866;-749580.563612628;974.703129436543;-4150.68029172768;-5923.46915262386;6797894.93469582;0.0484451873246913;-0.00187274728656009;0.959876407436127;-0.00259143284718424;-3.01091265366389
2940;-7033700.07761479;-630860.671955855;-926881.807893827;1208.24343009818;-4131.84013066846;-5895.62952174115;6797799.71393258;0.0484658455568583;-0.00260674811195456;0.959870800124048;-0.00259243051011512;-2.97943851956886
2970;-6993962.34459752;-754481.732797982;-1103259.35635001;1440.74970225995;-4108.87802389851;-5861.89242416976;6797684.74299825;0.0484905762227147;-0.00329936798267283;0.959864036419398;-0.00259389364401771;-2.94799023449257
3000;-6947267.44608468;-877352.263275225;-1278536.57190082;1672.02097093568;-4081.80717759374;-5822.27757244263;6797550.32743468;0.0485191856636831;-0.00394340023340034;0.959856138342633;-0.00259590922673174;-2.91657200228519
3030;-6893655.44679629;-999349.229940672;-1452537.46161998;1901.85626252102;-4050.6432520296;-5776.80820334106;6797396.82654228;0.0485514495809897;-0.0045320412427127;0.959847131696291;-0.00259856284007955;-2.88518763188881
3060;-6833172.44055048;-1120350.10628434;-1625086.78300348;2130.05461225183;-4015.40438732966;-5725.5111148365;6797224.65346698;0.0485871146654398;-0.00505894604286511;0.959837046024626;-0.00260193844285846;-2.85384048312279
3090;-6765870.54984555;-1240232.94756155;-1796010.15142621;2356.41507497529;-3976.1112329433;-5668.4167083737;6797034.27528158;0.0486259004364898;-0.00551827993046902;0.959825914566555;-0.00260611814301771;-2.82253341650066
3120;-6691807.92506337;-1358876.46656072;-1965134.14894617;2580.73673970883;-3932.78698078715;-5605.55903639904;6796826.21305339;0.0486675012774444;-0.00590476572044475;0.959813774201595;-0.00261118196900607;-2.79126874744044
3150;-6611048.74317308;-1476160.11041951;-2132286.43461175;2802.81874846621;-3885.45740197403;-5536.97585502273;6796601.04188894;0.048711588652612;-0.00621372634956766;0.959800665388483;-0.00261720764031773;-2.76004820516659
3180;-6523663.20580012;-1591964.13859547;-2297295.85642431;3022.46031983418;-3834.15088704281;-5462.70868168808;6796359.39094529;0.0487578134914826;-0.00644112259996648;0.959786632096118;-0.00262427033730903;-2.72887289653743
3210;-6429727.53651042;-1706169.70209495;-2459992.56510424;3239.46077778771;-3778.89848959061;-5382.80285770414;6796101.9433967;0.0488058087244044;-0.00658358577577713;0.959771721726451;-0.00263244247040988;-2.69774327496892
3240;-6329323.97714561;-1818658.92406062;-2620208.12980388;3453.61958623633;-3719.73397319667;-5297.30761548051;6795829.43634407;0.0488551919538494;-0.00663844522576222;0.959755985028901;-0.00264179344890981;-2.66665911456635
3270;-6222540.78302946;-1929314.98181459;-2777775.65590586;3664.73638979863;-3656.69386151412;-5206.27615028413;6795542.6606537;0.0489055682451261;-0.00660375065981142;0.959739476005885;-0.00265238944955887;-2.63561948951975
3300;-6109472.21685158;-2038022.19045;-2932529.90503945;3872.61106130612;-3589.81749139187;-5109.7656963176;6795242.46071063;0.0489565330203179;-0.00647828925650485;0.959722251809;-0.00266429318529073;-2.60462275877
3330;-5990218.54101863;-2144666.08805997;-3084307.41744131;4077.04375654214;-3519.14706887403;-5007.83760689749;6794929.73407117;0.0490076750392568;-0.00626159760138023;0.959704372625403;-0.00267756367444515;-2.57366655590951
3360;-5864886.00824853;-2249133.52268747;-3232946.63678017;4277.83497672472;-3444.72772790845;-4900.55743848803;6794605.43099784;0.0490585794514527;-0.00595396853055795;0.959685901553907;-0.00269225601094396;-2.54274778424663
3390;-5733586.85016762;-2351312.7410749;-3378288.0375569;4474.78563924543;-3366.60759157899;-4787.99503832109;6794270.55385934;0.0491088309030718;-0.00555645298124602;0.959666904470336;-0.00270842113595353;-2.51186261693559
3420;-5596439.26365538;-2451093.47928588;-3520174.25518339;4667.69715717884;-3284.83783565824;-4670.2246353079;6793926.15637708;0.0491580166832397;-0.00507085696961784;0.959647449881638;-0.00272610561165325;-2.48100650205485
3450;-5453567.39466586;-2548367.0552658;-3658450.21883416;4856.3715280778;-3199.47275425832;-4547.32493391999;6793573.34269898;0.0492057298941112;-0.00449973382731658;0.959627608768303;-0.00274535139781611;-2.45017417250547
3480;-5305101.31923952;-2643026.4634002;-3792963.28715456;5040.61143257059;-3110.56982733695;-4419.37921068758;6793213.26628081;0.049251572629276;-0.00384637183101029;0.959607454414629;-0.00276619563200218;-2.41935966059816
3510;-5151177.02140372;-2734966.47112301;-3923563.38689843;5220.22034327392;-3018.18978979458;-4286.47541293309;6792847.12855423;0.0492951591451091;-0.00311477735539678;0.959587062226392;-0.00278867041426008;-2.38855631720096
3540;-4991936.36764467;-2824083.71761796;-4050103.1545562;5395.00264453316;-2922.39670187552;-4148.70625932391;6792476.17736074;0.0493361190096116;-0.00230965366981031;0.959566509535527;-0.00281280259733003;-2.35775683532978
3570;-4827527.07761836;-2910276.81464772;-4172438.0810212;5564.76376349602;-2823.25802056189;-4006.16934179448;6792101.7051299;0.0493741002131066;-0.00143637548266673;0.959545875391436;-0.00283861358344285;-2.32695327807951
3600;-4658102.6907532;-2993446.44953561;-4290426.65932818;5729.31031301849;-2720.84467162394;-3858.96722835083;6791725.04678047;0.0494087722248033;-0.000500959318048741;0.959525240338609;-0.00286611912891029;-2.29613711081314
3630;-4483822.52838166;-3073495.49031412;-4403930.53548271;5888.45024689205;-2615.23112196353;-3707.2075662326;6791347.57732261;0.0494398289787556;0.000489970214639159;0.959504686180296;-0.00289532915780478;-2.26529923754901
3660;-4304851.65102448;-3150329.09304332;-4512814.66238372;6041.99302786865;-2506.49545185949;-3551.00318486697;6790970.70914006;0.0494669917720561;0.00152921822185318;0.959484295728006;-0.00292624758612686;-2.23443004151119
3690;-4121360.81043629;-3223854.81128989;-4616947.45682405;6189.74980894318;-2394.71942669467;-3390.47219800733;6790595.88893124;0.0494900120572648;0.00260906138722426;0.959464152536738;-0.00295887215795916;-2.20351942983267
3720;-3933526.39600839;-3293982.70774464;-4716200.95953488;6331.53362833434;-2279.98856771365;-3225.73810440525;6790224.59428922;0.0495086741100483;0.00372129390638944;0.959444340625884;-0.00299319429520126;-2.1725568824245
3750;-3741530.37511138;-3360625.46794222;-4810450.99821953;6467.15961858018;-2162.39222132873;-3056.92988631931;6789858.32990154;0.0495227975518237;0.00485727752991677;0.959424944185873;-0.00302919896257151;-2.14153150504531
3780;-3545560.22694832;-3423698.51603179;-4899577.35350103;6596.44523013672;-2042.023626459;-2884.18210511715;6789498.62335213;0.0495322397058737;0.00600799576571946;0.95940604727073;-0.00306686454964864;-2.11043208662106
3810;-3345808.8694779;-3483120.1325316;-4983463.92768415;6719.21046983487;-1918.97997935373;-2707.63499317873;6789147.02050945;0.0495368977639564;0.00716411230264808;0.959387733476855;-0.00310616277180306;-2.07924716087543
3840;-3142474.578957;-3538811.57398327;-5061998.9162087;6835.27815451179;-1793.36249531695;-2527.43454125978;6788805.08048726;0.049536710738913;0.00831603371930688;0.959370085608432;-0.00314705859193516;-2.0479650723324
3870;-2935760.90164327;-3590697.19440365;-5135074.9816445;6944.474180089;-1665.27646671458;-2343.73258042341;6788474.37016658;0.0495316611772136;0.009453976534461;0.959353185330073;-0.00318951016499719;-2.01657404674443
3900;-2725876.55719077;-3638704.56841292;-5202589.43005111;7046.62780631804;-1534.83131661056;-2156.68685759764;6788156.458271;0.0495217766038507;0.0105680386356318;0.95933711280742;-0.00323346880731515;-1.98506226597938
3930;-2513035.3332662;-3682764.61589781;-5264444.38949635;7141.57195735732;-1402.14064734211;-1966.4611037648;6787852.90899058;0.0495071306705424;0.0116482750894589;0.95932194633662;-0.00327887899275583;-1.95341794736513
3960;-2297455.97090893;-3722811.72804695;-5320546.99049691;7229.14353827861;-1267.32228330896;-1773.22509373828;6787565.27515386;0.0494878439769363;0.0126847782882997;0.959307761963768;-0.00332567837779323;-1.92162942744147
3990;-2079362.04015657;-3758783.89457376;-5370809.54811253;7309.18376752898;-1130.49830721603;-1577.15469643136;6787295.09095179;0.0494640845334949;0.013667762322132;0.959294633095595;-0.00337379785751528;-1.88968525000217
4020;-1858981.80545783;-3790622.83191851;-5415149.74539134;7381.5385252929;-991.795088974673;-1378.43191447419;6787043.86422269;0.0494360678341001;0.0145876513801521;0.959282630102899;-0.00342316165457856;-1.85757425822505
4050;-1636548.08039783;-3818274.11219694;-5453490.8178291;7446.05871760989;-851.343306434367;-1177.24491198723;6786813.06831269;0.049404056506258;0.0154351718832304;0.959271819918392;-0.00347368744305818;-1.8252856905834
4080;-1412298.07126634;-3841687.29263764;-5485761.73846857;7502.60065600419;-709.277957085327;-973.788029275202;6786604.13353231;0.0493683595072318;0.0162014479247654;0.959262265630891;-0.00352528650905278;-1.79280928010785
4110;-1186473.20900876;-3860816.04522398;-5511897.40322766;7551.02645227516;-565.738359843328;-768.261783163858;6786418.43823647;0.0493293308356216;0.0168780994545714;0.959254026077964;-0.00357786394978694;-1.76013535642389
4140;-959318.96911168;-3875618.28622934;-5531838.81600583;7591.20442797934;-420.868146001615;-560.87285166489;6786257.29956205;0.0492873677299736;0.0174573424787892;0.959247155439372;-0.0036313189128051;-1.72725494982761
4170;-731084.678990872;-3886056.30530685;-5545533.27307863;7623.00953800779;-274.815238412039;-351.834041622112;6786121.96386494;0.0492429083290792;0.0179320903708627;0.959241702833885;-0.00368554487666756;-1.69415989648333
4200;-502023.312469555;-3892096.89376589;-5552934.54624921;7646.32380752503;-127.731817938893;-141.364237966172;6786013.59690612;0.0491964287728409;0.018296055197399;0.959237711922229;-0.00374042997434225;-1.66084294363486
4230;-272391.270958853;-3893711.47163935;-5554003.06418418;7661.03678138865;20.22572378463;70.3116668135878;6785933.27384458;0.0491484397280523;0.0185438477630627;0.959235220519151;-0.00379585736023074;-1.62729785352103
4260;-42448.150981246;-3890876.21311577;-5548706.0913194;7667.04598501193;168.896846275271;282.96286438169;6785881.96910354;0.0490994823302563;0.0186710748764265;0.959234260217781;-0.00385170562147625;-1.59351950448352
4290;187543.502288683;-3883572.16988162;-5537017.9036791;7664.25739546567;318.11693777281;496.352744855582;6785860.54618439;0.0490501235410672;0.0186744321421863;0.959234856029635;-0.00390784923387234;-1.55950398755704
4320;417318.455753126;-3871785.39188939;-5518919.96090977;7652.58592144028;467.717409439982;710.23903508275;6785869.74751218;0.0490009509299824;0.0185517904022814;0.959237026043791;-0.00396415906232422;-1.5252486966486
4350;646609.063632408;-3855507.04503825;-5494401.07378899;7631.95589050647;617.525807146729;924.373962264624;6785910.18440396;0.0489525669007318;0.0183022737913488;0.959240781108866;-0.00402050290541263;-1.49075241025426
4380;875145.55741199;-3834733.52522574;-5463457.56642855;7602.30154192232;767.365941771831;1138.50444425943;6785982.32726034;0.0489055823945114;0.0179263272506107;0.959246124541581;-0.00407674608317221;-1.45601536253979
4410;1102656.35063278;-3809466.5682014;-5426093.43235226;7563.56752303869;917.058038920068;1352.37230784451;6786086.49608766;0.0488606101158462;0.0174257712719228;0.959253051865728;-0.00413275206672618;-1.42103930153846
4440;1328868.35860094;-3779713.35462687;-5382320.48359125;7515.7093871541;1066.41890890674;1565.71453615061;6786222.85146553;0.0488182573410647;0.0168038416318971;0.959261550585419;-0.00418838314792045;-1.38582753220666
4470;1553507.33302603;-3745486.60972251;-5332158.49190443;7458.69409046714;1215.26213780284;1778.2635463947;6786391.38608085;0.0487791183841012;0.0160652119364438;0.959271599996505;-0.0042435011465741;-1.3503849421378
4500;1776298.21152233;-3706804.69685757;-5275635.32119957;7392.50048557;1363.39830026225;1989.74749893319;6786591.91695438;0.0487437668091493;0.0152159969383974;0.959283171039959;-0.00429796815241936;-1.31471800787678
4530;1996965.48182904;-3663691.70442083;-5212787.05020163;7317.11980872484;1510.63519476698;2199.89063853267;6786824.07849007;0.0487127474940651;0.0142637348220631;0.959296226200968;-0.00435164729824266;-1.27883478000789
4560;2215233.56051863;-3616177.52529067;-5143658.08439006;7232.55615796595;1656.77810182567;2408.41366860904;6787087.31647977;0.0486865686617948;0.013217346972804;0.959310719457297;-0.00440440356017079;-1.24274484551322
4590;2430827.18587163;-3564297.92820963;-5068301.25620692;7138.82695888012;1801.63006554566;2615.03415901877;6787380.8831968;0.048665694008889;0.0120870741652982;0.959326596280287;-0.00445610458047742;-1.20645926631355
4620;2643471.82449859;-3508094.62035722;-4986777.91252276;7035.96341473666;1944.99219886746;2819.46698779571;6787703.83371073;0.0486505350697239;0.0108843886059058;0.959343793691571;-0.00450662150772371;-1.16999049340577
4650;2852894.09118764;-3447615.30040899;-4899157.98833874;6924.01093747192;2086.66401260421;3021.42481701462;6788055.02355249;0.0486414439617921;0.00962188184045016;0.959362240378284;-0.00455582984850198;-1.13335225658661
4680;3058822.18134909;-3382913.7013672;-4805520.06570121;6803.02955588379;2226.44376826615;3220.6186027278;6788433.10785347;0.0486387066608032;0.0083131291716415;0.959381856869127;-0.00460361032453479;-1.09655943038554
4710;3260986.31531694;-3314049.62245232;-4705951.41681073;6673.09429726372;2364.12885447264;3416.75813866461;6788836.54207447;0.0486425369538823;0.00697253189836347;0.959402555773208;-0.00464984972839775;-1.05962787749834
4740;3459119.19365265;-3241088.94935294;-4600548.03032055;6534.29553859141;2499.51618656212;3609.552633106;6789263.58442968;0.0486530712145556;0.00561513936510028;0.959424242083072;-0.00469444177070316;-1.02257427168906
4770;3652956.46247877;-3164103.66214662;-4489414.61984195;6386.73932334429;2632.40262880427;3798.7113180491;6789712.30009795;0.0486703641342971;0.0042564534647382;0.959446813542744;-0.00473728791120142;-0.985415902784064
4800;3842237.18775145;-3083171.83022515;-4372664.61370493;6230.5476399341;2762.58543840036;3983.94408946219;6790180.56729786;0.0486943855321776;0.00291221884125296;0.959470161081026;-0.00477829816595068;-0.948170466985921
4830;4026704.33726038;-2998377.59358584;-4250420.12506351;6065.85865778132;2889.8627302285;4164.96217710031;6790666.08528472;0.0487250183468452;0.00159820256039768;0.95949416930956;-0.00481739188247459;-0.910855846257591
4860;4206105.26902611;-2909811.12988489;-4122811.90148612;5892.82691707671;3014.03396105259;4341.47884200952;6791166.38430659;0.0487620578940384;0.000329967430175725;0.959518717084531;-0.00485449847468511;-0.87348988094236
4890;4380192.22464714;-2817568.60669139;-3989979.253233;5711.62346836351;3134.90043166941;4513.21009949657;6791678.83753346;0.0488052124487081;-0.000877356563745494;0.959543678130066;-0.00488955810930337;-0.836090140069784
4920;4548722.82603476;-2721752.11842959;-3852069.95949415;5522.43595820492;3252.26580522053;4679.87546498483;6792200.67494787;0.0488541051843153;-0.00200929810386331;0.959568921720668;-0.00492252233557073;-0.798673693938261
4950;4711460.57386454;-2622469.60755442;-3709240.15194467;5325.46865738355;3365.93663964693;4841.19871982109;6792728.99915848;0.0489082774738337;-0.00305226307810626;0.95959431341922;-0.00495335465021419;-0.761256893552661
4980;4868175.34597003;-2519834.76956913;-3561654.17506728;5120.94242831297;3475.72293201919;4996.90869374615;6793260.80306882;0.0489671935283408;-0.00399374138358005;0.959619715866312;-0.00498203098991817;-0.723855161332643
5010;5018643.89380858;-2413966.94156608;-3409484.42279568;4909.09462862866;3581.43867223699;5146.74006040022;6793792.98930408;0.0490302463207695;-0.00482249787889872;0.959644989615866;-0.0050085401439613;-0.686482797202409
5040;5162650.33504349;-2304990.97404982;-3252911.15114626;4690.17894826623;3682.90240336345;5290.43414190865;6794322.39126827;0.0490967647152962;-0.0055287437983694;0.95966999401128;-0.00503288408020575;-0.649152803743841
5070;5299986.64021153;-2193037.08588719;-3092122.26662897;4464.46517772794;3779.93778564648;5427.73971828842;6794845.79567402;0.0491660216978115;-0.00610428547496082;0.959694588095609;-0.00505507817827381;-0.611876733563783
5100;5430453.11138258;-2078240.70232065;-2927313.09036005;4232.23890568324;3872.3741610844;5558.4138371393;6795359.96635734;0.049237243580629;-0.00654264782605119;0.959718631548622;-0.00507515136451039;-0.574664561421805
5130;5553858.85066949;-1960742.27607758;-2758686.09793915;3993.80114454202;3960.04711522167;5682.22261884023;6795861.6691618;0.0493096200356162;-0.00683917070825723;0.959741985642969;-0.0050931461442035;-0.537524583015172
5160;5670022.21641385;-1840687.09171043;-2586450.6353002;3749.46788317665;4042.79903271597;5798.94205226728;6796347.69764994;0.0493823147946413;-0.00699107691415027;0.959764514211179;-0.00510911852751238;-0.500463341654058
5190;5778771.26485675;-1718225.05340777;-2410822.6108969;3499.56956654625;4120.47964310455;5908.35877589083;6796814.89937615;0.0494544768448685;-0.0069975112370581;0.959786084614764;-0.00512313784661888;-0.463485583409529
5220;5879944.17510561;-1593510.45662496;-2232024.16474025;3244.45050258725;4192.94655311894;6010.27083900073;6797260.20243492;0.0495252519390391;-0.00685955064556777;0.959806568706379;-0.0051352864627638;-0.426594240704258
5250;5973389.65522835;-1466701.74399328;-2050283.31496364;2984.46819737161;4260.06576185607;6104.48843775378;6797680.64198191;0.0495937942373607;-0.00658018616678003;0.959825843775742;-0.00514565936304015;-0.389790443761462
5280;6058967.3273463;-1337961.24607725;-1865833.58275059;2719.99262018993;4321.71215511363;6190.83462074252;6798073.38641307;0.0496592778978135;-0.00616427756292926;0.959843793469952;-0.00515436364806792;-0.353073558844815
5310;6136548.08965665;-1207454.90766017;-1678913.59661808;2451.40540088206;4377.76997523932;6269.14595884951;6798435.76288048;0.0497209084352149;-0.00561848229031977;0.959860308678809;-0.00516151791296053;-0.316441251820627
5340;6206014.45339496;-1075352.00034614;-1489766.67720407;2179.09896240371;4428.13326293013;6339.27317428047;6798765.28182128;0.0497779336759601;-0.00495116055021423;0.959875288375949;-0.00516725152527957;-0.279889575255622
5370;6267260.85284814;-941824.822372;-1298640.40385811;1903.47559227321;4472.7062675484;6401.08172386288;6799059.66018054;0.0498296541445286;-0.00417225847994361;0.959888640406845;-0.00517170380495279;-0.243413077027675
5400;6320193.9266466;-807048.386622975;-1105786.16447749;1624.94645717886;4511.40382269662;6454.45233195336;6799316.84301837;0.04987543272924;-0.003293171695468;0.959900282215169;-0.00517502311237112;-0.20700492826639
5430;6364732.76870248;-671200.097940548;-911458.690166745;1343.93056563268;4544.15168401202;6499.28146861677;6799535.02320691;0.0499147034879309;-0.00232659149334794;0.959910141499521;-0.00517736585206379;-0.170657068346026
5460;6400809.14731561;-534459.420898239;-715915.576422751;1060.85368412174;4570.886826402;6535.48176911877;6799712.6589443;0.049946979468886;-0.00128633606250441;0.959918156793248;-0.00517889540045969;-0.134360364612985
5490;6428367.69114049;-397007.53930014;-519416.792659912;776.147212723041;4591.5576982409;6562.98239120797;6799848.48883886;0.0499718594381152;-0.000187169057036762;0.959924277960783;-0.005179780967252;-0.0981047845311158
5520;6447366.04089338;-259027.008726369;-322224.181988708;490.247026604102;4606.12443038317;6581.72930714895;6799941.54434847;0.0499890334206856;0.000955392145864054;0.959928466604902;-0.00518019640077774;-0.0618795779569967
5550;6457774.96587746;-120701.403508611;-124600.953244039;203.592290219374;4614.55899821365;6591.68552799628;6799991.15939549;0.0499982869810483;0.00212527622165826;0.959930696380188;-0.00518031894858522;-0.0256734673015553
5580;6459578.44461302;17785.0404335532;73188.8326732272;-83.3757486729732;4616.84533534725;6592.83125816579;6799996.97701771;0.0499995041849518;0.00330606347352873;0.959930953209114;-0.00518032798497742;0.0105251566175458
5610;6452773.70907717;156247.78542933;270880.780028685;-370.214977815902;4612.97939800276;6585.16397895433;6799958.95295745;0.0499926692034832;0.00448119501404102;0.959929235398207;-0.0051804037177756;0.0467280351859109
5640;6437371.2522809;294502.353077325;468210.676916691;-656.483644572705;4602.96917950202;6568.69846027428;6799877.35613616;0.0499778665379045;0.00563418338967365;0.959925553652957;-0.00518072588683598;0.0829468411883884
5670;6413394.79913737;432364.684951033;664915.013195789;-941.741577791523;4586.83467478051;6543.46670049537;6799752.76600703;0.0499552798621595;0.00674882249631137;0.959919930991269;-0.00518147246696889;0.119192978702581
5700;6380881.24080255;569651.501493311;860731.495546725;-1225.55139987287;4564.60779523206;6509.51779491422;6799586.06682387;0.0499251894981666;0.00780939462654368;0.959912402556451;-0.00518281838785033;0.155477385808776
5730;6339880.53289374;706180.6576201;1055399.55752746;-1507.47972161267;4536.33223464151;6466.91773399202;6799378.43890978;0.0498879685571893;0.00880087246430004;0.9599030153319;-0.00518493428328288;0.191810342260916
5760;6290455.55821198;841771.493582607;1248660.86254287;-1787.09831259383;4502.06328737959;6415.74913310373;6799131.34705206;0.0498440777986192;0.00970911380265445;0.959891827760747;-0.00518798528176035;0.228201284303597
5790;6232681.95480655;976245.179678489;1440259.79770798;-2063.98524018224;4461.86762043635;6356.11089611926;6798846.52619044;0.0497940592753159;0.0105210467131875;0.959878909274828;-0.00519212984972507;0.2646586288686
5820;6166647.91042342;1109425.05345561;1629943.95666113;-2337.72597054272;4415.82300124872;6288.11781567982;6798525.964603;0.0497385288520849;0.0112248428486512;0.959864339738323;-0.00519751869819293;0.301189609432321
5850;6092453.92457048;1241136.94811595;1817464.60947746;-2607.91442552002;4364.01798362807;6211.90011353362;6798171.88482685;0.0496781677007705;0.0118100765260676;0.959848208812319;-0.00520429376256454;0.337800125851722
5880;6010212.53960971;1371209.51090127;2002577.15794045;-2874.15398972301;4306.55155441084;6127.60292474786;6797786.72257903;0.0496137128915852;0.0122678672267551;0.959830615247408;-0.00521258726446988;0.374494610508826
5910;5920048.04244852;1499474.5103251;2185041.57455027;-3136.05846269565;4243.5327437349;6035.38573001243;6797373.10396593;0.0495459472154137;0.0125910031767487;0.959811666112075;-0.00522252086341016;0.411275913068871
5940;5822096.13854698;1625767.13120642;2364622.82377914;-3393.25295164958;4175.08020208414;5935.42174059129;6796933.82128685;0.0494756883856149;0.0127740437484471;0.959791475965268;-0.00523420490480118;0.448145206082149
5970;5716503.60008423;1749926.25655773;2541091.26422511;-3645.37470085744;4101.32174744069;5827.89724075632;6796471.80774914;0.0494037777799407;0.0128133985647533;0.959770165981964;-0.00524773776979347;0.485101913521519
6000;5603427.89023457;1871794.73548283;2714223.03046404;-3892.07385445532;4022.39388603711;5713.01089275361;6795990.11141791;0.049331068893206;0.01270738140071;0.959747863040897;-0.00526320533097563;0.522143664136453
6030;5483036.76559166;1991219.63634606;2883800.39355335;-4133.01415006505;3938.44131030932;5590.97300950359;6795491.86872356;0.0492584156788675;0.0124562372720832;0.959724698783789;-0.00528068051677844;0.559266271212735
6060;5355507.85884651;2108052.48458388;3049612.0992989;-4367.87354131373;3849.61637771527;5462.00480032334;6794980.2778452;0.0491866609622982;0.01206214147917;0.95970080865549;-0.00530022298610631;0.596463739950903
6090;5221028.24387312;2222149.48464011;3211453.68355529;-4596.34474798784;3756.07857410506;5326.33759498479;6794458.57227729;0.0491166251098938;0.0115291698355794;0.959676330934383;-0.0053218789134553;0.633728303217914
6120;5079793.98540335;2333371.72561643;3369127.76398905;-4818.13573320459;3657.99396530777;5184.21205138819;6793929.99487202;0.0490490951358942;0.0108632398495511;0.959651405762203;-0.00534568088354858;0.67105048589161
6150;4932009.67548227;2441585.37033887;3522444.30789122;-5032.97010760495;3555.53464054051;5035.87735203913;6793397.77263055;0.0489848144226948;0.0100720232262508;0.959626174182127;-0.00537164789334838;0.708419197419578
6180;4777887.95888549;2546661.82764795;3671220.87577965;-5240.58746116339;3448.87815114932;4881.59039437584;6792865.0924937;0.0489244732203424;0.00916483070581259;0.959600777193593;-0.00539978545820802;0.745821851570562
6210;4617649.04965434;2648477.9078235;3815282.84067984;-5440.74362376309;3338.20694806308;4721.61497980358;6792335.0783569;0.0488687000768517;0.00815247091982937;0.959575354831787;-0.00543008581791767;0.783244511691474
6240;4451520.24086219;2746915.96115422;3954463.58311557;-5633.21085619583;3223.70782118408;4556.22100606298;6791810.76950648;0.0488180543331236;0.00704708561186799;0.959550045279186;-0.00546252823748717;0.820672059122964
6270;4279735.4096683;2841863.99975639;4088604.66197544;-5817.77797370995;3105.57134375616;4385.68366729243;6791295.10064527;0.0487730197949129;0.00586196419509232;0.959524984015853;-0.00549707939670759;0.858088381801625
6300;4102534.51964587;2933215.80283393;4217555.9615479;-5994.25040464294;2983.99132454838;4210.28266584941;6790790.88364484;0.0487339996699997;0.00461134118274683;0.959500303014533;-0.00553369386184595;0.89547657951684
6330;3920163.12228902;3020871.00565421;4341175.81513456;-6162.45018703676;2859.16427047158;4030.30143963537;6790300.79113173;0.048701312832122;0.003310180496179;0.95947612998579;-0.0055723146322589;0.932819181823723
6360;3732871.85951175;3104735.17258908;4459331.10575878;-6322.21590644221;2731.28886201296;3846.0264083324;6789827.34198463;0.0486751914451092;0.00197395100541824;0.959452587677718;-0.0056128737542652;0.970098374265561
6390;3540915.96885202;3184719.85463815;4571897.34458378;-6473.40257837298;2600.56544363258;3657.74624161016;6789372.88879035;0.0486557799519104;0.000618397870106092;0.95942979323391;-0.00565529299428911;1.00729622834848
6420;3344554.79298691;3260742.63191252;4678758.72774066;-6615.8814790725;2467.19553101955;3465.75115200641;6788939.60727859;0.0486431354047788;-0.000740685688476815;0.959407857612634;-0.00569948456307938;1.04439493065002
6450;3144051.29505242;3332727.14161008;4779808.17234279;-6749.53992840761;2331.3813368589;3270.33221482743;6788529.48772913;0.0486372290856713;-0.00208768164407498;0.959386885069357;-0.00574535188271242;1.08137700653564
6480;2939671.5811459;3400603.0920592;4874947.33252784;-6874.28102880565;2193.32531651487;3071.78071706114;6788144.32832146;0.0486379493408486;-0.00340736115013256;0.959366972704007;-0.00579279038810308;1.11822553419817
6510;2731684.43126984;3464306.26344668;4964086.59642337;-6990.02336420822;2053.2297347963;2870.38753694956;6787785.73037451;0.0486451055314933;-0.00468508532755991;0.959348210073643;-0.00584168835485826;1.15492434511247
6540;2520360.83985716;3523778.49587677;5047145.06497636;-7096.70066302888;1911.29625473758;2666.4425555326;6787455.0954054;0.0486584329835324;-0.00590698942248043;0.959330678870517;-0.00589192774551239;1.19145820749042
6570;2305973.56689798;3578967.66543304;5124050.51362129;-7194.26142907726;1767.72554910547;2460.23410115433;6787153.6239191;0.0486775988052306;-0.00706014748375984;0.95931445266486;-0.00594338506647285;1.22781298990545
6600;2088796.70057034;3629827.64893276;5194739.33778692;-7282.66854435217;1622.71693513114;2252.04842761946;6786882.31582724;0.0487022084307793;-0.00813271535433952;0.959299596711154;-0.00599593222835909;1.26397580290058
6630;1869105.23216129;3676318.27807573;5259156.48325783;-7361.89884751553;1476.46803276852;2042.16922640293;6786641.97238258;0.0487318127421158;-0.00911405044579644;0.959286167816099;-0.00604943740284094;1.2999351170702
6660;1647174.64395221;3718405.28369537;5317255.36241512;-7431.94269174091;1329.17444659599;1830.8771730512;6786433.19950739;0.0487659156194667;-0.00999480744162709;0.959274214266029;-0.00610376586955153;1.33568085678224
6690;1423280.51063348;3756060.23082103;5368997.75738095;-7492.80348549004;1181.02947130913;1618.44950767163;6786256.41238717;0.048803981773314;-0.0107670097239173;0.959263775811112;-0.00615878084715941;1.37120446935678
6720;1197698.11470925;3789260.44525662;5414353.7110854;-7544.49721961046;1032.22382059856;1405.15964918542;6786111.84119779;0.0488454447162444;-0.0114240969162531;0.959254883703309;-0.00621434430322683;1.40649897011557
6750;970702.076254008;3817988.93237219;5453301.40726096;-7587.05198397287;882.945379068427;1191.27684282251;6785999.53783187;0.0488897147419032;-0.0119609494641977;0.959247560784804;-0.00627031773803917;1.44155896424526
6780;742565.997288881;3842234.28879294;5485827.04035205;-7620.50747667969;733.378976728512;977.065840160619;6785919.38349082;0.0489361867894661;-0.0123738916199645;0.959241821623352;-0.00632656293816161;1.47638064686228
6810;513562.120957285;3861990.60765455;5511924.67630339;-7644.91450868134;583.706185485074;762.786610857858;6785871.09701076;0.0489842480850352;-0.0126606745524379;0.959237672690867;-0.00638294269605228;1.51096178302175
6840;283961.005597847;3877257.378075;5531596.10516358;-7660.33450643629;434.105136962952;548.694085095764;6785854.24379411;0.049033285465546;-0.0128204415644215;0.959235112581405;-0.00643932149262622;1.54530166967276
6870;54031.2137361758;3888039.37947176;5544850.68640917;-7666.83901504752;284.750360912679;335.037925638199;6785868.24522359;0.0490826923055538;-0.0128536775694856;0.959234132264677;-0.0064955661402191;1.57940108173255
6900;-175960.984052721;3894346.57132992;5551705.18785985;-7664.50920410497;135.812643391189;122.062328319104;6785912.38844119;0.0491318749821348;-0.0127621450657004;0.959234715371188;-0.00655154638393411;1.61326220453658
6930;-405751.890523489;3896193.97900154;5552183.61901915;-7653.43537826194;-12.5410961478667;-89.9941503019321;6785985.8363818;0.0491802588276269;-0.0125488088532081;0.95923683850512;-0.00660713545986568;1.64688855492998
6960;-635080.648550895;3893601.57609016;5546317.05963583;-7633.71649437573;-160.147909758995;-300.898739434602;6786087.63795848;0.0492272935336811;-0.0122177516874951;0.959240471581169;-0.00666221060917574;1.6802848932106
6990;-863689.493553698;3886594.16394655;5534143.48424125;-7605.45968685074;-306.848908839735;-510.424576063209;6786216.73830462;0.0492724579828087;-0.0117740829522263;0.95924557818161;-0.00671665354744903;1.71345712802467
7020;-1091323.99182023;3875201.24877352;5515707.58337653;-7568.77980263652;-452.489335850417;-718.350803849789;6786371.98898668;0.0493152644950909;-0.0112238422876545;0.959252115930026;-0.00677035088916883;1.74641221616739
7050;-1317733.26504488;3859456.91680884;5491060.58218177;-7523.79894715512;-596.918620884863;-924.462650337008;6786552.15810955;0.0493552624878338;-0.0105738999338402;0.959260036878274;-0.00682319452753462;1.77915805906343
7080;-1542670.20142037;3839399.70802611;5460260.05697695;-7470.64604226308;-739.990424061263;-1128.55148385601;6786755.94024546;0.0493920415546514;-0.00983185535381678;0.959269287903438;-0.00687508197018508;1.81170339750684
7110;-1765891.65366141;3815072.48876458;5423369.75042266;-7409.45639719271;-881.562664698522;-1330.41485153735;6786981.96612578;0.049425233977735;-0.00900593549961928;0.959279811111715;-0.00692591663169427;1.84405770603701
7140;-1987158.62436138;3786522.32366989;5380459.38580657;-7340.37129326671;-1021.49753823323;-1529.85649980735;6787228.81204326;0.0494545166929732;-0.00810489388220604;0.959291544246387;-0.00697560808397541;1.87623108812453
7170;-2206236.43910541;3753800.34729946;5331604.48096078;-7263.53758303901;-1159.66152181689;-1726.68637872855;6787495.00892045;0.0494796127321992;-0.00713791141117128;0.959304421097235;-0.00702407226595668;1.90823417314426
7200;-2422894.90778066;3716961.63571819;5276886.16227456;-7179.10730438358;-1295.925369513;-1920.72063151301;6787779.05100773;0.0495002921702725;-0.00611449978701109;0.959318371908981;-0.00707123165408707;1.94007801592954
7230;-2636908.47453879;3676065.07838307;5216390.97922793;-7087.23730993148;-1430.16409798943;-2111.78157050136;6788079.40418136;0.0495163726070742;-0.0050444080610701;0.959333323786552;-0.0071170153953903;1.97177399953221
7260;-2848056.35687537;3631173.2505887;5150210.71983321;-6988.08891214481;-1562.25696357459;-2299.69764086076;6788394.51381907;0.0495277192159543;-0.00393753282910668;0.959349201095196;-0.0071613594049113;2.00333374166345
7290;-3056122.67429854;3582352.28672007;5078442.22733458;-6881.82754421383;-1692.08743151612;-2484.30337321085;6788722.81223675;0.0495342443908243;-0.00280383239425242;0.959365925853674;-0.00720420642949632;2.03476900515926
7320;-3260896.56706329;3529671.75453455;5001187.21848042;-6768.62243687029;-1819.5431382489;-2665.43932634051;6789062.7256757;0.049535907024116;-0.00165324512522613;0.959383418118996;-0.00724550607991563;2.0660916127034
7350;-3462172.30544893;3473204.5306708;4918552.10364879;-6648.646311126;-1944.51584744637;-2842.95202112949;6789412.680835;0.0495327114473142;-0.000495612145336389;0.959401596361332;-0.00728521483337966;2.09731336594984
7380;-3659749.39005704;3413026.67756032;4830647.80907377;-6522.07508686914;-2066.90140059443;-3016.69386673901;6789771.11094848;0.0495247060648601;0.000659395583963235;0.959420377827968;-0.00732329600851713;2.12844596911382
7410;-3853432.64360337;3349217.32189486;4737589.60138939;-6389.08760718319;-2186.59966279273;-3186.52308008452;6790136.46140972;0.0495119817110197;0.00180234577490482;0.959439678895327;-0.00735971971488051;2.15950095704631
7440;-4043032.29467292;3281858.53478321;4639496.91467801;-6249.86537819247;-2303.51446445273;-3352.30359955249;6790507.19495228;0.0494946697579042;0.00292410894883431;0.959459415408275;-0.00739446277902272;2.19048962776758
7470;-4228364.05390014;3211035.2137104;4536493.1801821;-6104.59232418485;-2417.55353952682;-3513.90499387212;6790881.79639577;0.0494729400013066;0.00401591824686656;0.959479503006083;-0.00742750864914744;2.22142297941158
7500;-4409249.18302833;3136834.96639469;4428705.65881171;-5953.4545577149;-2528.62846086798;-3671.20236700209;6791258.77697067;0.0494469983494619;0.00506942497872168;0.959499857434573;-0.00745884728028539;2.25231165152055
7530;-4585514.55729273;3059347.99661959;4316265.27655499;-5796.64016435003;-2636.65457328507;-3824.07625984256;6791636.67823759;0.0494170843382891;0.00607674997330242;0.959520394844114;-0.00748847500187946;2.28316587062839
7560;-4756992.72156089;2978666.99210222;4199306.4628753;-5634.33900168623;-2741.55092482528;-3972.41254953384;6792014.07561808;0.0493834684951934;0.00703053078637096;0.959541032073269;-0.00751639436958867;2.3139954000787
7590;-4923521.94065269;2894887.01444338;4077966.99215665;-5466.74251223011;-2843.24019678228;-4116.1023470557;6792389.58155609;0.0493464495721452;0.00792396480577014;0.959561686917989;-0.00754261400303454;2.3448094940378
7620;-5084946.24424936;2808105.39119073;3952387.8282382;-5294.04354971799;-2941.64863289715;-4255.04189379514;6792761.8483299;0.0493063516675103;0.00875084827465849;0.959582278386387;-0.00756714841112264;2.37561685568247
7650;-5241115.4667881;2718421.61003248;3822712.97205939;-5116.43621842125;-3036.70596818807;-4389.13245770584;6793129.57053544;0.0492635212550302;0.00950561122965148;0.959602726939176;-0.00759001780647726;2.40642559956532
7680;-5391885.28272477;2625937.21512671;3689089.31241906;-4934.11572496982;-3128.34535781555;-4518.28022964013;6793491.4872625;0.0492183241374491;0.0101833483259821;0.959622954715975;-0.0076112479104252;2.43724321818508
7710;-5537117.23753304;2530755.70555936;3551666.47983531;-4747.27824221108;-3216.5033063614;-4642.39622039277;6793846.38398535;0.0491711423415457;0.0107798454963847;0.959642885747727;-0.00763086974986615;2.4680765528137
7740;-5676678.77479376;2432982.43591331;3410596.70347694;-4556.12078461067;-3301.11959787261;-4761.39615895739;6794193.09418978;0.0491223709707752;0.0112916023667564;0.959662446155541;-0.00764891944726148;2.49893176865608
7770;-5810443.25971306;2332724.51892048;3266034.67112327;-4360.84109469295;-3382.13722699563;-4875.20039245836;6794530.50075801;0.0490724150313347;0.0117158503305305;0.959681564336333;-0.00766543800487239;2.52981433443837
7800;-5938289.99939309;2230090.73015982;3118137.39209549;-4161.63754001315;-3459.50233150178;-4983.73378818621;6794857.53713288;0.0490216862472208;0.0120505661667155;0.959700171135651;-0.00768047108427647;2.56072900653789
7830;-6060104.26016337;2125191.41475514;2967064.06309033;-3958.70902014899;-3533.16412648145;-5086.92563813056;6795173.18828228;0.0489705998797516;0.0122944810745258;0.959718200008127;-0.00769406878209168;2.59167981777914
7860;-6175777.2822658;2018138.39601889;2812975.9368358;-3752.25488319759;-3603.07484046258;-5184.70956637306;6795476.4914839;0.0489195715670298;0.0124470849918583;0.95973558716602;-0.00770628540273948;2.62267007102612
7890;-6285206.29217075;1909044.88598054;2656036.19347802;-3542.47485126295;-3669.18965368828;-5277.02343967288;6795766.53695006;0.0488690141989149;0.0125086260660052;0.959752271716301;-0.00771717922898581;2.65370233769939
7920;-6388294.51278615;1798025.39773152;2496409.81459878;-3329.56895441968;-3731.46663876866;-5363.80928154885;6796042.46831132;0.048819334843227;0.0124801051535729;0.959768195786778;-0.00772681229090621;2.68477846133787
7950;-6484951.17180625;1685195.65951254;2334263.45975462;-3113.73747264086;-3789.86670390373;-5445.01319013611;6796303.48297675;0.048770931739077;0.0123632652434186;0.959783304641741;-0.00773525013383671;2.71589956630811
7980;-6575091.50843134;1570672.53046339;2169765.34542048;-2895.18088518015;-3844.35353885659;-5520.58526006984;6796548.83238786;0.0487241913733824;0.012160575721072;0.959797546787595;-0.00774256158578943;2.74706607173907
8010;-6658636.77867434;1454573.9179502;2003085.12621349;-2674.09982690186;-3894.89356384014;-5590.47950862541;6796777.82218223;0.0486794856567548;0.011875211425997;0.959810874068967;-0.00774881852473368;2.77827771072734
8040;-6735514.25945531;1337018.69638055;1834393.77826614;-2450.69505105644;-3941.45588146514;-5654.65380632228;6796989.81228168;0.0486371692149925;0.0115110264935035;0.959823241755736;-0.00775409564607064;2.80953355481705
8070;-6805657.25166956;1218126.62741257;1663863.48461193;-2225.16739800293;-3984.0122318829;-5713.06981217821;6797184.21691905;0.0485975768123531;0.0110725230206767;0.959834608621427;-0.00775847023056369;2.8408320437113
8100;-6869005.0824006;1098018.28146025;1491667.52244162;-1997.71776938462;-4022.5369512428;-5765.69291378121;6797360.50461636;0.0485610209225867;0.0105648146492632;0.959844937013388;-0.00776202191292075;2.87217102011795
8130;-6925503.10643388;976814.960393986;1317980.15208312;-1768.54710726817;-4057.0069335718;-5812.49217232831;6797518.19812619;0.0485277894633601;0.00999358521698391;0.959854192915145;-0.00776483245116994;2.90354776957426
8160;-6975102.70721323;854638.621332235;1142976.50755406;-1537.85637776141;-4087.40159617155;-5853.44027276307;6797656.87434687;0.0484981437091629;0.00936504269081723;0.959862346001307;-0.00776698549691541;2.93495906503242
8190;-7017761.29736689;731611.801417352;966832.488532262;-1305.84655862894;-4113.70284861716;-5888.51347912797;6797776.16422122;0.0484723163970583;0.00868586865964846;0.959869369685343;-0.00776856636651425;2.96640121592448
8220;-7053442.31891608;607857.543466566;789724.653586169;-1072.7186304291;-4135.89506543139;-5917.69159523227;6797875.75262733;0.0484505100387052;0.00796316372774433;0.959875241160558;-0.00776966181317197;2.99787012136062
8250;-7082115.24326454;483499.322386766;611830.114504392;-838.673570699269;-4153.96506249785;-5940.95793072164;6797955.37826875;0.0484328954509419;0.00720438921273164;0.959879941434515;-0.00777035979991776;3.02936132705274
8280;-7103755.57105353;358660.972240125;433326.431561226;-603.912350720417;-4167.90207726719;-5958.29927262229;6798014.83357049;0.0484196105158731;0.00641730561044941;0.959883455357156;-0.0077707492733878;3.06087008549664
8310;-7118344.83195258;233466.613846071;254391.509552955;-368.635934394264;-4177.69775280138;-5969.70586241898;6798053.96458616;0.0484107591798836;0.00560990834214963;0.959885771642814;-0.00777091993831873;3.09239141889257
8340;-7125870.58444244;108040.58280389;75203.4944382174;-133.045278769371;-4183.34612569208;-5975.17137871387;6798072.67092037;0.0484064106993027;0.00479036134557027;0.959886882886271;-0.00777096203263072;3.12392018423826
8370;-7126326.41563284;-17492.6421806835;-104059.329585562;102.658664245735;-4184.84361788089;-5974.69292550086;6798070.90566969;0.0484065991385989;0.00396692910870177;0.959886785572989;-0.00777096610296262;-3.12773416718854
8400;-7119711.9411436;-143008.510782269;-283218.642738498;338.274945442763;-4182.18903240087;-5968.27102607825;6798048.67538399;0.0484113231250528;0.00314790777245824;0.959885480083595;-0.0077710227805099;-3.09620629351138
8430;-7106032.80506418;-268382.472473853;-462096.192216683;573.602615606675;-4175.38355305051;-5955.90962261075;6798006.04004956;0.0484205458618152;0.00234155594503475;0.959882970692653;-0.00777122255700844;-3.06468673744136
8460;-7085300.67999258;-393490.047994064;-640513.89482223;808.440723000663;-4164.43074800354;-5937.61608134041;6797943.11309364;0.0484341953992026;0.00155602587583356;0.959879265561744;-0.0077716555607054;-3.03318063002908
8490;-7057533.26714125;-518206.900981727;-818293.939834243;1042.58831150255;-4149.33657734953;-5913.4012034343;6797860.06140955;0.0484521651620336;0.000799295630420452;0.959874376726783;-0.00777241133216051;-3.00169293132214
8520;-7022754.29648321;-642408.909895443;-995258.892289484;1275.84441985291;-4130.10940455263;-5883.27924144525;6797757.10540001;0.0484743147287765;7.91028901049679e-05;0.959868320079532;-0.00777357859972919;-2.97022836547881
8550;-6980993.5268984;-765972.240335455;-1171231.79684063;1508.00808247661;-4106.76001180699;-5847.26792134989;6797634.51903583;0.0485004708563552;-0.000597119028821418;0.959861115343157;-0.00777524505459093;-2.93879135811708
8580;-6932286.74626592;-888773.417884263;-1346036.28235875;1738.87833234153;-4079.30161925956;-5805.38847011636;6797492.62992533;0.0485304287426358;-0.00122230237959146;0.959852786041696;-0.00777749712520378;-2.90738597646023
8610;-6876675.77143416;-1010689.40158146;-1519496.66744502;1968.25420632068;-4047.74990806164;-5757.66564874108;6797331.81938942;0.0485639535169442;-0.00178980290349951;0.959843359463227;-0.00778041975108855;-2.8760158727931
8640;-6814208.44798663;-1131597.658147;-1691438.06701466;2195.93475352688;-4012.12304720221;-5704.12779068134;6797152.52253589;0.0486007819474587;-0.00229345400672693;0.959832866616513;-0.00778409615587285;-2.84468423168934
8670;-6744938.64970733;-1251376.23706543;-1861686.50011374;2421.7190470927;-3972.441724066;-5644.80684559659;6796955.22832547;0.0486406243530091;-0.00272761679888424;0.959821342180858;-0.00778860761955799;-2.81339372141057
8700;-6668926.27763495;-1369903.84664197;-2030068.9991266;2645.40619987209;-3928.72917864963;-5579.738428297;6796740.47962105;0.0486831667057053;-0.00308722565933492;0.959808824448863;-0.00779403325000932;-2.78214644981591
8730;-6586237.25858134;-1487059.93113899;-2196413.72052839;2866.79538454433;-3881.01124135883;-5508.96187278281;6796508.87321055;0.0487280729099057;-0.00336782906154175;0.95979535526176;-0.00780044975371155;-2.75094392505572
8760;-6496943.54297471;-1602724.74909901;-2360550.05733349;3085.68585860514;-3829.31637429833;-5432.52029124191;6796261.05979273;0.0487749872423468;-0.00356562544956216;0.959780979936957;-0.00780793120588055;-2.71978702125998
8790;-6401123.10187361;-1716779.45295756;-2522308.75338648;3301.87699473463;-3773.67571595447;-5350.46063785627;6795997.74391414;0.0488235369377358;-0.00367749402264904;0.959765747187404;-0.0078165488200731;-2.68867594936929
8820;-6298859.92298322;-1829106.17004604;-2681522.01963724;3515.16831703587;-3714.12312915814;-5262.83377724946;6795719.68384441;0.0488733349037941;-0.00370102034202967;0.959749709032366;-0.00782637071749556;-2.65761023319859
8850;-6190244.00548999;-1939588.08508107;-2838023.65253687;3725.35954364282;-3650.69525220214;-5169.69455738867;6795427.69137607;0.0489239825495621;-0.00363451672713417;0.959732920699176;-0.00783746169627393;-2.62658869077029
8880;-6075371.35351639;-2048109.524233;-2991649.15468488;3932.25063620041;-3583.43155297306;-5071.1018867338;6795122.63153387;0.048975072710752;-0.00347703745533232;0.959715440515504;-0.00784988300101657;-2.59560942090667
8910;-5954343.96798176;-2154556.04086166;-3142235.85785176;4135.64185672364;-3512.37438594247;-4967.11881540456;6794805.42217778;0.0490261926559947;-0.00322838881912191;0.959697329791695;-0.00786369209307149;-2.56466979503119
8940;-5827269.83664031;-2258814.50300257;-3289623.04849367;4335.33383234598;-3437.56905184628;-4857.81262011311;6794477.03348283;0.0490769271579801;-0.0028891341267379;0.959678652692683;-0.00787894242195946;-2.53376645409644
8970;-5694262.92205201;-2360773.1826816;-3433652.09586817;4531.12762847049;-3359.06385986374;-4743.2548925851;6794138.48727791;0.0491268616136585;-0.00246059375625727;0.959659476099033;-0.00789568319854463;-2.50289531053197
9000;-5555443.14722636;-2460321.84712984;-3574166.58285117;4722.8248308386;-3276.91019208943;-4623.52163116539;6793790.85622492;0.0491755851978758;-0.00194484038902513;0.959639869456614;-0.00791395917058968;-2.4720515550894
9030;-5410936.37866395;-2557351.85196435;-3711012.43954568;4910.22763703311;-3191.16257007196;-4498.69333527686;6793435.26281897;0.0492226940349579;-0.00134468955636839;0.959619904614455;-0.00793381040143424;-2.44122966845383
9060;-5260874.4065049;-2651756.23639285;-3844038.07976265;5093.13895793102;-3101.87872317252;-4368.85510237075;6793072.87818931;0.0492677943728721;-0.000663685633965934;0.959599655650336;-0.00795527205262698;-2.41042343748992
9090;-5105394.92147814;-2743429.82049327;-3973094.54044286;5271.36252962061;-3009.11965847456;-4234.09672697569;6792704.92068048;0.0493105057446039;9.39165882476338e-05;0.959579198683689;-0.00797837417143844;-2.37962597599727
9120;-4944641.48832974;-2832269.3046102;-4098035.62407639;5444.70303629314;-2912.9497319525;-4094.51280141872;6792332.65419254;0.0493504641012851;0.000923174645021801;0.959558611675414;-0.00800314148428116;-2.34882974986165
9150;-4778763.51539352;-2918173.37090128;-4218718.04416318;5612.96624461424;-2813.43672058306;-3950.20281775693;6791957.38625893;0.0493873249013736;0.00181848534558269;0.959537974214269;-0.00802959319716386;-2.31802660650604
9180;-4607916.21995224;-3001042.78705697;-4335001.5737434;5775.95915007208;-2710.65189505684;-3801.27127042081;6791580.46584039;0.0494207661397968;0.0027736158576703;0.959517367289518;-0.00805774280440642;-2.2872078085662
9210;-4432260.58902245;-3080780.51220598;-4446749.19701123;5933.49013578851;-2604.6700927208;-3647.82775903166;6791203.28081365;0.0494504913004086;0.00378173887312245;0.959496873049611;-0.00808759790694627;-2.25636407173959
9240;-4251963.33518219;-3157291.80500749;-4553827.26400854;6085.36914426608;-2495.56979035378;-3489.98709081457;6790827.25513362;0.0494762322143801;0.00483547182774684;0.959476574546703;-0.00811916004166558;-2.2254856067807
9270;-4067196.84704656;-3230484.33391895;-4656105.64837716;6231.40786252642;-2383.43317634746;-3327.86938198594;6790453.84564857;0.0494977518062401;0.0059269201732379;0.95945655546694;-0.0081524245232662;-2.19456216564121
9300;-3878139.13398272;-3300268.28961455;-4753457.90812919;6371.41992107499;-2268.34622183434;-3161.60015745014;6790084.53854866;0.0495148467081989;0.00704772472217267;0.959436899846491;-0.00818738030031538;-2.16358309177561
9330;-3684973.76464347;-3366556.49951573;-4845761.449374;6505.22110710179;-2150.39875027233;-2991.31044809409;6789720.84542923;0.0495273497221636;0.00818911310708427;0.959417691773446;-0.00822400982717309;-2.13253737465262
9360;-3487889.79888645;-3429264.54437957;-4932897.69291859;6632.6295922982;-2029.68450496208;-2817.13688492126;6789364.29895186;0.0495351321074805;0.00934195540928252;0.959399015075778;-0.0082622889535959;-2.10141370852695
9390;-3287081.71263518;-3488310.87687471;-5014752.24363453;6753.46617563543;-1906.30121393955;-2639.22178921762;6789016.44808811;0.0495381056709691;0.0104968240209121;0.959380952995728;-0.00830218683388568;-2.07020055553285
9420;-3082749.31522856;-3543616.94205739;-5091215.06245975;6867.55454140949;-1780.35065165113;-2457.71325789284;6788678.85293316;0.0495362246342735;0.0116440578027218;0.959363587851097;-0.00834366585751522;-2.03888621315962
9450;-2875097.65879662;-3595107.29964162;-5162180.64087688;6974.72153281167;-1651.93869678321;-2272.76524308909;6788353.07907914;0.0495294872520036;0.0127738305885924;0.95934700068406;-0.00838668160321618;-2.00745888615687
9480;-2664336.93919368;-3642709.74793828;-5227548.17768197;7074.7974412304;-1521.17538558239;-2084.53762509893;6788040.69154145;0.0495179371526276;0.0138762240634553;0.959331270898332;-0.00843118281854978;-1.9759067628924
9510;-2450682.38801458;-3686355.44931756;-5287221.7578278;7167.61631143096;-1388.17495996622;-1893.19627758281;6787743.24823478;0.0495016643726848;0.014941305003159;0.959316475885625;-0.00847711142700287;-1.94421809614662
9540;-2234354.15521621;-3725979.05702739;-5341110.53309502;7253.01626269188;-1253.05590968873;-1698.91312402563;6787462.29299973;0.0494808060536991;0.0159592068102068;0.959302690642584;-0.00852440256465291;-1.91238128827205
9570;-2015577.18186555;-3761518.84317799;-5389128.90431181;7330.83982590227;-1115.94100778946;-1501.86618432213;6787199.34818581;0.0494555467702752;0.016920215207311;0.959289987379524;-0.00857298464842617;-1.88038498057373
9600;-1794581.06253615;-3792916.82767924;-5431196.70480854;7400.93429654027;-976.957338520531;-1302.23961033218;6786955.90680163;0.0494261184573771;0.017814857860211;0.959278435122551;-0.00862277947792954;-1.84821814667492
9630;-1571599.89687916;-3820118.90789249;-5467239.38475864;7463.15210336099;-836.236316912622;-1100.22370920054;6786733.42424884;0.0493927999048221;0.0186339975907676;0.959268099310809;-0.0086737023727675;-1.81587018952122
9660;-1346872.12990128;-3843074.98873315;-5497188.19602;7517.35119252064;-693.91369911013;-896.014953192141;6786533.30966278;0.0493559157877085;0.019368928711266;0.959259041390847;-0.00872566234715845;-1.78333104154528
9690;-1120640.38049215;-3861739.11293362;-5520980.37705306;7563.39542675277;-550.129582576276;-689.815974753608;6786356.91688927;0.0493158352029763;0.0200114758618265;0.959251318410288;-0.00877856232353625;-1.7505912673642
9720;-893151.257756817;-3876069.59114897;-5538559.33745263;7601.15499909186;-405.028395243449;-481.835545476294;6786205.53513437;0.0492729696846843;0.0205540945651575;0.959244982613229;-0.00883229938666272;-1.71764216821332
9750;-664655.164726018;-3886029.13155938;-5549874.84159022;7630.50686050919;-258.758872661694;-272.288537605865;6786080.37933157;0.0492277706740448;0.0209899725305403;0.959240081039998;-0.00888676507958261;-1.68447588713669
9780;-435406.089038252;-3891584.96859508;-5554883.19082267;7651.33516068532;-111.474022180574;-61.3958667198692;6785982.58027853;0.0491807264248805;0.0213131305444402;0.959236655134099;-0.00894184574252284;-1.65108551375893
9810;-205661.380212987;-3892708.99037995;-5553547.40368114;7663.53170099367;36.6689268129813;150.615585821323;6785913.17460425;0.0491323583310821;0.0215185215841791;0.9592347403594;-0.00899742289557078;-1.61746518726162
9840;24318.4868354503;-3889377.86446089;-5545837.39341279;7666.99639860948;185.508587584726;363.51307205192;6785873.09463547;0.0490832166699308;0.0216021265905012;0.959234365830792;-0.00905337366566319;-1.58361019598544
9870;254270.162358656;-3881573.16136015;-5531730.14220516;7661.63776048978;334.879496654545;577.058099605241;6785863.15824002;0.0490338757638361;0.0215610451419172;0.959235553961716;-0.00910957125807601;-1.54951707188569
9900;483927.686684732;-3869281.47545886;-5511209.87138169;7647.37336579201;484.612211284565;791.006578329773;6785884.05873316;0.0489849285731509;0.0213935790994068;0.95923832013213;-0.00916588547222707;-1.51518367789348
9930;713022.769708022;-3852494.54269053;-5484268.20681561;7624.13035511382;634.533424812143;1005.10899267397;6785936.35494132;0.0489369807441737;0.0210993071437953;0.959242672380577;-0.00922218326119042;-1.48060928608773
9960;941285.085135976;-3831209.35449524;-5450904.33876914;7591.84592474392;784.466100759218;1219.11060115566;6786020.46152573;0.0488906441491267;0.0206791480226857;0.959248611124157;-0.00927832933387223;-1.44579464447698
9990;1168442.57961386;-3805428.26745762;-5411125.17532664;7550.46782391609;934.229626611942;1432.7516641752;6786136.63967571;0.0488465299685905;0.0201354102711765;0.959256128910224;-0.00933418679831963;-1.4107420301365
10020;1394221.79678478;-3775159.10802587;-5364945.4885532;7499.95485285684;1083.63998811542;1645.76770135756;6786284.98828847;0.0488052413812993;0.0194718261822786;0.959265210203703;-0.00938961784412616;-1.37545528645717
10050;1618348.21627307;-3740415.27168418;-5312388.05247628;7440.27735921274;1232.5099648666;1857.88977951692;6786465.43575794;0.048767365940984;0.0186935678905907;0.959275831213846;-0.00944448446136639;-1.3399398423498
10080;1840546.60750382;-3701215.81592905;-5253483.77195663;7371.41773023972;1380.64934791324;2068.84483222602;6786677.73250003;0.0487334677346358;0.0178072436046121;0.959287959764232;-0.00949864919294268;-1.30420271141947
10110;2060541.39818944;-3657585.54637968;-5188271.80148718;7293.37087793485;1527.86517997752;2278.35601184092;6786921.4443453;0.0487040794306446;0.0168208722855106;0.959301555209667;-0.0095519759166649;-1.26825246938703
10140;2278057.05722685;-3609555.09533564;-5116799.65293557;7206.14471409434;1673.9620188187;2486.14307467893;6787195.9469317;0.0486796943381317;0.0157438354257403;0.959316568403483;-0.00960433065281589;-1.23209920838957
10170;2492818.49165553;-3557160.99208159;-5039123.29122711;7109.76061209313;1818.74222412978;2691.92279987289;6787500.42123047;0.0486607586098776;0.0145868050257291;0.959332941718493;-0.00965558239238955;-1.19575446723689
10200;2704551.45722767;-3500445.72422851;-4955307.21695271;7004.25385200441;1962.00626822801;2895.40944222724;6787833.85033635;0.0486476637298887;0.013361647394978;0.959350609124586;-0.00970560394063484;-1.15923113722848
10230;2912982.98203792;-3439457.78937591;-4865424.53487951;6889.67404551494;2103.55307064797;3096.31521918229;6788195.01764935;0.0486407394322819;0.0120813030003121;0.959369496325583;-0.00975427277000101;-1.12254334373259
10260;3117841.80255156;-3374251.73637808;-4769557.00734226;6766.0855369489;2243.1803565798;3294.35083175075;6788582.50656898;0.0486402472002855;0.0107596432302447;0.959389520957567;-0.0098014718760782;-1.08570630437496
10290;3318858.8112576;-3304888.19550233;-4667795.09150172;6633.56777659181;2380.68503891301;3489.22601902706;6788994.70181331;0.0486463744923151;0.00941130561742413;0.959410592850434;-0.00984709062965756;-1.04873616535857
10320;3515767.51505739;-3231433.89677701;-4560237.95947234;6492.21566241203;2515.86362345021;3680.6501455864;6789429.79246352;0.0486592298360354;0.00805150973180251;0.959432614353871;-0.00989102561762466;-1.01164981810677
10350;3708304.50338126;-3153961.67584335;-4446993.50034654;6342.13984621364;2648.51263664533;3868.33282078677;6789885.77682104;0.048678838920948;0.00669585659664453;0.95945548072839;-0.0099331814650425;-0.97446469906254
10380;3896209.92490636;-3072550.4666479;-4328178.30317737;6183.46700022583;2778.42907499879;4051.98454866792;6790360.46914757;0.0487051418054102;0.00536011505725587;0.959479080601408;-0.00997347163050088;-0.937198576055405
10410;4079227.97162883;-2987285.28034161;-4203917.62002525;6016.34004014361;2905.41087501001;4231.31740680658;6790851.508339;0.048737991335402;0.0040599990186278;0.959503296487668;-0.0100118191666074;-0.899869325134766
10440;4257107.3689247;-2898257.1697885;-4074345.30822913;5840.91830068697;3029.25740234712;4406.04575214184;6791356.36856279;0.0487771528502422;0.00281093983908243;0.959528005372588;-0.0100481574373853;-0.862494702140898
10470;4429601.87011723;-2805563.1791305;-3939603.75112714;5657.3776598433;3149.76995864736;4575.88695143171;6791872.37186422;0.0488223052254799;0.00162785840182662;0.959553079356368;-0.0100824307843346;-0.82509211352107
10500;4596470.75395548;-2709306.27790638;-3799843.75652727;5465.91060810421;3266.75230411274;4740.56213364513;6792396.70272075;0.0488730432761086;0.000524941473308685;0.959578386355904;-0.0101145951330103;-0.787678390986966
10530;4757479.32330088;-2609595.27928173;-3655224.43231507;5266.72625920539;3380.0111938165;4899.79696123874;6792926.42449634;0.0489288815149556;-0.000484573108455954;0.959603790860786;-0.0101446185321808;-0.750269574545792
10560;4912399.40321779;-2506544.74201281;-3505913.03868171;5060.05029912759;3489.35692539128;5053.32241691879;6793458.49771808;0.0489892592325147;-0.00138859808673815;0.959629154738864;-0.0101724816179586;-0.712880708225185
10590;5061009.83657071;-2400274.85584084;-3352084.81656329;4846.12487042026;3594.60389553239;5200.87560215143;6793989.80006769;0.0490535468365369;-0.00217638130174766;0.959654338086112;-0.0101981779957425;-0.675525652463826
10620;5203096.97514838;-2290911.31009368;-3193922.79199891;4625.20838926612;3695.571162524;5342.20054336514;6794517.14795011;0.0491210533632645;-0.00283866955890447;0.959679200114752;-0.0102217145333801;-0.638216916673835
10650;5338455.16426317;-2178585.14535851;-3031617.55624134;4397.57529311395;3792.08301178627;5477.04900149328;6795037.31947137;0.0491910350480451;-0.00336784889976406;0.959703600072944;-0.0102431115596426;-0.600965514923352
10680;5466887.21871598;-2063432.58818265;-2865367.02158878;4163.51571716647;3883.96952125141;5605.18128023774;6795547.0786286;0.0492627048218831;-0.00375805895050502;0.959727398188659;-0.0102624029629096;-0.563780847065476
10710;5588204.88797283;-1945594.86885724;-2695376.15304817;3923.33509851761;3971.06712321102;5726.3670282044;6796043.2004876;0.0493352425827411;-0.00400527968165607;0.959750456629801;-0.0102796361858666;-0.526670606983703
10740;5702229.30837138;-1825218.02244217;-2521856.67608928;3677.35370728327;4053.2191591396;5840.38602987063;6796522.49709756;0.0494078060764317;-0.00410738957649371;0.959772640472141;-0.0102948721130254;-0.489640718963109
10770;5808791.44016474;-1702452.67329647;-2345026.7609018;3425.90610465817;4130.27642389347;5947.02898020265;6796981.84387034;0.0494795422119362;-0.00406419484739681;0.959793818666228;-0.0103081848489744;-0.45269530255748
10800;5907732.48721689;-1577453.80348789;-2165110.68372513;3169.34052845107;4202.09769561462;6046.09823764882;6797418.2061322;0.0495495986298971;-0.00387742993579642;0.959813864994128;-0.0103196613864305;-0.415836665729216
10830;5998904.29719054;-1450380.50556615;-1982338.46597906;2908.01820729458;4268.55024763756;6137.40855019953;6797828.6655412;0.0496171353407949;-0.0035507300649564;0.959832659006681;-0.0103294011643909;-0.379065325508077
10860;6082169.74011374;-1321395.72029512;-1796945.49208278;2642.31260538574;4329.51033870741;6220.78774922878;6798210.44605284;0.0496813362506333;-0.0030895770725384;0.959850086931887;-0.0103375155179481;-0.342380054960028
10890;6157403.06327735;-1190665.96004929;-1609172.10700707;2372.60860028017;4384.86367787001;6296.07740591814;6798560.93911149;0.0497414203965514;-0.00250122012553079;0.959866042545097;-0.0103441270226188;-0.305777954884623
10920;6224490.22050121;-1058361.01868801;-1419263.19475845;2099.30159692682;4434.50586049258;6363.13344521435;6798877.72774517;0.0497966527222291;-0.0017945732120727;0.959880427991883;-0.0103493687373204;-0.269254548370123
10950;6283329.17391211;-924653.668824773;-1227467.73914229;1822.79658178136;4478.34277201522;6421.82671248538;6799158.6092472;0.0498463542328895;-0.000980091516686798;0.959893154554797;-0.010353383351398;-0.232803896126177
10980;6333830.16650138;-789719.347508472;-1034038.36829314;1543.5071214642;4516.29095622006;6472.04348831779;6799401.61613967;0.0498899113817082;-6.9628924781678e-05;0.959904143355671;-0.0103563222423265;-0.196418730377015
11010;6375915.963873;-653735.831426412;-839230.884592214;1261.85431102403;4548.27794503426;6513.68594723712;6799605.03513146;0.0499267845531215;0.000923721020582688;0.959913325985703;-0.0103583444518729;-0.160090605023234
11040;6409522.06375316;-516882.902824524;-643303.781712778;978.265677418547;4574.24254715387;6546.67255653071;6799767.42380606;0.0499565155235576;0.00198579835946876;0.959920645056282;-0.0103596155895795;-0.12381005975515
11070;6434596.87200829;-379342.007417013;-446517.750641953;693.174044322335;4594.13509308383;6570.93841180402;6799887.62480279;0.0499787337961523;0.00310156181282878;0.959926054664311;-0.0103603066734026;-0.0875667958121732
11100;6451101.84410865;-241295.905624793;-249135.176621399;407.016364808359;4607.91763453281;6586.43550640131;6799964.77728813;0.0499931617228342;0.00425528342998986;0.959929520766722;-0.0103605929181897;-0.0513498611175878
11130;6459011.59117637;-102928.318538351;-51419.6290271976;120.232528815906;4615.56409647393;6593.13293236378;6799998.32555063;0.0499996183445271;0.00543075052335353;0.959931021459839;-0.0103606524833941;-0.0151478425641595
11160;6458313.94996917;35576.4299545508;146364.653729445;-166.735847391597;4617.06038058039;6591.01701117452;6799988.02459379;0.0499980218979571;0.00661147267319346;0.959930547160375;-0.0103606651919857;0.0210509367275005
11190;6449010.0163701;174033.773403389;343953.282155526;-453.446642366991;4612.40441916125;6580.09135314207;6799933.94264429;0.0499883909555714;0.00778089162270181;0.959928100685917;-0.0103608112329206;0.0572582173179051
11220;6431114.14217815;312259.263898871;541082.234333267;-739.458453683058;4601.60617915215;6560.37684489438;6799836.46053793;0.0499708441832085;0.00892259190628866;0.959923697233955;-0.0103612698597587;0.0934856026417614
11250;6404653.8952215;450068.9325468;737488.373124071;-1024.33181762941;4584.68761615168;6531.91156508239;6799696.26799158;0.0499455987184088;0.0100205100587947;0.959917364259659;-0.01036221809808;0.129744359597123
11280;6369669.98304159;587279.64781852;932909.95977503;-1307.63041688595;4561.68257892991;6494.75062901917;6799514.35681465;0.0499129671904605;0.0110591402389012;0.959909141253811;-0.0103638294742296;0.166045222657155
11310;6326216.14061974;723709.470303846;1127087.16181464;-1588.92226879729;4532.63666526467;6448.9659635958;6799292.01115863;0.0498733534214499;0.0120237340685485;0.95989907942342;-0.0103662727776308;0.202398203663015
11340;6274358.98283622;859178.002424416;1319762.55317366;-1867.7808870983;4497.60703037737;6394.64601441064;6799030.79494504;0.0498272468655617;0.012900492446281;0.95988724127868;-0.0103697108684482;0.238812409501018
11370;6214177.82256186;993506.731709475;1510681.60453359;-2143.78641024751;4456.6621496373;6331.89538761538;6798732.53665226;0.0497752158616099;0.0136767470434789;0.95987370013097;-0.0103742995417644;0.275295869917337
11400;6145764.45548179;1126519.3662919;1699593.16198869;-2416.52668990662;4409.88153757517;6260.83442951137;6798399.31167706;0.049717899791074;0.0143411291479854;0.95985853950758;-0.01038018645867;0.311855377769279
11430;6069222.91293834;1258042.16134864;1886249.91220545;-2685.59833355386;4357.35542558944;6181.59874741524;6798033.42251823;0.0496560002506241;0.0148837234911075;0.959841852489706;-0.0103875101537715;0.348496344042382
11460;5984669.1842531;1387904.23528606;2070408.83237608;-2950.60769572856;4299.18440103652;6094.33867574879;6797637.37705636;0.0495902713639774;0.0152962046942408;0.959823740981082;-0.0103963991276051;0.385222669964156
11490;5892230.91014459;1515937.87455543;2251831.62338679;-3211.17181296457;4235.47901066603;5999.21869168787;6797213.86522462;0.0495215093726723;0.0155719540135316;0.959804314915223;-0.0104069710313384;0.422036638505279
11520;5792047.04899768;1641978.82607627;2430285.12475675;-3466.91927807225;4166.35933159148;5896.41678502592;6796765.734381;0.0494505416586433;0.0157061541583667;0.959783691409852;-0.01041933194995;0.45893882746394
11550;5684267.51786145;1765866.5763439;2605541.7100474;-3717.49105006134;4091.95451317217;5786.12378716556;6796295.96370232;0.0493782153629562;0.0156958601237172;0.959761993877456;-0.0104335757888361;0.495928046167315
11580;5569052.8101538;1887444.61640089;2777379.66159196;-3962.5411966514;4012.40229332464;5668.54266434652;6795807.63792378;0.0493053857743151;0.0155400442170046;0.959739351101223;-0.0104497837675107;0.533001297586109
11610;5446573.59213256;2006560.69195943;2945583.52355086;-4201.7375669807;3927.84849287872;5543.8877803479;6795303.92074654;0.0492329046675842;0.0152396137835145;0.959715896285743;-0.0104680240227751;0.570153767337488
11640;5317010.28025479;2123067.03807088;3109944.43245647;-4434.76239278985;3838.44649164684;5412.38413396983;6794788.02822848;0.0491616087761435;0.0147974005422327;0.95969176609189;-0.0104883513224444;0.607378840646703
11670;5180552.60158756;2236820.59784914;3270260.4245705;-4661.31281701294;3744.35668988556;5274.26657660457;6794263.20246119;0.0490923085821031;0.0142181209334421;0.959667099665189;-0.0105108068894629;0.644668147851127
11700;5037399.13945601;2347683.22486433;3426336.71953566;-4881.10134934747;3645.74595879787;5129.779015154;6793732.68581991;0.0490257776048596;0.0135083074410819;0.959642037666733;-0.0105354183350254;0.682011638471648
11730;4887756.86651816;2455521.86893214;3577985.97995958;-5093.8562489872;3542.78708365632;4979.1736054424;6793199.69605241;0.0489627423610536;0.0126762114730332;0.959616721315407;-0.0105621996981758;0.71939768325912
11760;4731840.66744128;2560208.74512968;3725028.54672115;-5299.32183528221;3435.65820302254;4822.70994111497;6792667.40244924;0.0489038731575439;0.0117316790400408;0.959591291449696;-0.0105911515882815;0.756813202968899
11790;4569872.85332401;2661621.48597138;3867292.64993627;-5497.25872763113;3324.54224740374;4660.65424280927;6792138.90331118;0.0488497758636291;0.0106860011450179;0.959565887616861;-0.0106222614258067;0.794243821948261
11820;4402082.66996126;2759643.27677608;4004614.59565995;-5687.44401640715;3209.62638052234;4493.27855214381;6791617.20490133;0.0488009847896451;0.00955174144991915;0.959540647196639;-0.0106555037759302;0.831674043968808
11850;4228705.80198814;2854162.97434893;4136838.928534;-5869.67136716861;3091.10144618798;4320.85993479112;6791105.20203966;0.0487579567766358;0.00834254439760109;0.95951570456596;-0.0106908407687902;0.869087447128357
11880;4049983.87486574;2945075.20918864;4263818.5707132;-6043.75106080218;2969.16142355337;4143.67969659863;6790605.66046739;0.0487210665765991;0.00707292750115862;0.959491190310457;-0.010728222599489;0.906466894114275
11910;3866163.95658655;3032280.47151036;4385414.93751662;-6209.50997259247;2844.00289331284;3962.02261639424;6790121.20107798;0.0486906035755567;0.00575806194513681;0.959467230487779;-0.0107675881004643;0.943794753690658
11940;3677498.06088316;3115685.18144806;4501498.03035508;-6366.79149350318;2715.82451716779;3776.17619877196;6789654.28608203;0.0486667698832158;0.00441354594935188;0.959443945946948;-0.0108088653784267;0.981053128967662
11970;3484242.65362155;3195201.74386617;4611946.50757903;-6515.45539719405;2584.8265326414;3586.42994980081;6789207.20714387;0.0486496797841871;0.00305517550882029;0.959421451707197;-0.0108519725077761;1.01822408785057
12000;3286658.16395167;3270748.58826921;4716647.73397441;-6655.37765648403;2451.21026507912;3393.07467824381;6788782.07550112;0.048639360517563;0.00169871713454917;0.959399856398963;-0.0108968182722428;1.05528989105681
12030;3085008.50167441;3342250.19434936;4815497.809706;-6786.45021310743;2315.17765842531;3196.40182451711;6788380.81405198;0.0486357543250239;0.000359687076982761;0.959379261768904;-0.0109433029464379;1.09223321323382
12060;2879560.58216746;3409637.10375615;4908401.5795696;-6908.58070469838;2176.930826123;2996.70281926799;6788005.15137256;0.0486387216834387;-0.000946858774094094;0.959359762250092;-0.0109913191090497;1.12903735300003
12090;2670583.8600934;3472845.91870912;4995272.62346539;-7021.69215298214;2036.6716232462;2794.26847310742;6787656.61760496;0.048648045616846;-0.00220652053816416;0.959341444597795;-0.0110407524795682;1.16568642815158
12120;2458349.87299429;3531819.28810424;5076033.2290461;-7125.72261715411;1894.60124074435;2589.38839870217;6787336.54213872;0.0486634369653689;-0.00340573229319752;0.959324387590608;-0.0110914827706503;1.20216555280531
12150;2243131.79575754;3586505.88178784;5150614.34752487;-7220.62481639175;1750.91982245932;2382.35046611618;6787046.05299235;0.0486845404754011;-0.0045319196858282;0.959308661796055;-0.0111433845485573;1.23846099385807
12180;2025204.00682096;3636860.35368853;5218955.53364971;-7306.36572537501;1605.8261053676;2173.44029199313;6786786.07778864;0.0487109415665283;-0.00557363522255658;0.959294329399206;-0.0111963280944732;1.27456030480256
12210;1804841.6668697;3682843.29450829;5281004.8708655;-7382.92614659192;1459.51708330628;1962.94076289378;6786557.34620686;0.0487421736261233;-0.00652066994226982;0.959281444092381;-0.0112501802599549;1.310452435621
12240;1582320.31066638;3724421.17467874;5336718.88268925;-7450.30026308086;1312.18769426114;1751.13159284435;6786360.39378716;0.0487777256821898;-0.00736414084151641;0.959270051023496;-0.0113048053102498;1.34612781814926
12270;1357915.45254851;3761566.27828859;5386062.43132314;-7508.49517511455;1164.0305311305;1538.28891491704;6786195.56695697;0.0488170503085185;-0.00809655405918263;0.959260186800271;-0.0113600657497412;1.38157842693954
12300;1131902.2060241;3794256.62868339;5429008.60452077;-7557.53042416617;1015.23557572848;1324.6849064504;6786063.02914609;0.0488595716230729;-0.00871184440475744;0.959251879547158;-0.0114158231243302;1.41679781622752
12330;904554.917799496;3822475.9064295;5465538.59170751;-7597.43750731958;865.989955657198;1110.58744732679;6785962.76785601;0.048904693250206;-0.0092053923162349;0.959245149011601;-0.0114719387961293;1.45178113411132
12360;676146.816480697;3846213.36032122;5495641.55033594;-7628.25938509607;716.477723558945;896.259810556341;6785894.60254997;0.0489518061292116;-0.0095740197493315;0.959240006716002;-0.0115282746864173;1.48652511546537
12390;446949.676103761;3865463.71209401;5519314.46343222;-7650.0499854735;566.879658155031;681.960384269701;6785858.19323273;0.049000296065203;-0.00981596682253151;0.959236456151644;-0.0115846939833756;1.52102805543465
12420;217233.494569282;3880227.05548708;5536561.98926084;-7662.87370667212;417.373086389398;467.942424097184;6785853.04959312;0.0490495509327924;-0.00993085127236336;0.959234493010719;-0.0116410618116937;1.55528976558418
12450;-12733.8130180981;3890508.75027765;5547396.30400253;-7666.80492107853;268.131725919453;254.453834806209;6785878.54058767;0.0490989674579404;-0.00991961291326013;0.959234105452538;-0.011697245861677;1.5893115149181
12480;-242686.706172326;3896319.31188483;5551836.93830501;-7661.92748247609;119.325547134725;41.7369799828896;6785933.90435004;0.0491479575181554;-0.00978444535501715;0.959235274400035;-0.011753116976022;1.62309595804069
12510;-472362.296139932;3897674.29711627;5549910.60852902;-7648.33423855015;-28.8793461658102;-169.971481524884;6786018.258318;0.0491959539155243;-0.00952871721605415;0.95923797386269;-0.0118085496929234;1.65664705271625
12540;-701500.608490702;3894594.18660361;5541651.04347231;-7626.12655044056;-176.320818345075;-380.440733737535;6786130.60947771;0.049242415590501;-0.00915688499642828;0.959242171282092;-0.0118634227446522;1.6899699690095
12570;-929844.83142064;3887104.26444546;5527098.8073141;-7595.41382092342;-322.840786682872;-589.445917618558;6786269.86463293;0.0492868322567136;-0.00867439965098154;0.959247827896452;-0.0119176195111829;1.723070992064
12600;-1157141.55004754;3875234.49554808;5506301.11948066;-7556.31303262124;-468.285290267538;-796.768222488567;6786434.84061584;0.0493287284480936;-0.00808760874328753;0.959254899120561;-0.0119710284288522;1.7559574204155
12630;-1383140.96701877;3859019.40112522;5479311.67209087;-7508.94829746508;-612.504543986617;-1002.19495618398;6786624.27436416;0.0493676669792824;-0.00740365587716981;0.959263334937778;-0.0120235433543987;1.78863746155204
12660;-1607597.10978519;3838497.93278969;5446190.44559823;-7453.45041846577;-755.352978580548;-1205.51959536539;6786836.83279845;0.0494032518284942;-0.00663037890398786;0.959273080300903;-0.0120750638850654;1.82112012623348
12690;-1830268.02492415;3813713.34564037;5407003.52320393;-7389.95646469398;-896.689267718089;-1406.54181737063;6787071.12244156;0.0494351304588239;-0.0057762082006319;0.959284075538906;-0.0121254956357338;1.85341512287874
12720;-2050915.95991973;3784713.07071983;5361822.90457395;-7318.60936022105;-1036.37634304101;-1605.06751498895;6787325.69873066;0.0494629955994469;-0.0048500661125566;0.959296256766752;-0.012174750474319;1.88553275312742
12750;-2269307.53282837;3751548.58718934;5310726.31935215;-7239.55748763458;-1174.28139810915;-1800.90879550714;6787599.0749801;0.0494865865123603;-0.00386126846426198;0.959309556295737;-0.0122227467168675;1.91748380948985
12780;-2485213.89027486;3714275.29454063;5253797.0409214;-7152.95430661442;-1310.27588215614;-1993.88396534596;6787889.73096109;0.0495056897733698;-0.00281942886132941;0.959323903042007;-0.0122694092839843;1.94927947581995
12810;-2698410.85423622;3672952.38513676;5191123.70082569;-7058.95798793653;-1444.23548454172;-2183.81750156863;6788196.12107094;0.0495201395980743;-0.00173436634620799;0.959339222931115;-0.0123146698203635;1.98093123118285
12840;-2908679.05808048;3627642.7173481;5122800.10422835;-6957.73106316312;-1576.04011075879;-2370.54001150121;6788516.68207168;0.0495298177447654;-0.000616016827062787;0.959355439296714;-0.0123584667793124;2.01245075754529
12870;-3115804.07233356;3578412.68952454;5048925.04674496;-6849.4400901781;-1705.5738508238;-2553.88818166028;6788849.84038359;0.0495346530265881;0.000525651424367094;0.959372473271708;-0.0124007454742458;2.04384985159226
12900;-3319576.5206509;3525332.11502007;4969602.13295445;-6734.2553346364;-1832.72494084691;-2733.7047171359;6789194.01892509;0.049534620465132;0.00168071801322746;0.959390244170361;-0.0124414580991854;2.07514034086969
12930;-3519792.1864711;3468474.09846309;4884939.59685803;-6612.35046731389;-1957.38571854527;-2909.83827252863;6789547.64349518;0.0495297401169588;0.00283938629155456;0.959408669860104;-0.0124805637203313;2.10633400436799
12960;-3716252.11082771;3407914.91344298;4795050.1245236;-6483.90227727094;-2079.45257342885;-3082.14337548909;6789909.14869958;0.0495200756035483;0.00399205481445409;0.959427667121937;-0.0125180282407863;2.13744249759487
12990;-3908762.68179117;3343733.88176228;4700050.67912231;-6349.09040067696;-2198.82589235318;-3250.48034385719;6790276.98342531;0.0495057323738567;0.00512938438743666;0.959447151998544;-0.0125538243404967;2.16847728213715
13020;-4097135.7160079;3276013.25438349;4600062.32853516;-6208.09706508467;-2315.41000109858;-3414.71519734727;6790649.61587223;0.0494868557272255;0.0062423607427045;0.959467040129365;-0.0125879313934523;2.19944955967736
13050;-4281188.53279613;3204838.09418026;4495210.07567954;-6061.10684889129;-2429.11310260092;-3574.71956467393;6791025.5381531;0.0494636286228331;0.00732235290136168;0.959487247072089;-0.0126203353641368;2.23037021041129
13080;-4460744.02124953;3130296.16058445;4385622.69167977;-5908.30645567844;-2539.84721242384;-3730.37058696303;6791403.27047618;0.0494362693003159;0.00836116728586728;0.959507688610112;-0.0126510286851649;2.26124973580442
13110;-4635630.70078997;3052477.79620338;4271432.5519811;-5749.88450308315;-2647.52809202903;-3881.55081824276;6791781.36492666;0.0494050287346574;0.00935109764437027;0.959528281045703;-0.0126800101179728;2.29209820562747
13140;-4805682.77559962;2971475.81546551;4152775.47548327;-5586.03132581864;-2752.0751803674;-4028.14812376106;6792158.40886484;0.0493701879469954;0.0102849708379177;0.959548941478697;-0.0127072845983459;2.32292520922109
13170;-4970740.18335081;2887385.39533727;4029790.56674848;-5416.93879243413;-2853.4115242821;-4170.05557682877;6792533.0279606;0.0493320551916694;0.0111561885245607;0.959569588070676;-0.0127328630684841;2.35373981095639
13200;-5130648.63863938;2800303.96813997;3902620.06131787;-5242.80013537891;-2951.4637081825;-4307.17135484198;6792903.88888442;0.0492909630386487;0.0119587647530025;0.959590140294684;-0.0127567622972081;2.38455050987876
13230;-5285259.67151384;2710331.11648191;3771409.17415201;-5063.80979391517;-3046.16178341837;-4439.39863509339;6793269.70167627;0.0492472653694533;0.0126873594543728;0.959610519170611;-0.0127790046898149;2.41536520354592
13260;-5434430.66147878;2617568.47030881;3636305.95119302;-4880.16326940774;-3137.43919775425;-4566.64549094002;6793629.22181387;0.0492013343038396;0.0133373077953698;0.959630647486465;-0.012799618088988;2.44619115609622
13290;-5578024.86733651;2522119.6060638;3497461.12402974;-4692.05699250533;-3225.23272531593;-4688.82478885429;6793981.25200232;0.0491535570738431;0.0139046453312929;0.959650450005805;-0.0128186355680661;2.47703497060738
13320;-5715911.45321644;2424089.94793755;3355027.96763193;-4499.68820171768;-3309.48239735464;-4805.85408684677;6794324.64370681;0.0491043328612714;0.0143861288744848;0.959669853661675;-0.0128360952178704;2.5079025658287
13350;-5847965.51112628;2323586.67117923;3209162.16110552;-4303.25483288519;-3390.1314341488;-4917.65553471249;6794658.29845007;0.0490540696144019;0.0147792529740166;0.959688787737415;-0.0128520399281893;2.5387991573887
13380;-5974068.08034451;2220718.60742956;3060021.65140788;-4102.95541903206;-3467.12617833941;-5024.15577651732;6794981.16889593;0.0490031808594419;0.0150822618871651;0.95970718403477;-0.0128665171649147;2.56972924359566
13410;-6094106.16395771;2115596.15202895;2907766.51995005;-3898.98900009083;-3540.41602997196;-5125.28585570838;6795292.25973954;0.0489520825222508;0.0152941569133567;0.959724977029738;-0.012879578743729;2.60069659595767
13440;-6207972.74283125;2008331.17324551;2752558.85200183;-3691.55504198412;-3609.9533834963;-5220.98112320107;6795590.62842464;0.0489011897758532;0.0154146989580473;0.959742104016628;-0.0128912806011413;2.63170425455197
13470;-6315566.78728645;1899036.92336086;2594562.60880561;-3480.85336454942;-3675.69356695546;-5311.18114876565;6795875.38570692;0.0488509139293911;0.0154444061977415;0.959758505240802;-0.012901682563582;2.66275452836936
13500;-6416793.26674162;1787827.95154472;2433943.5022953;-3267.08407779366;-3737.59478357505;-5395.82963600907;6796145.69608232;0.048801659374317;0.0153845467289536;0.959774124020582;-0.0129108481151723;2.69384900074766
13530;-6511563.15755938;1674820.01844343;2270868.87230854;-3050.44752596621;-3795.61805594692;-5474.87434122105;6796400.77809767;0.0487538206038045;0.0152371261035636;0.959788906858825;-0.0129188441647016;2.72498853998824
13560;-6599793.44932697;1560130.01240172;2105507.56617238;-2831.144238942;-3849.72717298352;-5548.26699632952;6796639.90456049;0.0487077793214984;0.015004869680719;0.959802803544612;-0.0129257408122648;2.75617331522198
13590;-6681407.14978154;1443875.86723239;1938029.82053603;-2609.37489040964;-3899.88863980364;-5615.96323618705;6796862.40266357;0.0486639016558257;0.0146911997611741;0.959815767245561;-0.0129316111159354;2.78740281755491
13620;-6756333.28857672;1326176.48144351;1768607.14531732;-2385.34026236358;-3946.07163069485;-5677.9225303887;6797067.654039;0.0486225354960982;0.0143002075129993;0.959827754591187;-0.0129365308587787;2.81867588648089
13650;-6824506.92007246;1207151.63882896;1597412.20962451;-2159.24121540339;-3988.24794528432;-5734.10811980114;6797255.09475522;0.0485840079665231;0.0138366197475629;0.959838725747754;-0.0129405783164434;2.84999074149816
13680;-6885869.12531467;1086921.93032425;1424618.72950949;-1931.27866434778;-4026.39196803598;-5784.48695796426;6797424.2152696;0.0485486230539934;0.0133057606601424;0.95984864448504;-0.0129438340255091;2.88134501881154
13710;-6940367.01335696;965608.677026197;1250401.35740405;-1701.65355867532;-4060.48063117977;-5829.02965750819;6797574.56034803;0.0485166594051025;0.0127135087095305;0.959857478235389;-0.0129463805527113;2.91273581294164
13740;-6987953.72206195;843333.854271992;1074935.57308672;-1470.56686730837;-4090.49338116723;-5867.71044171241;6797705.72896179;0.048488368307216;0.0120662488738878;0.95986519814542;-0.0129483022651137;2.94415972299951
13770;-7028588.41850523;720220.016670744;898397.576024452;-1238.21956726082;-4116.41214873609;-5900.50710131731;6797817.37417091;0.0484639718676368;0.0113708205842394;0.959871779120711;-0.0129496851012528;2.97561290332101
13800;-7062236.29909076;596390.22397796;720964.178929811;-1004.81263567433;-4138.22132265659;-5927.40095668388;6797909.20300238;0.0484436614038711;0.0106344617005364;0.959877199863763;-0.0129506163432395;3.00709111809165
13830;-7088868.58947229;471967.967701648;542812.702372222;-770.547044771395;-4155.90772722227;-5948.376825383;6797980.97633004;0.0484275960567994;0.00986474895636247;0.959881442905494;-0.0129511843897659;3.03858979953129
13860;-7108462.54436132;347077.098326846;364120.870279167;-535.623759256896;-4169.46060353817;-5963.42299528209;6798032.50876222;0.0484159016371344;0.00906953535512707;0.959884494630494;-0.0129514785299364;3.07010410915142
13890;-7121001.44728788;221841.753043976;185066.706161656;-300.243735702652;-4178.87159465091;-5972.53120318425;6798063.66854215;0.0484086697139597;0.00825688505129414;0.959886345296224;-0.0129515887178164;3.10162900154694
13920;-7126474.61036697;96386.2838652198;5828.42989666382;-64.6079234517599;-4184.13473455599;-5975.69661906223;6798074.37746488;0.048405956952383;0.00743500629312047;0.959886989046309;-0.0129516053475708;3.13315929014138
13950;-7124877.37410899;-29164.8139878365;-173415.645101748;171.082733418522;-4185.24644110938;-5972.91783591765;6798064.61081345;0.0484077847054657;0.00661218303712628;0.95988642391803;-0.0129516190290509;-3.1184955929087
13980;-7116211.10729933;-154686.973542714;-352487.214491724;406.627293535393;-4182.20551286237;-5964.19686528397;6798034.39731618;0.0484141388635996;0.00579670586798699;0.959884651844089;-0.0129517203636767;-3.08697030021104
14010;-7100483.20695793;-280055.627498588;-531208.08556275;641.824815529928;-4175.01312983023;-5949.53913838024;6797983.81912559;0.0484249699624593;0.00499680286987694;0.959881678648667;-0.0129519997204565;-3.05545534438101
14040;-7077707.09837625;-405146.279730952;-709400.279914118;876.474355656471;-4163.67285819749;-5928.95351291063;6797913.0118187;0.048440193548607;0.00422057109613067;0.959877514037776;-0.0129525470119843;-3.0239558020907
14070;-7047902.23521514;-529834.576996427;-886886.136421871;1110.37496619164;-4148.19065895442;-5902.45228549385;6797822.16441717;0.0484596907997585;0.00347590927334439;0.95987217158384;-0.012953451470263;-2.99247655525837
14100;-7011094.09963322;-653996.380955476;-1063488.41466275;1343.32569507359;-4128.57490045129;-5870.051209694;6797711.51942474;0.0484833093947502;0.00277045235413387;0.959865668704427;-0.0129548014222056;-2.96102222691934
14130;-6967314.20240179;-777507.840630253;-1239030.3989626;1575.12558724393;-4104.83637484852;-5831.76951961321;6797581.37287861;0.0485108646263355;0.00211150850038116;0.959858026634993;-0.0129566840646855;-2.92959711954445
14160;-6916600.08294803;-900245.465414027;-1413336.00323534;1805.57368815648;-4076.98831843255;-5787.62995899365;6797432.07440986;0.0485421407481776;0.00150599903706292;0.959849270395462;-0.0129591852390232;-2.89820515635071
14190;-6858995.30925472;-1022086.19874759;-1586229.87677685;2034.4690499203;-4045.04643575834;-5737.65881576395;6797264.02730754;0.0485768925457944;0.000960401867036938;0.959839428750462;-0.0129623892048226;-2.86684982609884
14220;-6794549.4775302;-1142907.49257675;-1757537.51117595;2261.61074054696;-4009.02892757028;-5681.88596195191;6797077.68857938;0.0486148471197727;0.000480698781022693;0.959828534162938;-0.0129663784130972;-2.83553413181668
14250;-6723318.21154844;-1262587.3827034;-1927085.3485021;2486.79785677598;-3968.9565224439;-5620.34489887153;6796873.56900152;0.0486557058683333;7.23270363355719e-05;0.959816622740902;-0.0129712332786621;-2.80426054382614
14280;-6645363.16154475;-1381004.56514088;-2094700.89092656;2709.82954095623;-3924.85251208036;-5553.07280747772;6796652.23314829;0.0486991466553006;-0.000259864485526166;0.959803734176971;-0.0129770319518073;-2.77303095738849
14310;-6560752.00253813;-1498038.4735819;-2260212.81193017;2930.50500246511;-3876.74279017555;-5480.11060376675;6796414.29939201;0.0487448261486918;-0.000511654296697836;0.959789911680391;-0.0129838500893089;-2.74184665521769
14340;-6469558.43193696;-1613569.35808512;-2423451.06924713;3148.62354415207;-3824.65589477394;-5401.50299908435;6796160.43986196;0.0487923823145308;-0.000679482313681745;0.959775201901143;-0.0129917606248876;-2.71070827504876
14370;-6371862.16626983;-1727478.36508336;-2584247.01968971;3363.9845942974;-3768.62305400571;-5317.29856518581;6795891.38035013;0.0488414370500442;-0.000760478739285881;0.959759654845757;-0.0130008335392764;-2.6796157823869
14400;-6267748.93686877;-1839647.61881321;-2742433.53599389;3576.38774458181;-3708.67823509274;-5227.54980387426;6795607.90015089;0.0488915989401457;-0.000752487750476331;0.959743323784405;-0.0130111356301182;-2.64856844850675
14430;-6157310.48431688;-1949960.30426234;-2897845.12582047;3785.63279456696;-3644.8581964957;-5132.31322102351;6795310.83182019;0.0489424661209966;-0.000654085977835713;0.959726265148836;-0.0130227302819799;-2.61756483371999
14460;-6040644.55145768;-2058300.75172651;-3050318.0530399;3991.51980319124;-3577.20254305982;-5031.64940477121;6795001.06083912;0.0489936292344456;-0.000464595806749231;0.959708538420706;-0.013035677236836;-2.58660277588507
14490;-5917854.87474791;-2164554.52306407;-3199690.46142263;4193.84914778893;-3505.75378400172;-4925.62310764548;6794679.52516558;0.049044674457258;-0.000184093567406687;0.959690206009828;-0.0130500323654536;-2.55567938409556
14520;-5789051.17372064;-2268608.49973042;-3345802.50084894;4392.4215911446;-3430.55739356316;-4814.30333236478;6794347.21465715;0.0490951865891989;0.000186587289991053;0.959671333121883;-0.0130658474401828;-2.52479103745424
14550;-5654349.13830967;-2370350.97266976;-3488496.45614438;4587.03835709679;-3351.66187414;-4697.76342102514;6794005.17034668;0.0491447521842431;0.000645857917554878;0.959651987615108;-0.0130831699097452;-2.49393338881916
14580;-5513870.41377118;-2469671.73413531;-3627616.87863779;4777.50121520718;-3269.11882167614;-4576.08114736246;6793654.48355222;0.0491929627093566;0.00119138055914973;0.959632239845503;-0.0131020426766964;-2.46310137339415
14610;-5367742.58292291;-2566462.17150233;-3763010.720529;4963.61257501196;-3182.9829930924;-4449.33881174847;6793296.29480135;0.0492394177154467;0.00182007967143448;0.959612162500109;-0.013122503878332;-2.43228922203138
14640;-5216099.1454055;-2660615.3631315;-3894527.47214292;5145.17559037151;-3093.31237549911;-4317.62333854909;6792931.79254982;0.0492837280051612;0.00252815754319094;0.959591830417898;-0.0131445866718979;-2.40149047911528
14670;-5059079.49365557;-2752026.17633209;-4022019.3021347;5321.99427443221;-3000.16825691902;-4181.02637544158;6792562.21167368;0.0493255187821818;0.00331111428813084;0.95957132039789;-0.0131683190250656;-2.37069802490532
14700;-4896828.88526428;-2840591.36746565;-4145341.20069848;5493.87362571027;-2903.61529822336;-4039.64439425297;6792188.83171378;0.0493644327665305;0.00416377210099337;0.95955071099411;-0.0131937235127296;-2.33990410222972
14730;-4729498.41138029;-2926209.68422212;-4264351.12581813;5660.61976580103;-2803.72160595929;-3893.57879284648;6791812.97485113;0.0494001332601141;0.0050803036856893;0.959530082297049;-0.013220817121287;-2.30910034744051
14760;-4557244.96080085;-3008781.97008978;-4378910.15258403;5822.04008920877;-2700.55880572023;-3742.93599754505;6791436.00359189;0.0494323071462817;0.00605426478672484;0.959509515701358;-0.013249611061658;-2.27827782556263
14790;-4380231.17938014;-3088211.27102973;-4488882.6255838;5977.94342578039;-2594.20211568351;-3587.82756554147;6791059.31814054;0.0494606678065668;0.00707863077989838;0.959489093659558;-0.0132801105924083;-2.24742706959417
14820;-4198625.42436959;-3164402.94435405;-4594136.31435771;6128.14021621203;-2484.73041991039;-3428.3702867034;6790684.35344043;0.0494849579369867;0.00814583730371249;0.95946889942161;-0.0133123148544336;-2.21653812393967
14850;-4012601.71329139;-3237264.76979401;-4694542.57189137;6272.44270107934;-2372.22634097394;-3264.6862841384;6790312.57586155;0.0495049522453088;0.00924782493742152;0.959449016760301;-0.0133462167187624;-2.18560059198266
14880;-3822339.66693268;-3306707.06273116;-4789976.49609826;6410.66512382027;-2256.77631144819;-3096.90311283927;6789945.47951622;0.0495204600095665;0.0103760879542436;0.959429529682475;-0.0133818026491255;-2.15460368782571
14910;-3628024.44603601;-3372642.78954996;-4880317.09422388;6542.62394807311;-2138.47064376011;-2925.15385568385;6789584.58218476;0.0495313274768269;0.01152172719626;0.959410522126249;-0.013419052581028;-2.1235362922434
14940;-3429846.68124961;-3434987.68505466;-4965447.45008053;6668.13808974094;-2017.40359787185;-2749.57721601547;6789231.42083496;0.0495374400798041;0.012675507130349;0.959392077644475;-0.0134579398191388;-2.09238701290645
14970;-3228002.39589059;-3493660.37187712;-5045254.89399802;6787.02916411802;-1893.67344622661;-2570.3176059814;6788887.54672087;0.0495387244474173;0.0138279171491489;0.959374279074851;-0.0134984309548838;-2.06114424893876
15000;-3022692.92106467;-3548582.48178451;-5119631.17535012;6899.12174837119;-1767.38253535583;-2387.52522975653;6788554.52004921;0.049535150183847;0.0149692371770098;0.959357208197206;-0.0135404858061862;-2.02979625986472
15030;-2814124.80267809;-3599678.77877717;-5188472.63748939;7004.24365962136;-1638.63734350994;-2201.35616072911;6788233.9042045;0.0495267313890924;0.0160896076247934;0.959340945378657;-0.0135840573813482;-1.99833123898737
15060;-2602509.69987053;-3646877.28384739;-5251680.394895;7102.22624881562;-1507.54853363833;-2011.97241167397;6787927.25952716;0.0495135278925651;0.0171791037088128;0.959325569207489;-0.0136290918690941;-1.96673739120854
15090;-2388064.27439338;-3690109.40124894;-5309160.51230779;7192.9047105182;-1374.23100100816;-1819.54199688792;6787636.13664294;0.0494956461699193;0.0182278141054193;0.959311156116806;-0.0136755286568144;-1.93500301525774
15120;-2171010.07045462;-3729310.04610555;-5360824.1855954;7276.11840867941;-1238.8039147154;-1624.23898521147;6787362.0693462;0.0494732399122211;0.0192259238524421;0.959297779999155;-0.0137233003790394;-1.90311659023539
15150;-1951573.38455116;-3764417.77316329;-5406587.92405737;7351.71121836387;-1101.39075230614;-1426.24354281112;6787106.56704451;0.0494465102157961;0.0201638013305611;0.959285511813572;-0.0137723329981485;-1.87106686629703
15180;-1729985.12481104;-3795374.90646812;-5446373.7338455;7419.53188333333;-962.11932669153;-1225.74196454926;6786871.10677735;0.0494157053607732;0.0210320890603575;0.959274419186642;-0.0138225459192628;-1.83884295920704
15210;-1506480.65937282;-3822127.66972471;-5480109.30213892;7479.43438928442;-821.121804506769;-1022.9266927223;6786657.12482759;0.049381120146588;0.0218217979339265;0.959264566009437;-0.0138738521411972;-1.80643444837256
15240;-1281299.65333654;-3844626.3170667;-5507728.18167617;7531.27835243741;-678.534715033494;-817.99632190572;6786466.00795095;0.0493430947536516;0.0225244043633772;0.959256012032368;-0.0139261584452331;-1.77383147783088
15270;-1054685.89383194;-3862825.26394176;-5529169.9752079;7574.92942305822;-534.498948776253;-611.155588605561;6786299.08425525;0.0493020131021626;0.0231319496729956;0.959248812460214;-0.0139793656233394;-1.74102485950719
15300;-826887.10276353;-3876683.21778713;-5544380.51939474;7610.25970337237;-389.159744758499;-402.615344382294;6786157.61376888;0.0492583006817771;0.0236371408892982;0.959243017549834;-0.0140333687472948;-1.70800617788584
15330;-598154.736810709;-3886163.30814283;-5553312.06763382;7637.14817919593;-242.666665581965;-192.592511084609;6786042.77874536;0.0492124218296875;0.0240334518963842;0.959238672213235;-0.0140880574799601;-1.67476789505083
15360;-368743.774283179;-3891233.21582104;-5555923.4712568;7655.48116446534;-95.1735592764182;18.6899831904229;6785955.67375924;0.0491648764397113;0.0243152237269465;0.95923581562892;-0.0141433164297059;-1.64130345485299
15390;-138912.488458952;-3891865.30072049;-5552180.35850001;7665.15275769448;53.1614930446836;231.003288807647;6785897.2956565;0.0491161960913538;0.0244777625581917;0.959234480864613;-0.0141990255487235;-1.60760738475928
15420;91077.792936302;-3888036.72784523;-5542055.31060587;7666.0653092248;202.176244712317;444.112741375412;6785868.53343133;0.0490669395955618;0.0245174337831841;0.959234694514637;-0.014255060575629;-1.57367539374021
15450;320962.942413199;-3879729.59105744;-5525528.03437222;7658.12989796244;351.704367201506;657.777991992699;6785870.15810983;0.0490176879630463;0.0244317503409185;0.959236476355415;-0.0143112935224213;-1.53950446436283
15480;550476.301828659;-3866931.03406453;-5502585.53042508;7641.26681611589;501.575550980049;871.753162337633;6785902.81272901;0.0489690388116111;0.0242194533229138;0.959239839022667;-0.0143675932054591;-1.50509293709076
15510;779348.966137377;-3849633.36811134;-5473222.25644928;7615.40606026017;651.615624464888;1085.7870259416;6785967.00250859;0.0489216002407919;0.0238805827407202;0.959244787714031;-0.0144238258197043;-1.47044058465819
15540;1007310.081947;-3827834.18582059;-5437440.28457178;7580.48782685868;801.646692015423;1299.6232169469;6786063.08531992;0.0488759842151393;0.0234165362504536;0.959251319920894;-0.0144798555550142;-1.43554867429585
15570;1234087.16098022;-3801536.47059664;-5395249.4520544;7536.46301017508;951.487291852971;1513.00046758377;6786191.26256444;0.0488327995114312;0.0228301135986646;0.959259425193279;-0.0145355452527831;-1.4004200155543
15600;1459406.40848199;-3770748.70098231;-5346667.50441706;7483.29370030387;1100.95257474342;1725.6528755229;6786351.57058009;0.048792644299663;0.0221255445904791;0.959269084941652;-0.0145907571007144;-1.36505899150594
15630;1682993.06653866;-3735484.94933399;-5291720.23007871;7420.95367884446;1249.85450421519;1937.31020216188;6786543.87269979;0.0487560984424427;0.0213084984966849;0.959280272279454;-0.0146453533629705;-1.32947157122224
15660;1904571.77219882;-3695764.97415845;-5230441.58557395;7349.4289095391;1398.00207900597;2147.69820278594;6786767.85209045;0.0487237156119288;0.0203860730181758;0.959292951910123;-0.0146991971423929;-1.29366530162385
15690;2123866.930202;-3651614.30543517;-5162873.81037635;7268.71802099479;1545.20157833869;2356.53898940512;6787023.00550392;0.0486960153371524;0.0193667612204543;0.959307080062167;-0.0147521531709235;-1.25764927709528
15720;2340603.10003199;-3603064.32223158;-5089067.53033832;7178.832778414;1691.256830519;2563.55142691012;6787308.63807258;0.0486734751068716;0.0182603952366145;0.95932260447575;-0.014804088623788;-1.2214340856413
15750;2554505.39691675;-3550152.32190588;-5009081.84874056;7079.7985410738;1835.96950522311;2768.45156300677;6787623.85928201;0.0486565226633946;0.0170780660111245;0.959339464443899;-0.0148548739524455;-1.18503173083564
15780;2765299.90629625;-3492921.58018276;-4922984.42393326;6971.65470211949;1979.13942970533;2970.95309218489;6787967.58025037;0.0486455286304786;0.0158320189087858;0.959357590911233;-0.0149043837307566;-1.14845552936517
15810;2972714.11117396;-3431421.40138295;-4830851.53254708;6854.45510708168;2120.56492899959;3170.76785375021;6788338.51243954;0.0486407996228843;0.0145355256281973;0.959376906632658;-0.0149524975082998;-1.11171998458721
15840;3176477.33165846;-3365707.15808783;-4732768.11725469;6728.26844738833;2260.04319001835;3367.60636369895;6788735.16791618;0.0486425719859798;0.0132027335158677;0.959397326394103;-0.0149991006642749;-1.07484063717535
15870;3376321.17588727;-3295840.3195259;-4628827.81807416;6593.17862503012;2397.37064926637;3561.17837994466;6789155.86127087;0.0486510063105363;0.011848494051326;0.959418757296847;-0.0150440852549818;-1.03783389460318
15900;3571980.00140899;-3221888.46797934;-4519132.98622466;6449.28508445134;2532.34340368646;3751.19350011634;6789598.71329157;0.04866618286036;0.0104881729357951;0.959441099106443;-0.0150873508474727;-1.0007168418789
15930;3763191.38598086;-3143925.30252671;-4403794.6795729;6296.70310768528;2664.75764394075;3937.3617908382;6790061.65647289;0.048688098038581;0.00913744483758156;0.95946424466666;-0.0151288053316412;-0.963507036564507
15960;3949696.60661896;-3062030.62946184;-4282932.63874614;6135.56406873531;2794.41010920578;4119.39444707686;6790542.44242484;0.0487166620024319;0.00781207639581359;0.959488080378175;-0.0151683657027635;-0.926222291663297
15990;4131241.12561885;-2976290.33876043;-4156675.24303534;5966.01564322462;2921.09856232428;4297.00447980322;6791038.65122507;0.0487516975165405;0.00652770153288303;0.959512486741101;-0.0152059588063316;-0.888880450408972
16020;4307575.08214564;-2886796.36600381;-4025159.44526946;5788.22196940368;3044.62228391371;4469.90742986836;6791547.70273591;0.0487929401116328;0.00529959345172479;0.959537338959642;-0.015241522036944;-0.851499157317054
16050;4478453.78787705;-2793646.63921547;-3888530.68491062;5602.36375671596;3164.78258378368;4637.82210563798;6792066.86988305;0.048840039589813;0.00414243787908981;0.959562507606476;-0.0152750039830482;-0.814095630045755
16080;4643638.22507105;-2696945.0101188;-3746942.77869844;5408.63833828446;3281.38332776407;4800.47134157382;6792593.29386579;0.0488925628900455;0.00307011215113642;0.95958785934362;-0.0153063650094606;-0.776686436650487
16110;4802895.54532381;-2596801.1693854;-3600557.78826197;5207.25966389424;3394.23147779693;4957.58277459646;6793124.00124093;0.0489499982990125;0.00209547462061969;0.959613257695812;-0.0153355777698415;-0.739287282701066
16140;4955999.5671847;-2493330.54551122;-3449545.8642174;4998.4582303123;3503.13764290094;5108.88963471893;6793655.92279254;0.0490117609641063;0.00123016860337296;0.959638563871616;-0.0153626276416703;-0.701912812471179
16170;5102731.270705;-2386654.18703325;-3294085.06638038;4782.48094610532;3607.91663838185;5254.13154610819;6794185.91407015;0.0490771996378279;0.000484444689468723;0.959663637626737;-0.0153875130767547;-0.664576428019708
16200;5242879.28691731;-2276898.62788157;-3134361.15984163;4559.59092848905;3708.38805043942;5393.05533441979;6794710.77744724;0.0491456045571638;-0.000132995256749828;0.95968833816327;-0.0154102458609142;-0.627290129484701
16230;5376240.38017476;-2164195.73575018;-2970567.3867836;4330.06723016739;3804.37680311561;5525.41583596352;6795227.28552257;0.0492162163383494;-0.000615129667969647;0.959712525057957;-0.0154308512772055;-0.590064379328965
16260;5502619.92122507;-2048682.54346456;-2802904.2140531;4094.20449459411;3895.71372434365;5650.97670400293;6795732.20565759;0.0492882357473752;-0.000956722314997722;0.959736059211888;-0.0154493681678924;-0.552907992640673
16290;5621832.348855;-1930501.06342355;-2631579.05664922;3852.31253861065;3982.23610769847;5769.51120727336;6796222.32541684;0.0493608341901282;-0.00115439937849204;0.959758803813532;-0.0154658488913062;-0.515828054932761
16320;5733701.61791782;-1809798.08529724;-2456805.97743578;3604.71586197611;4063.78826631831;5880.80301562814;6796694.47865307;0.049433164753418;-0.00120669776995058;0.959780625306517;-0.0154803591707787;-0.478829868229957
16350;5838061.63155067;-1686724.95726982;-2278805.36354265;3351.7530839042;4140.2220753703;5984.64696759621;6797145.57195781;0.0495043736194633;-0.00111408454805499;0.959801394353224;-0.0154929778339501;-0.44191692560769
16380;5934756.65540171;-1561437.35122642;-2097803.58007769;3093.77630734978;4211.39749937176;6080.84981456079;6797572.61118004;0.0495736116716468;-0.000878947852273982;0.959820986784985;-0.0155037964419409;-0.405090913774233
16410;6023641.71171857;-1434095.01239384;-1914032.60193044;2831.15041243777;4277.18310065798;6169.23093625248;6797972.72770231;0.0496400461083075;-0.000505560283527162;0.959839284529532;-0.0155129188091174;-0.368351742782408
16440;6104582.95120175;-1304861.49405619;-1727729.6246071;2564.25228109015;4337.45652530716;6249.62302229455;6798343.20415484;0.0497028718837915;-1.60914568084294e-08;0.959856176506338;-0.0155204604154522;-0.331697601530339
16470;6177458.000598;-1173903.87807638;-1539136.65519312;2293.46995557411;4392.10496289745;6321.87271464475;6798681.4992448;0.0497613228015408;0.000629856125576328;0.959871559480575;-0.015526547714771;-0.295125037366894
16500;6242156.28410043;-1041392.48206158;-1348500.08469156;2019.20173435548;4441.02557657944;6385.84120594926;6798985.27137978;0.0498146820923061;0.00137460323771168;0.959885338866684;-0.0155313173434535;-0.258629057856274
16530;6298579.31673339;-907500.554114004;-1156070.2431319;1741.85520928738;4484.12590010064;6441.40478905912;6799252.40077263;0.0498622923212121;0.00222327776164773;0.959897429472886;-0.0155349152354146;-0.222203252572408
16560;6346640.96803038;-772403.956206516;-962100.938982012;1461.84624878276;4521.32419861619;6488.45535325767;6799481.00972807;0.0499035644799733;0.0031635861261437;0.959907756178512;-0.0155374956503897;-0.18583993267922
16590;6386267.69446169;-636280.837314103;-766848.984524242;1179.59793220239;4552.5497903599;6526.90082310603;6799669.48083084;0.0499379861347003;0.00418205269250203;0.959916254536597;-0.0155392201236864;-0.149530285996016
16620;6417398.73923324;-499311.297515694;-570573.708973468;895.539441225911;4577.74332653058;6556.66553622953;6799816.47278002;0.0499651285151041;0.00526419718395034;0.959922871294993;-0.0155402563466042;-0.113264545235602
16650;6439986.29825897;-361677.044355698;-373536.461218121;610.104914454075;4596.85702706637;6577.69055683591;6799920.93364384;0.0499846524472001;0.00639472319645802;0.959927564830034;-0.0155407769876578;-0.0770321671231779
16680;6453995.65130258;-223561.042819166;-176000.10415408;323.732271906334;4609.85487033066;6589.93392227063;6799982.11134369;0.0499963130486081;0.00755771550139006;0.959930305487807;-0.0155409584655455;-0.0408220201434355
16710;6459405.2574898;-85147.1603281451;21771.497346188;36.8620164223872;4616.71273511322;6593.37082046887;6799999.5612145;0.0499999631230352;0.00873684389585153;0.959931075829031;-0.0155409796854679;-0.00462257871001206
16740;6456206.81460701;53380.1917912915;219513.992731295;-250.063980757683;4617.418493753;6587.9936967493;6799973.15053014;0.049995555208348;0.00991557139938049;0.959929870774724;-0.0155410207509101;0.0315778784047899
16770;6444405.28182301;191836.418892315;416963.064199959;-536.603702776826;4611.97205560943;6573.81228900425;6799903.05992631;0.0499831422506985;0.0110773646278781;0.959926697650887;-0.0155412616633451;0.0677910675091893
16800;6424018.86569615;330037.104145177;613854.945106857;-822.316210753556;4600.38536054102;6550.85359096384;6799789.78169885;0.0499628768953466;0.0122059041918837;0.959921576131682;-0.015541881022489;0.104028499412621
16830;6395078.96955625;467798.368730152;809926.936190564;-1106.76286062076;4582.68232248655;6519.16174384049;6799634.11500121;0.0499350094030553;0.0132852929637178;0.959914538081706;-0.0155430547397371;0.140301280943071
16860;6357630.10657625;604937.229595541;1004917.91748738;-1389.508505728;4558.89872367876;6478.79785728355;6799437.15800989;0.0498998842191506;0.0143002600367214;0.959905627299154;-0.0155449547772304;0.176619920697749
16890;6311729.77707116;741271.953313015;1198568.85383195;-1670.12267789136;4529.08206044713;6429.83976118406;6799200.297171;0.0498579352404712;0.0152363581627762;0.9598948991628;-0.0155477479246588;0.212994141201411
16920;6257448.31077747;876622.404597476;1390623.29190067;-1948.18073982576;4493.29134197816;6372.3816904566;6798925.1936822;0.0498096798433518;0.0160801524069977;0.959882420186819;-0.0155515946253879;0.249432699694823
16950;6194868.67507352;1010810.38810562;1580827.84682607;-2223.26500222418;4451.59684379249;6306.53390548047;6798613.76740304;0.0497557117534259;0.0168193977092653;0.959868267488491;-0.0155566478628342;0.285943219826251
16980;6124086.25029747;1143659.98218568;1768932.67649866;-2494.96579915116;4404.07981806383;6232.42225139925;6798268.17842076;0.0496966928551683;0.0174432030012302;0.959852528174779;-0.0155630521171973;0.322532036561337
17010;6045208.57350279;1274997.86331974;1954691.94177602;-2762.88251588633;4350.83216323794;6150.18765994733;6797890.80652881;0.0496333440555933;0.0179421795066728;0.95983529865464;-0.0155709424017213;0.359204056649213
17040;5958355.05215899;1404653.62007821;2137864.25093514;-3026.62456387943;4291.95605570922;6059.98559789038;6797484.22889974;0.0495664353320665;0.0183085708656506;0.959816683884625;-0.0155804433866122;0.395962636972068
17070;5863656.64945748;1532460.05549288;2318213.08683244;-3285.81229805214;4227.56354657164;5961.98546652766;6797051.19625359;0.0494967751085345;0.0185363627821616;0.959796796556011;-0.0155916686175916;0.432809483048276
17100;5761255.54301574;1658253.47684889;2495507.21537374;-3540.07787229411;4157.77612667961;5856.36995700418;6796594.60783641;0.0494251991172256;0.0186213700135895;0.959775756232147;-0.0156047198348635;0.469744569843025
17130;5651304.75888852;1781873.97199551;2669521.0740429;-3789.06602964087;4082.72426342889;5743.33436641884;6796117.48553109;0.0493525589136946;0.0185612987096595;0.959753688445108;-0.0156196863970084;0.506766086853421
17160;5533967.78288993;1903165.67138039;2840035.13938991;-4032.434824279;4002.54691279845;5623.08587988729;6795622.94742497;0.0492797102215287;0.0183557823769885;0.959730723760975;-0.0156366448130293;0.543870409169358
17190;5409418.15130617;2021976.99511917;3006836.27253603;-4269.85627318987;3917.39101028074;5495.84282382803;6795114.18115479;0.0492075012887046;0.0180063900979316;0.959706996823147;-0.0156556583844852;0.581052095861616
17220;5277839.02313428;2138160.88452225;3169718.04191215;-4501.01693590634;3827.41094436979;5361.8338957863;6794594.41734099;0.0491367614400944;0.0175166060692311;0.959682645383096;-0.0156767769583623;0.618303916614628
17250;5139422.7360182;2251575.01761043;3328481.02260644;-4725.61842150837;3732.76801627722;5221.29737609634;6794066.90340956;0.0490682900095996;0.0168917800422083;0.959657809327803;-0.0157000367900907;0.655616907008084
17280;4994370.34807018;2362082.00826087;3482933.0718548;-4943.37782261536;3633.62988950599;5074.48032661036;6793534.87808182;0.0490028458305683;0.0161390488307108;0.959632629712869;-0.0157254605149192;0.692980452269922
17310;4842891.16776368;2469549.58873279;3632889.58036321;-5154.02807673572;3530.17003283429;4921.63778159821;6793001.54679062;0.0489411374543779;0.0152672296897292;0.959607247809882;-0.0157530572247357;0.730382398689477
17340;4685202.2740645;2573850.77542685;3778173.69930155;-5357.31825590346;3422.56716015004;4763.03193574731;6792470.05825697;0.0488838142542558;0.0142866870339778;0.959581804176211;-0.0157828226463814;0.767809191216021
17370;4521528.0289309;2674864.01783389;3918616.54295305;-5553.01378605868;3311.00467043385;4598.93133397583;6791943.48243362;0.0488314585547259;0.0132091746362219;0.959556437754766;-0.0158147394165584;0.805246035100268
17400;4352099.58426246;2772473.33072461;4054057.36714152;-5740.89659811164;3195.67009101886;4429.61006751711;6791424.78999327;0.0487845789067567;0.0120476560899835;0.959531285010705;-0.0158487774475923;0.842677078794245
17430;4177154.38531264;2866568.40972323;4184343.72368759;-5920.76521306356;3076.75452706353;4255.34698044691;6790916.83350907;0.0487436046052141;0.010816106910539;0.959506479111323;-0.0158848943775856;0.880085614738263
17460;3996935.67250281;2957044.73049284;4309331.59126616;-6092.43476393893;2954.45211996243;4076.42489051276;6790422.33044445;0.0487088815192;0.00952930215195498;0.95948214915465;-0.0159230360978871;0.917454294162388
17490;3811691.98348798;3043803.63183869;4428885.48314772;-6255.73695761348;2828.9595171946;3893.12982779278;6789943.84803904;0.0486806692780457;0.00820259381059452;0.959458419451518;-0.015963137350318;0.954765351639431
17520;3621676.65722756;3126752.38310709;4542878.53240709;-6410.51997989735;2700.47535587309;3705.75029436541;6789483.79014782;0.0486591398269822;0.00685168254490917;0.959435408865058;-0.0160051223862276;0.992000834869273
17550;3427147.34171025;3205804.23632187;4651192.55527325;-6556.64834745583;2569.19976201666;3514.5765478174;6789044.38606206;0.048644377337764;0.00549238835358002;0.959413230210812;-0.0160489056792073;1.02914283506413
17580;3228365.50687201;3280878.46355731;4753718.09337325;-6694.00271032123;2435.33386731917;3319.89991106003;6788627.68131394;0.0486363794317295;0.00414042481238796;0.959391989719839;-0.0160943926831581;1.06617371334781
17610;3025595.96413144;3351900.38009614;4850354.43569212;-6822.47960887079;2299.07934494721;3122.01211056819;6788235.5304418;0.0486350596468319;0.00281118127635135;0.959371786566455;-0.0161414806273906;1.10307631877762
17640;2819106.39384958;3418801.35396317;4941009.62112883;-6941.99118922043;2160.63796565487;2921.20464480771;6787869.59167024;0.0486402510569124;0.00151951711817803;0.959352712461489;-0.0161900593405155;1.13983419393433
17670;2609166.88190186;3481518.80246071;5025600.42257606;-7052.46488101463;2020.21117526952;2717.76818427665;6787531.32343952;0.0486517109315863;0.000279571614818615;0.959334851311226;-0.0162400120950637;1.17643176448632
17700;2396049.46643072;3539996.17635963;5104052.31348964;-7153.84304158325;1877.99969437581;2511.99200426053;6787221.98270059;0.0486691263091205;-0.000895407465186176;0.959318278941582;-0.0162912164650354;1.21285450969416
17730;2180027.69572895;3594182.93242189;5176299.41794152;-7246.08257039031;1734.20314080879;2304.16345109141;6786942.62487774;0.0486921203428971;-0.00199321415150022;0.95930306288642;-0.0163435451889184;1.24908911145322
17760;1961376.19808692;3644034.49494533;5242284.44516972;-7329.15449762066;1589.01967536378;2094.56744240879;6786694.10538823;0.0487202592746722;-0.00300281168823774;0.959289262238363;-0.0163968670311185;1.28512358014418
17790;1740370.26432325;3689512.20703088;5301958.60964925;-7403.04355064366;1442.64567093969;1883.48600164914;6786477.08259885;0.0487530598847443;-0.00391443600760733;0.959276927559994;-0.0164510476352044;1.32094735624345
17820;1517285.44360819;3730583.27227638;5355281.53771115;-7467.74770196135;1295.27540515714;1671.19782674014;6786292.02209231;0.0487899972701507;-0.00471967485490079;0.959266100852865;-0.0165059503628682;1.35655138730867
17850;1292397.1530828;3767220.6875997;5402221.16173253;-7523.27770209625;1147.10077633141;1457.97789274775;6786139.20211149;0.0488305128067118;-0.00541152277757277;0.959256815581394;-0.0165614371130408;1.39192818057366
17880;1065980.30167625;3799403.16788825;5442753.60290988;-7569.65660070523;998.311042535053;1244.09708801831;6786018.7200475;0.0488740221586441;-0.00598441274548487;0.959249096748402;-0.0166173691161578;1.42707183194149
17910;838308.92842707;3827115.06316189;5476863.04361119;-7606.91925902405;849.092583354553;1029.82188317475;6785930.4998367;0.0489199232099964;-0.00643422564365356;0.959242961018806;-0.0166736076991406;1.46197803263837
17940;609655.855524632;3850346.26892275;5504541.59028101;-7635.11185655535;699.628683830893;815.414032164758;6785874.3001337;0.0489676038047034;-0.00675827926349279;0.959238416887781;-0.0167300150172382;1.49664405517563
17970;380292.356202036;3869092.13034846;5525789.12784607;-7654.29139471479;550.0993399736;601.13030441948;6785849.72313016;0.0490164491959704;-0.00695529871011377;0.959235464889597;-0.0167864547494418;1.53106872055825
18000;150487.837533627;3883353.34096583;5540613.16653917;-7664.52519994842;400.681085152379;387.222247062323;6785856.2238939;0.0490658491204206;-0.00702537034164571;0.959234097843225;-0.0168427927547496;1.56525234887619
18030;-79490.4618822247;3893135.83641993;5549028.6820258;-7665.89042863088;251.546836598497;173.935976008778;6785893.12010827;0.0491152044273774;-0.00696988146803568;0.959234301130793;-0.0168988976871008;1.59919669552584
18060;-309377.759440588;3898450.68392955;5551057.94968162;-7658.47357585253;102.865761189056;-38.4880052823654;6785959.60209891;0.0491639332083698;-0.00679144806862531;0.959236053004997;-0.0169546415673214;1.63290487534003
18090;-538912.001393503;3899313.96799459;5546730.37383107;-7642.36999000462;-45.1968403595125;-249.814960708847;6786054.74304161;0.0492114763860127;-0.00649383275144206;0.959239324921599;-0.0170099003109156;1.66638127686802
18120;-767834.121259711;3895746.67289409;5536082.31271739;-7617.68339487735;-192.479631798115;-459.816051425239;6786177.50925397;0.0492573027345309;-0.00608185508397715;0.959244081893269;-0.0170645542110015;1.69963146895271
18150;-995888.284029333;3887774.56248577;5519156.89993339;-7584.52542079792;-338.825323086564;-668.268442125324;6786326.77048101;0.0493009133161231;-0.0055612962876356;0.959250282861109;-0.0171184883761173;1.73266210161432
18180;-1222822.11645534;3875428.05779011;5496003.86300051;-7543.01514615478;-484.08073652083;-874.955385107093;6786501.31009408;0.0493418453279566;-0.00493880011857738;0.959257881080396;-0.0171715931230183;1.76548080307887
18210;-1448386.92376143;3858742.11281272;5466679.3397416;-7493.27865048177;-628.096858204362;-1079.66628352788;6786699.83513101;0.0493796753637623;-0.00422177156678227;0.959266824517203;-0.0172237643249386;1.79809607459852
18240;-1672337.89312864;3837756.08903046;5431245.69305068;-7435.44858011216;-770.728875822005;-1282.19673525354;6786920.98611366;0.0494140221017471;-0.0034182748040694;0.959277056252784;-0.0172749037161108;1.83051718450839
18270;-1894434.284351;3812513.62893788;5389771.32462079;-7369.66372725821;-911.836203668534;-1482.34855869251;6787163.346588;0.0494445484368888;-0.00253693160799783;0.959288514892776;-0.0173249191536147;1.86275406276005
18300;-2114439.60807404;3783062.52902226;5342330.48815002;-7296.06862322702;-1051.28249587157;-1679.92980198481;6787425.45233969;0.0494709630807023;-0.00158682128999262;0.959301134978529;-0.0173737248378691;1.89481719697197
18330;-2332121.79204917;3749454.61250743;5289003.10250466;-7214.81314634871;-1188.93564873138;-1874.75473688772;6787705.80024612;0.0494930216553663;-0.000577382968248951;0.959314847398041;-0.0174212414932872;1.9267175308489
18360;-2547253.33585234;3711745.60217939;5229874.56527892;-7126.05214506743;-1324.66779307874;-2066.64383866624;6788002.85673307;0.0495105273117974;0.000481679147572234;0.959329579794246;-0.0174673965107822;1.95846636564729
18390;-2759611.45452725;3669994.99357991;5165035.56715198;-7029.94507653068;-1458.35527752689;-2255.42375325783;6788315.06581158;0.0495233309029893;0.00158048694844731;0.959345256968578;-0.0175121240539541;1.99007526520746
18420;-2968978.21162169;3624265.92882857;5094581.90740561;-6926.65566090602;-1589.87864346593;-2440.92725293801;6788640.85667645;0.0495313307448329;0.00270907571991561;0.959361801278005;-0.0175553651308857;2.0215559649361
18450;-3175140.64209099;3574625.07130847;5018614.31092942;-6816.35155155783;-1719.12259261787;-2622.99318166808;6788978.65085436;0.04953447199684;0.00385747727955607;0.959379133023885;-0.0175970676335595;2.05292028500458
18480;-3377890.8655455;3521142.48142714;4937238.24700627;-6699.2040211288;-1845.9759479386;-2801.46639125788;6789326.86889462;0.0495327456948292;0.00501579879623753;0.959397170831262;-0.0176371863469511;2.08418004793176
18510;-3577026.19031855;3463891.49364059;4850563.75013699;-6575.38766349154;-1970.33160861984;-2976.197669427;6789683.93660064;0.049526187466841;0.00617429720692538;0.959415832017363;-0.0176756829298833;2.11534700064119
18540;-3772349.2088299;3402948.59490689;4758705.24313173;-6445.08011146437;-2092.08649991033;-3147.04366079707;6790048.29080456;0.0495148759624085;0.00732344920622375;0.959435032948302;-0.0177125258697234;2.14643274102264
18570;-3963667.88471508;3338393.30471415;4661781.36266531;-6308.46177012199;-2211.14151844073;-3313.86678179654;6790418.38469127;0.0494989310239613;0.00845401682667592;0.95945468938313;-0.0177476904129932;2.17744864898401
18600;-4150795.63218511;3270308.05680805;4559914.78746508;-6165.71556547484;-2327.40147370232;-3476.53513040796;6790792.69268159;0.0494785116276385;0.00955710865573134;0.95947471680457;-0.0177811584739228;2.20840582195152
18630;-4333551.38807386;3198778.08272497;4453232.06927256;-6017.0267082417;-2440.77502629469;-3634.92239163693;6791169.71488691;0.0494538136192246;0.010624236750186;0.95949503073592;-0.0178129185229294;2.23931501475993
18660;-4511759.67702099;3123891.29721886;4341863.46669486;-5862.58247239626;-2551.17462352398;-3788.90773953155;6791547.9811505;0.0494250672693597;0.0116473693126572;0.959515547043749;-0.017842965456943;2.27018658387058
18690;-4685250.67022847;3045738.18565298;4225942.78203745;-5702.57198813059;-2658.51643289908;-3938.37573653192;6791926.05469241;0.0493925346706729;0.0126189791887691;0.959536182226156;-0.0178713004534198;2.30103043586011
18720;-4853860.23821745;2964411.69341185;4105607.20118719;-5537.18604884616;-2762.72027404083;-4083.21623088106;6792302.53537642;0.0493565069980661;0.0135320882309901;0.959556853686464;-0.0178979308098093;2.33185598013485
18750;-5017429.99800007;2880007.11737361;3980997.13659366;-5366.61693175509;-2863.70954948702;-4223.32425278201;6792676.06261916;0.0493173016521015;0.0143803075561106;0.959577479992337;-0.017922869770143;2.36267208584443
18780;-5175807.35506801;2792621.99946918;3852256.07337639;-5191.05823165144;-2961.41117484524;-4358.59990994076;6793045.3179621;0.0492752593043057;0.0151578737010771;0.959597981120418;-0.0179461363403239;2.39348704298983
18810;-5328845.54058598;2702356.02234119;3719530.41856756;-5010.70470739259;-3055.75550871579;-4488.94828309105;6793409.02732778;0.0492307408622495;0.0158596806569341;0.959618278686638;-0.0179677550935909;2.4243085277455
18840;-5476403.64416436;2609310.9071038;3582969.35348231;-4825.75214061553;-3146.67628277791;-4614.27932205543;6793765.96298229;0.0491841243714545;0.0164813077358015;0.959638296162446;-0.0179877559675336;2.45514357203989
18870;-5618346.64257082;2513590.31319289;3442724.68919256;-4636.39720620015;-3234.11053240567;-4734.50774285726;6794114.94522583;0.0491358018705859;0.0170190432010794;0.959657959077264;-0.0180061740539286;2.48599853746259
18900;-5754545.42472579;2415299.74028549;3298950.72506584;-4442.83735398196;-3317.99852815302;-4849.55292635997;6794454.84383324;0.0490861762159201;0.0174699035695699;0.959677195207517;-0.0180230493825638;2.51687909358797
18930;-5884876.81331177;2314546.43225765;3151804.11031637;-4245.2707012099;-3398.28370842292;-4959.33881887395;6794784.57926614;0.0490356578908056;0.0178316484757198;0.959695934752636;-0.0180384267001166;2.54779020082281
18960;-6009223.58331119;2211439.28314089;3001443.70850342;-4043.8959352395;-3474.91261361171;-5063.79383513716;6795103.12367783;0.0489846618156755;0.0181027909748533;0.95971411049847;-0.0180523552450485;2.57873609789892
18990;-6127474.47777219;2106088.74502874;2848030.46489984;-3838.91222594927;-3547.83482199712;-5162.85076404279;6795409.50173154;0.0489336041741437;0.0182826031547675;0.959731657968559;-0.0180648885193818;2.60972029413863
19020;-6239524.2210863;1998606.73787736;2691727.27664325;-3630.51914736643;-3617.00288761742;-5256.44667745714;6795702.79125203;0.0488828992707835;0.0183711169242091;0.959748515563736;-0.0180760840581267;2.64074556662181
19050;-6345273.53004666;1889106.5611371;2532698.86557244;-3418.91660798848;-3682.3722803689;-5344.52284244128;6795982.12372964;0.0488329564363056;0.0183691198534;0.959764624690559;-0.0180860031970368;2.67181396237614
19080;-6444629.12293983;1777702.80714519;2371111.65364238;-3204.30478928811;-3743.90132852993;-5427.02463716353;6796246.68469503;0.0487841769960313;0.0182781459562028;0.95977992987904;-0.0180947108392799;2.70292680569775
19110;-6537503.72690923;1664511.27620395;2207133.64080324;-2986.88409189157;-3801.55116390234;-5503.90147076365;6796495.71398207;0.0487369513176965;0.0181004613262011;0.959794378890173;-0.0181022752215316;2.73408471068645
19140;-6623816.08381261;1549648.89326325;2040934.28522116;-2766.8550889231;-3855.28566974367;-5575.10670740597;6796728.50589521;0.0486916559547752;0.0178390445695493;0.959807922813738;-0.0181087676799141;2.76528759904909
19170;-6703490.95478106;1433233.62612121;1872684.38571197;-2544.41848601199;-3905.07143164853;-5640.59759473588;6796944.40929667;0.0486486509015564;0.01749756201597;0.959820516156838;-0.0181142624161328;2.79653472318582
19200;-6776459.12367194;1315384.40505236;1702555.96625266;-2319.77508746271;-3950.87769152227;-5700.33519693301;6797142.82762778;0.0486082769761847;0.0170803377349334;0.959832116923632;-0.0181188362640919;2.82782469452832
19230;-6842657.39959311;1196221.04376859;1530722.16243013;-2093.12576809267;-3992.67630477656;-5754.28433253472;6797323.21887777;0.0485708533477062;0.0165923184361462;0.959842686686685;-0.0181225684572039;2.85915551704691
19260;-6902028.61866129;1075864.16161445;1357357.10968171;-1864.67145024679;-4030.44170086301;-5802.4135171846;6797485.09551209;0.0485366752228484;0.0160390333907309;0.959852190650349;-0.0181255403965533;2.89052462578586
19290;-6954521.64514224;954435.106895021;1182635.83317763;-1634.61308550241;-4064.15084724938;-5844.69491144338;6797628.02437136;0.0485060117077712;0.015426549570723;0.959860597706547;-0.0181278354200137;2.92192893022523
19320;-7000091.37210659;832055.881231709;1006734.13919169;-1403.15164058223;-4093.7832169307;-5881.10427378305;6797751.62655097;0.0484791038593359;0.0147614222680439;0.959867880483314;-0.0181295385723755;2.9533648622037
19350;-7038698.72172004;708849.064838649;829828.507803032;-1170.48808699755;-4119.32075955735;-5911.62091886954;6797855.57727008;0.0484561629395654;0.0140506415181553;0.959874015386416;-0.0181307363764915;2.9848284280728
19380;-7070310.64527303;584937.742610098;652095.986768918;-936.82339394743;-4140.74787625134;-5936.22768122442;6797939.60573805;0.0484373688858589;0.0133015747165565;0.959878982634329;-0.018131516605414;3.01631526469002
19410;-7094900.12304023;460445.430907231;473714.086406052;-702.358524003466;-4158.05139817276;-5954.91088434227;6798003.49502468;0.0484228690082564;0.0125219058758642;0.959882766286818;-0.0181319680554579;3.04782069879862
19440;-7112446.16404654;335496.004931032;294860.675315694;-467.29443111262;-4171.22056888858;-5967.66031532698;6798047.08194022;0.0484127769235346;0.0117195720260599;0.959885354267352;-0.0181321803201026;3.07933980928694
19470;-7122933.80580216;210213.626566527;115713.876786277;-231.832060453517;-4180.24703058744;-5974.46920509735;6798070.25692936;0.0484071717342911;0.0109026973083629;0.9598867383795;-0.0181322435646148;3.11086749177239
19500;-7126354.11405532;84722.6725824424;-63548.034294182;3.82765031632499;-4185.12481417509;-5975.33421420009;6798072.96398303;0.0484060974593363;0.0100795253529324;0.959886914317472;-0.0181322483012605;-3.14078678226438
19530;-7122704.1825976;-40852.33693056;-242746.73418451;239.483768883146;-4185.85033327717;-5970.25542425642;6798055.20057011;0.0484095627198155;0.00925835056058735;0.959885881670875;-0.0181322851649605;-3.10925766934227
19560;-7111987.1331427;-166386.810000571;-421703.952864902;474.935365629183;-4182.42238216741;-5959.23633505637;6798017.01759056;0.0484175406834569;0.0084474489281721;0.959883643923764;-0.0181324446892319;-3.07773572917748
19590;-7094212.11528598;-291756.154211989;-600241.57660904;709.98151097368;-4174.84213763152;-5942.28386730364;6797958.51935032;0.0484299692672947;0.00765500906527519;0.959880208447982;-0.0181328170822596;-3.04622612827689
19620;-7069394.30653826;-416835.848258071;-778181.750723215;944.421273161917;-4163.11316476902;-5919.40837100207;6797879.863557;0.0484467515971494;0.00688906404652692;0.959875586490787;-0.0181334920029372;-3.01473388026953
19650;-7037554.91241336;-541501.513726532;-955346.982621429;1178.05371696212;-4147.24142672688;-5890.62363946309;6797781.26133487;0.0484677567201168;0.00615742472875178;0.95986979315668;-0.018134558336728;-2.98326378053259
19680;-6998721.16653549;-665628.987235974;-1131560.24540465;1410.67790373134;-4127.23529835113;-5855.9469289021;6797662.97725599;0.0484928205643685;0.00546761513633488;0.959862847383351;-0.0181361039712041;-2.95182034289944
19710;-6952926.33071824;-789094.393040362;-1306645.08211123;1642.09289331323;-4103.10558373393;-5815.39898357911;6797525.32938368;0.0485217471386952;0.00482681048216365;0.959854771911582;-0.0181382155711399;-2.92040773902152
19740;-6900209.6949534;-911774.216217965;-1480425.71080405;1872.09774823286;-4074.86553762511;-5769.00406642717;6797368.68932341;0.0485543099625347;0.00424177834661011;0.959845593248945;-0.0181409783530559;-2.88902974091123
19770;-6840616.57723359;-1033545.37656013;-1652727.13065797;2100.4915406566;-4042.5308906684;-5716.78999509887;6797193.48227493;0.0485902537156593;0.00371882348469993;0.959835341627054;-0.018144475859134;-2.85768966714024
19800;-6774198.32311881;-1154285.30327389;-1823375.2292089;2327.07336258846;-4006.11987841334;-5658.78818334801;6797000.18707864;0.0486292960953497;0.00326373667356893;0.959824050952146;-0.0181487897304584;-2.82639033311002
19830;-6701012.30494254;-1273872.01061089;-1992196.89092316;2551.64233977781;-3965.65327404399;-5595.03368764936;6796789.33624798;0.0486711298677153;0.00288174795035511;0.959811758748678;-0.0181539994795704;-2.79513400574892
19860;-6621121.92053897;-1392184.17453303;-2159020.10724267;2773.99764981756;-3921.15442475562;-5525.56525894479;6796561.5159785;0.0487154250988717;0.00257748452662824;0.959798506095638;-0.0181601822623653;-2.76392236292641
19890;-6534596.59135843;-1509101.21052315;-2323674.08825779;2993.93854491623;-3872.64929169964;-5450.42539938835;6796317.36612348;0.0487618315509258;0.00235493360123732;0.959784337555205;-0.0181674126494087;-2.73275645781051
19920;-6441511.75982343;-1624503.35264651;-2485989.37615577;3211.2643798317;-3820.16649340556;-5369.66042394617;6796057.58012458;0.0488099812271875;0.00221741023099428;0.959769301093398;-0.0181757623967959;-2.70163668833219
19950;-6341948.88576309;-1738271.73396575;-2645797.96058795;3425.7746454593;-3763.73735257682;-5283.3205266897;6795782.90488503;0.0488594910506456;0.00216753035910299;0.959753447992298;-0.0181853002167387;-2.67056277186062
19980;-6235995.44174896;-1850288.46840892;-2802933.39609403;3637.26900857115;-3703.39594614418;-5191.45985160188;6795494.14057201;0.0489099656595538;0.0022071890467999;0.959736832753421;-0.0181960915481217;-2.63953372513882
20010;-6123744.90714006;-1960436.73418639;-2957230.92171562;3845.54735820849;-3639.17915844664;-5094.13656769578;6795192.14033363;0.0489610003039122;0.00233754390483091;0.959719512991811;-0.0182081983273361;-2.60854784948027
20040;-6005296.76063011;-2068600.85884827;-3108527.5829254;4050.40985923274;-3571.12673739537;-4991.41294822423;6794877.80991493;0.0490121838266837;0.00255900367972259;0.959701549320384;-0.0182216787597719;-2.57760272118512
20070;-5880756.47107441;-2174666.40606954;-3256662.35599087;4251.6570135449;-3499.28135346004;-4883.35545373606;6794552.10715646;0.0490631017137175;0.00287122191548984;0.959683005224067;-0.0182365870924231;-2.54669518710038
20100;-5750235.48635874;-2278520.26424491;-3401476.2748841;4449.08972948604;-3423.68866130061;-4770.03481871028;6794216.04135812;0.0491133391965375;0.00327309558525896;0.95966394692326;-0.0182529733881397;-2.51582136522192
20130;-5613851.22005712;-2380050.73696988;-3542812.56084066;4642.50939993429;-3344.39736384948;-4651.52614147415;6793870.67248976;0.0491624843923514;0.00376276856916072;0.959644443226154;-0.0182708833021476;-2.48497665021805
20160;-5471727.03560969;-2479147.6354784;-3680516.75466122;4831.71798961511;-3261.45927863033;-4527.90897708333;6793517.11022972;0.049210131465814;0.00433763984478208;0.959624565369444;-0.0182903578615413;-2.45415572374384
20190;-5323992.22773667;-2575702.37310071;-3814436.85183977;5016.51813214203;-3174.92940607921;-4399.2674328134;6793156.51281137;0.049255883797213;0.00499437625401352;0.959604386846997;-0.0183114332485503;-2.42335256941315
20220;-5170782.00078864;-2669608.06179774;-3944423.44059092;5196.7132373039;-3084.86599961274;-4265.6902658812;6792790.08565734;0.0492993571417891;0.00572892971469937;0.959583983226036;-0.0183341405884715;-2.39256049229906
20250;-5012237.44371814;-2760759.61082024;-4070329.84283725;5372.10760911236;-2991.3306371648;-4127.27098298166;6792419.07978055;0.0493401827648512;0.00653655875652516;0.959563431950461;-0.0183585057432604;-2.36177214284468
20280;-4848505.50134202;-2849053.82753233;-4192012.25820431;5542.50657511811;-2894.38829388972;-3984.10794119145;6792044.78993098;0.0493780105371545;0.00741185427661727;0.959542812130936;-0.0183845491118688;-2.33097954508177
20310;-4679738.94154902;-2934389.5204296;-4309329.91105735;5707.71662749806;-2794.10741570425;-3836.30444975437;6791668.55246665;0.049412511974676;0.00834876943095324;0.959522204321437;-0.0184122854385239;-2.30017412907485
20340;-4506096.31809198;-3016667.60437162;-4422145.20059824;5867.54557640605;-2690.55999331394;-3683.96887222505;6791291.74292766;0.0494433832064188;0.00934065360109588;0.959501690282005;-0.0184417236302364;-2.2693467675318
20370;-4327741.92858956;-3095791.20803776;-4530323.85402515;6021.80271606735;-2583.82163634164;-3527.21472840786;6790915.7732921;0.0494703478532065;0.0103802904009196;0.959481352727507;-0.0184728665849316;-2.23848781654635
20400;-4144845.76734811;-3171665.78360335;-4633735.08273977;6170.2990040819;-2473.97164714641;-3366.16079548554;6790542.08889336;0.0494931597995746;0.0114599397132782;0.9594612750623;-0.0185057110316914;-2.20758716046305
20430;-3957583.47260081;-3244199.21862018;-4732251.74156823;6312.84725438192;-2361.0930938905;-3200.9312076889;6790172.16497897;0.049511605839851;0.0125713837707856;0.959441541100771;-0.018540247384693;-2.17663426087883
20460;-3766136.26774778;-3313301.95007191;-4825750.49094154;6449.26234426645;-2245.27288238023;-3031.65555381357;6789807.50289222;0.0495255081783354;0.0137059773158229;0.959422234773826;-0.0185764596125163;-2.14561820981577
20490;-3570690.89616922;-3378887.08056003;-4914111.96196013;6579.36143590787;-2126.60182617357;-2858.46897184279;6789449.62585931;0.0495347267621577;0.0148547018914717;0.959403439821509;-0.0186143251245812;-2.11452778711586
20520;-3371439.54917153;-3440870.49656025;-4997220.92424375;6702.96421269262;-2005.1747144133;-2681.51223988749;6789100.07436639;0.0495391614239649;0.016008224325221;0.959385239472067;-0.0186538146765461;-2.08335152211785
20550;-3168579.78661672;-3499170.98867269;-5074966.45644401;6819.89313072086;-1881.09037680952;-2500.93186260521;6788760.40111314;0.0495387538100649;0.0171569594691779;0.959367716107898;-0.0186948922965721;-2.0520777596779
20580;-2962314.44977575;-3553710.37377114;-5147242.1192706;6929.97368574584;-1754.45174515977;-2316.88015220969;6788432.16553208;0.0495334890681012;0.018291137252365;0.959350950918972;-0.0187375152344055;-2.0206947305866
20610;-2752851.56593928;-3604413.61893794;-5213946.13085497;7033.03469578386;-1625.36591075862;-2129.51530313165;6788116.92786588;0.0495233972668145;0.0194008740807219;0.959335023544479;-0.0187816339352776;-1.98919062641446
20640;-2540404.24431267;-3651208.96705098;-5274981.54424627;7128.90859956882;-1493.94417701226;-1939.00145934067;6787816.24279831;0.0495085545190112;0.0204762485866921;0.959320011703614;-0.0188271920406424;-1.95755367878363
20670;-2325190.56271831;-3694028.06386825;-5330256.42680396;7217.4317709614;-1360.30210653687;-1745.50877328704;6787531.6526386;0.0494890837775996;0.0215073816810438;0.959305990816606;-0.0188741264177831;-1.92577224301322
20700;-2107433.44462576;-3732806.08643319;-5379684.04121937;7298.44484935084;-1224.55956198337;-1549.21345537209;6787264.68006363;0.0494651552735627;0.0224845207933012;0.959293033617276;-0.0189223672203006;-1.89383488601897
20730;-1887360.52603034;-3767481.87260073;-5423183.02786507;7371.79308600755;-1086.84073979544;-1350.29781280683;6787016.82042681;0.0494369865641142;0.0233981281027169;0.959281209758613;-0.0189718379814664;-1.86173047826243
20760;-1665204.01170341;-3797998.05145989;-5460677.58813612;7437.32670625576;-947.274196073463;-1148.95027667109;6786789.53364891;0.0494048421591416;0.0242389724577546;0.959270585413065;-0.0190224557423555;-1.8294482894402
20790;-1441200.5203429;-3824301.17440307;-5492097.66841063;7494.90128723787;-805.992863683603;-945.365415941059;6786584.23571138;0.0493690326945149;0.0249982245585205;0.959261222869454;-0.019074131216591;-1.79697808747916
20820;-1215590.91816109;-3846341.84656623;-5517379.14421993;7544.37815093502;-663.134059720853;-739.743937211445;6786402.28977956;0.0493299136220476;0.0256675548336753;0.959253180128626;-0.0191267689934099;-1.76431024025993
20850;-988620.140458398;-3864074.8583368;-5536464.00417938;7585.62477199153;-518.839482406419;-532.292668801423;6786244.99699045;0.0492878833879806;0.0262392332818011;0.959246510500191;-0.0191802677806131;-1.73143581932841
20880;-760537.000747505;-3877459.31659823;-5549300.53319143;7618.51519976433;-373.255196475092;-323.224527901331;6786113.58694651;0.0492433810749608;0.0267062303698625;0.959241262202896;-0.019234520688777;-1.69834670467669
20910;-531593.987011316;-3886458.77535152;-5555843.49439154;7642.93049388195;-226.531606087463;-112.758469391126;6786009.20796549;0.0491968834867131;0.0270623178906176;0.959237477971404;-0.019289415557888;-1.66503568948319
20940;-302047.044702149;-3891041.36532467;-5556054.30926646;7658.75917245101;-78.8234142858809;98.880585057144;6785932.9171438;0.0491489016600928;0.027302168482298;0.959235194672432;-0.0193448353273052;-1.63149658350216
20970;-72155.3461175117;-3891179.92215165;-5549901.23533236;7665.89767189208;69.7104319972691;311.461838990944;6785885.67029973;0.0490999767960235;0.0274214523128741;0.959234442933434;-0.0194006584496677;-1.59772431359094
21000;157818.954179047;-3886852.1126724;-5537359.54071837;7664.25081722106;218.906812374186;524.74873570168;6785868.31187111;0.0490506756090469;0.0274169292359597;0.959235246787138;-0.0194567593490331;-1.56371501966694
21030;387610.978185448;-3878040.55887581;-5518411.67495936;7653.73230141751;368.598519870799;738.49909665043;6785881.56485033;0.0490015851048413;0.027286534544801;0.959237623335455;-0.0195130089231696;-1.52946614420505
21060;616953.397786926;-3864732.95897775;-5493047.43526032;7634.2651723387;518.614365210054;952.465285160852;6785926.02084835;0.0489533068060638;0.027029456295359;0.959241582436364;-0.0195692750895237;-1.49497651322964
21090;845576.722781071;-3846922.20509745;-5461264.12745419;7605.78232544791;668.779299467677;1166.39439670892;6786002.13038716;0.0489064504591361;0.0266462020505688;0.959247126417537;-0.0196254233739487;-1.46024640663569
21120;1073209.60374809;-3824606.49696697;-5423066.72083611;7568.22700042936;818.914556027074;1380.02847708777;6786110.19352764;0.048861627267943;0.0261386528278456;0.95925424982048;-0.0196813175408133;-1.42527761560271
21150;1299579.14985148;-3797789.45108142;-5378467.99601926;7521.55327956106;968.837812717133;1593.10476965836;6786250.35094727;0.0488194427145876;0.025510102022398;0.959262939179056;-0.0197368202626118;-1.39007348485494
21180;1524411.26158728;-3766480.20467182;-5327488.68492276;7465.72658551323;1118.36337496157;1805.35599281109;6786422.57558765;0.0487804890420047;0.0247652771417619;0.959273172836218;-0.0197917938266763;-1.3546389375835
21210;1747430.97842734;-3730693.51385882;-5270157.60196965;7400.72417603493;1267.30238070012;2016.51064865942;6786626.66499751;0.0487453374879485;0.0239103423309745;0.959284920802743;-0.0198461008760521;-1.31898048098951
21240;1968362.84122235;-3690449.84532348;-5206511.76554415;7326.53563278807;1415.46302775984;2226.29336386187;6786862.23450047;0.048714530374141;0.0229528799010545;0.959298144661648;-0.019899605181036;-1.28310619064016
21270;2186931.26914568;-3645775.46081284;-5136596.50873281;7243.16334138856;1562.65082425774;2434.42526332392;6787128.71131915;0.048688573167637;0.0219018493982808;0.959312797521826;-0.0199521724373193;-1.24702567215399
21300;2402860.95086762;-3596702.49378193;-5060465.57835385;7150.6229595217;1708.66886250402;2640.62437736367;6787425.32978841;0.0486679266431234;0.0207675231678404;0.959328824024222;-0.0200036710861104;-1.21074999914756
21330;2615877.24955295;-3543269.01746167;-4978181.22126437;7048.94386981612;1853.31811674743;2844.60608273638;6787751.12778883;0.04865299928431;0.0195613978668318;0.959346160403594;-0.0200539731510539;-1.17429162687705
21360;2825706.62117277;-3485519.10363417;-4889814.25692635;6938.16961399201;1996.39776496074;3046.08357770083;6788104.94452866;0.0486441400692007;0.0182960819557112;0.959364734608592;-0.0201029550862285;-1.13766428158235
21390;3032077.04551456;-3423502.87139315;-4795444.13521046;6818.35830464696;2137.70553470451;3244.76839107661;6788485.41979683;0.0486416317872941;0.0169851598281604;0.959384466482486;-0.0201504986289873;-1.10088282617225
21420;3234718.4691635;-3357276.52516874;-4695158.97842163;6689.58301091222;2277.03807293269;3440.37092498516;6788890.99480174;0.0486456850362282;0.015643033903928;0.959405268006405;-0.0201964916509324;-1.06396310355456
21450;3433363.25961321;-3286902.38130281;-4589055.6065442;6551.93211410664;2414.19133941316;3632.60103069095;6789319.91470005;0.0486564330407128;0.0142847466810681;0.959427043606492;-0.0202408289998839;-1.02692175958687
21480;3627746.66954671;-3212448.88247392;-4477239.5447259;6405.50962943835;2548.96102323194;3821.16861666222;6789770.23290672;0.0486739274276266;0.012925785394552;0.959449690525741;-0.0202834133253304;-0.989776048275401
21510;3817607.31020936;-3133990.5992898;-4359825.01205124;6250.43548976161;2681.14298163266;4005.78428765704;6790239.81726167;0.0486981350779239;0.0115818725259045;0.959473099260728;-0.0203241558795478;-0.952543622447637
21540;4002687.63267522;-3051608.21839172;-4236934.89069555;6086.84578738928;2810.53370021413;4186.16001331073;6790726.35811042;0.0487289361586853;0.0102687459252038;0.959497154062734;-0.0203629772863418;-0.915242313642333
21570;4182734.41568907;-2965388.51644731;-4108700.67460181;5914.8929699968;2936.9307732707;4362.00982435924;6791227.3783348;0.0487661234176878;0.00900193271502025;0.959521733502081;-0.020399808269236;-0.87788990536989
21600;4357499.25864814;-2875424.31944905;-3975262.39688344;5734.74598673202;3060.13340281492;4533.05053428219;6791740.24534718;0.0488094027988167;0.00779652142467316;0.959546711093731;-0.0204345903308833;-0.840503904176423
21630;4526739.07817311;-2781814.44678288;-3836768.53522823;5546.59038077258;3179.94291457237;4699.00248379402;6792262.18503573;0.0488583954102491;0.00666693693773537;0.95957195598147;-0.0204672763755407;-0.803101313080983
21660;4690216.60660745;-2684663.63958656;-3693375.89466099;5350.62832474898;3296.16328898769;4859.59030525558;6792790.29762167;0.0489126408494412;0.00562672281877634;0.959597333677183;-0.0204978312666234;-0.765698411940293
21690;4847700.89068021;-2584082.47298008;-3545249.46711556;5147.07859568036;3408.60170503182;5014.54370372734;6793321.57536022;0.0489716018604561;0.00468833541843857;0.959622706850963;-0.0205262323116417;-0.728310549130452
21720;4998967.78847084;-2480187.2518201;-3392562.26737047;4936.17648635225;3517.06909435753;5163.59825104349;6793852.92198781;0.0490346702710197;0.00386295384844047;0.959647936167038;-0.020552469667232;-0.69095194862974
21750;5143800.46272725;-2373099.88970784;-3235495.14501596;4718.17365040131;3621.38070311677;5306.49618896088;6794381.17378764;0.0491011741297683;0.00316030948719712;0.959672881159718;-0.0205765466575233;-0.653635536158078
21780;5281989.8685122;-2262947.77106365;-3074236.5722433;4493.33787876057;3721.3566585336;5442.98723713136;6794903.12211562;0.049170385939272;0.00258853814519287;0.959697401142885;-0.0205984799997277;-0.616372787499585
21810;5413335.23308901;-2149863.59617157;-2908982.40737869;4261.95280555931;3816.82253712512;5572.82940136984;6795415.53719928;0.0492415318582813;0.00215405741458327;0.959721356145866;-0.0206182999316041;-0.579173601532664
21840;5537644.52590778;-2033985.20919346;-2739935.63422425;4024.3175420603;3907.60993128293;5695.78977744586;6795915.19299396;0.0493138017277899;0.0018614710790468;0.959744607867947;-0.0206360502363187;-0.542046199846241
21870;5654734.91651848;-1915455.4092532;-2567306.07741425;3780.7462377516;3993.55701077484;5811.64534542262;6796398.89285462;0.0493863597603289;0.00171350179740075;0.959767020643248;-0.0206517881612013;-0.504997054161114
21900;5764433.21821953;-1794421.74479631;-2391310.09414706;3531.56756828403;4074.50907560356;5920.18374940751;6796863.49575757;0.0494583557206032;0.00171095262563267;0.959788462407256;-0.0206655842279564;-0.468030842129321
21930;5866576.31525016;-1671036.29153916;-2212170.24280891;3277.12415055407;4150.31909657048;6021.20405746862;6797305.94278687;0.0495289364182444;0.00185269733105933;0.95980880565598;-0.0206775219330392;-0.431150431476421
21960;5961011.57135332;-1545455.41443182;-2030114.92916383;3017.77188586757;4220.84823984091;6114.51749641666;6797723.28358289;0.0495972573299445;0.00213569889923802;0.959827928388466;-0.0206876973381029;-0.394356891901386
21990;6047597.21757377;-1417839.51417052;-1845378.03094352;2753.87923277456;4285.96637179624;6199.94815615477;6798112.70243944;0.0496624941684035;0.00255505515260118;0.959845715023318;-0.0206962185516838;-0.357649533670018
22020;6126202.71721358;-1288352.75890627;-1658198.50182865;2485.82641183121;4345.55254048907;6277.33365836357;6798471.5437283;0.0497238542190299;0.00310406999889654;0.95986205727987;-0.0207032051045652;-0.3210259714398
22050;6196709.10594522;-1157162.80190605;-1468819.95596868;2214.00454521138;4399.49543009275;6346.52578441612;6798797.33632864;0.0497805872718347;0.00377434850946183;0.959876855014848;-0.0207087872225474;-0.284482211538753
22080;6259009.30517957;-1024440.48602941;-1277490.23433747;1938.81473474797;4447.69378485621;6407.39105760976;6799087.81674273;0.0498319959850633;0.00455591379085328;0.959890017005589;-0.0207131050016268;-0.248012760687059
22110;6313008.40690363;-890359.535985607;-1084460.95436575;1660.66708262317;4490.0567992398;6459.81127505752;6799340.95058907;0.0498774455284115;0.00543734345158816;0.959901461671354;-0.0207163074918203;-0.211610753990956
22140;6358623.92833833;-755096.239433265;-889987.044426677;1379.9796595358;4526.504471116;6503.68398489959;6799554.95217942;0.0499163723667693;0.00640592336958132;0.959911117724783;-0.0207185516970572;-0.175268099944593
22170;6395786.03492024;-618829.118074128;-694326.264875282;1097.17742574358;4556.96791516988;6538.9229048736;6799728.30190765;0.049948292059992;0.00744781642337725;0.959918924746209;-0.0207200014996616;-0.138975640135243
22200;6424437.73028108;-481738.589974429;-497738.717455074;812.691110898835;4581.3896339245;6565.45827871534;6799859.7612044;0.0499728059698716;0.00854824384859994;0.959924833674343;-0.0207208265189566;-0.102723321347532
22230;6444535.0120835;-344006.624419648;-300486.344983909;526.956059057651;4599.72374414305;6583.23716734588;6799948.38484328;0.0499896067820082;0.00969167690707008;0.95992880720771;-0.0207212009144142;-0.0665003777900859
22260;6456046.99276884;-205816.390670638;-102832.42331457;240.411045638132;4611.93615671887;6592.22367232889;6799993.53042006;0.049998482767431;0.0108620365971125;0.959930820112197;-0.0207213021445315;-0.0302955212105473
22290;6458955.98448146;-67351.9020400259;94958.9523673009;-46.5029265755976;4618.00470855015;6592.39908964754;6799994.86486557;0.0499993207264135;0.0120428991784865;0.959930859431124;-0.0207213096932281;0.00590286328902475
22320;6453257.54765016;71202.3432531926;292623.384795664;-333.343845045237;4617.9192453049;6583.76199244464;6799952.36789591;0.0499921075748271;0.0132177053246653;0.959928924595366;-0.0207214037760134;0.0421065178841529
22350;6438960.50293072;209661.722966437;489896.693283136;-619.669911210385;4611.68165440523;6566.32824198448;6799866.33234744;0.0499769305514627;0.0143699707417283;0.95992502743218;-0.0207217640384585;0.0783271112280122
22380;6416086.9064392;347841.851955632;686515.431630003;-905.040762775096;4599.30584799404;6540.13092672078;6799737.36139029;0.0499539760429658;0.0154834961023992;0.959919192072604;-0.0207225682596222;0.114576038330699
22410;6384671.98843273;485558.942037994;882217.403132488;-1189.01868700153;4580.81769608383;6505.22022998336;6799566.36265915;0.0499235270412534;0.0165425741339366;0.959911454758434;-0.0207239910730191;0.150864223238694
22440;6344764.05581964;622630.159109382;1076742.17056429;-1471.16981756982;4556.25491052076;6461.66322741601;6799354.53938588;0.0498859592664987;0.0175321916707431;0.959901863550966;-0.0207262027174832;0.187201926663702
22470;6296424.3591012;758873.976055499;1269831.55904848;-1751.06530775577;4525.66688082039;6409.54361590171;6799103.37866082;0.0498417360068437;0.0184382244405328;0.959890477944819;-0.0207293678298738;0.22359856075275
22500;6239726.92456086;894110.520034038;1461230.14979774;-2028.28247295323;4489.11446333878;6348.9613762891;6798814.63699116;0.0497914017438792;0.0192476223032851;0.95987736839121;-0.0207336442910066;0.260062513242
22530;6174758.35272086;1028161.91275464;1650685.76277844;-2302.40589592017;4446.6697256277;6280.03237277724;6798490.32336094;0.0497355746504246;0.0199485826138053;0.959862615736071;-0.0207391821354715;0.296600983286374
22560;6101617.58427869;1160852.60244445;1837949.92644752;-2573.02848855102;4398.41564818025;6202.8878923181;6798132.68003114;0.0496749380641415;0.0205307093426548;0.959846310579301;-0.0207461225351441;0.333219831294714
22590;6020415.63491457;1292009.68625811;2022778.33281891;-2839.75250446416;4344.44578609873;6117.6741278496;6797744.16134566;0.0496102310567244;0.0209851555786738;0.959828552562268;-0.0207545968652207;0.369923445113462
22620;5931275.30052433;1421463.22197163;2204931.27623655;-3102.19049723483;4284.86389350551;6024.55160957196;6797327.41083251;0.0495422382336524;0.0213047470630122;0.959809449591377;-0.0207647258605219;0.40671462487724
22650;5834330.83457874;1549046.52788778;2384174.07436295;-3359.9662196895;4219.78351376729;5923.69458882164;6796885.2369066;0.0494717789133481;0.0214840844821899;0.959789117006116;-0.0207766188686462;0.443594488769248
22680;5729727.59943841;1674596.46997619;2560277.47003303;-3612.7154602998;4149.32753881071;5815.29037937725;6796420.58749225;0.0493996958467849;0.0215196223893152;0.959767676700408;-0.0207903732053226;0.480562401795282
22710;5617621.69356264;1797953.7353721;2733018.01277153;-3860.08681336;4073.62774097095;5699.5386612484;6795936.52388914;0.0493268436486781;0.0214097228379379;0.959745256206493;-0.0208060736160407;0.517615929462317
22740;5498179.55664021;1918963.09146302;2902178.41892631;-4101.74238029336;3992.82428093475;5576.65075215061;6795436.19420584;0.0492540771189886;0.021154682110141;0.959721987750673;-0.0208237918467416;0.554750817958221
22770;5371577.55473974;2037473.62990048;3067547.90952713;-4337.35840009824;3907.06519541435;5446.84885195814;6794922.80667924;0.0491822396381385;0.020756729302312;0.959698007290383;-0.020843586325061;0.591961002050089
22800;5238001.54762701;2153338.99498378;3228922.52513936;-4566.62580760541;3816.50586822089;5310.3652654525;6794399.60318811;0.049112151820717;0.0202199959975214;0.959673453541946;-0.0208655019523433;0.62923864145607
22830;5097646.44042667;2266417.59597277;3386105.41714055;-4789.25071886397;3721.30848839578;5167.4416086511;6793869.83325361;0.049044600610192;0.0195504567952132;0.959648467008191;-0.0208895700054168;0.666574185906672
22860;4950715.721817;2376572.80299559;3538907.11500578;-5004.95484359689;3621.64149900918;5018.32800391069;6793336.72880038;0.0489803289910082;0.0187558410745362;0.959623189014796;-0.0209158081459408;0.703956468508836
22890;4797420.99093894;2483673.12632459;3687145.76934106;-5213.47582526039;3517.6790401487;4863.2822688587;6792803.47992883;0.0489200264842979;0.0178455170182;0.95959776076385;-0.0209442205340426;0.741372826378369
22920;4637981.47517634;2587592.37889747;3830647.37055316;-5414.56750979794;3409.60038950183;4702.56910401698;6792273.21192394;0.0488643205793;0.0168303495963486;0.959572322412555;-0.0209747980419465;0.778809246836601
22950;4472623.5409237;2688209.82206067;3969245.94318682;-5608.00014469376;3297.58940378625;4536.45928375234;6791748.96369751;0.0488137692345841;0.0157225348760731;0.959547012184488;-0.0210075185623871;0.816250536803752
22980;4301580.19940245;2785410.29460715;4102783.7160953;-5793.56051039874;3181.83396410753;4365.22885492222;6791233.66783172;0.0487688545617276;0.0145354136532924;0.959521965520102;-0.021042347405795;0.85368051239308
23010;4125090.60951822;2879084.32527006;4231111.26873711;-5971.05198661946;3062.52542812634;4189.1583472885;6790730.13236126;0.0487299777796288;0.0132832679680631;0.959497314272527;-0.0210792377795562;0.891082205148124
23040;3943399.57967118;2969128.22891724;4354087.65400889;-6140.29455632686;2939.85809170342;4008.53199945262;6790241.02440095;0.0486974555008861;0.0119811045344678;0.959473185953894;-0.0211181313420789;0.928438080897701
23070;3756757.07034105;3055444.18676801;4471580.49813238;-6301.12475065405;2814.0286624625;3823.63700372797;6789768.85569546;0.0486715173833841;0.0106444294661315;0.959449703036709;-0.0211589588239521;0.965730266855708
23100;3565417.6991693;3137940.31102346;4583466.07821039;-6453.39553811226;2685.23574747395;3634.76277301646;6789315.97013833;0.0486523051513347;0.00928901888985944;0.959426982313954;-0.0212016407081607;1.00294078238346
23130;3369640.25015482;3216530.6943639;4689629.37815346;-6596.97616176063;2553.67935701931;3442.2002324;6788884.5332796;0.0486398729614309;0.00793069009990022;0.959405134320829;-0.0212460879611092;1.04005176877428
23160;3169687.18846796;3291135.44482211;4789964.1237548;-6731.7519281219;2419.56042615153;3246.24113780043;6788476.52381517;0.0486341890624591;0.00658507781115913;0.959384262820263;-0.0212922028061185;1.07704571351591
23190;2965824.18227228;3361680.70658915;4884372.7977566;-6857.62395174282;2283.08035552235;3047.17742370761;6788093.7270266;0.0486351386715485;0.00526741982574866;0.95936446435356;-0.0213398795310754;1.113905664732
23220;2758319.63282532;3428098.66734957;4972766.63580514;-6974.50885935941;2144.44057270842;2845.30058162838;6787737.73011853;0.0486425279679946;0.0039923560461057;0.959345827856817;-0.0213890053220285;1.15061543188635
23250;2547444.21401066;3490327.55277677;5055065.60423721;-7082.33845764545;2003.84211503551;2640.90107057411;6787409.91938141;0.0486560890869507;0.002773744271174;0.959328434343062;-0.0214394611147365;1.18715976933158
23280;2333470.42233418;3548311.60884543;5131198.36067447;-7181.05936850194;1861.48523467618;2434.26776058292;6787111.47909045;0.0486754859806474;0.00162449562357469;0.959312356649417;-0.0214911224564631;1.22352453987348
23310;2116672.13829972;3602001.07263831;5201102.19842809;-7270.63263578893;1717.56902658405;2225.68740996864;6786843.39203809;0.0487003210045107;0.000556431807051124;0.959297659248002;-0.0215438603706797;1.25969685617175
23340;1897324.19996327;3651352.13233842;5264722.97573209;-7351.03330731379;1572.29107962776;2015.44417670314;6786606.44158527;0.0487301420796073;-0.000419834286739794;0.959284398118761;-0.0215975422177548;1.29566519847884
23370;1675701.98935233;3696326.87710558;5322015.03083232;-7422.24999577547;1425.84715110098;1803.81916407359;6786401.21510874;0.0487644502811986;-0.0012949937822045;0.95927262068192;-0.021652032545193;1.33141950789792
23400;1452081.03232784;3736893.23753923;5372941.08395826;-7484.28442222593;1278.43086461359;1591.09000051325;6786228.108715;0.0488027077054938;-0.00206111264663594;0.959262365787362;-0.0217071939214966;1.36695125499369
23430;1226736.6123618;3773024.91742697;5417472.12719859;-7537.15094545309;1130.23343121196;1377.5304532833;6786087.33308754;0.0488443454725599;-0.00271167855192683;0.959253663757874;-0.021762887748268;1.40225348418951
23460;999943.398603903;3804701.31747163;5455587.30328867;-7580.87608051643;981.443393434895;1163.41007548477;6785978.92033263;0.0488887717322365;-0.00324162471230891;0.959246536482921;-0.0218189750457394;1.43732083491367
23490;771975.088516511;3831907.45167893;5487273.77429987;-7615.49800948166;832.246391885978;948.993885703539;6785902.7316889;0.0489353795512104;-0.00364733208460704;0.959240997559368;-0.0218753172074888;1.47214954090256
23520;543104.065268734;3854633.85707362;5512526.58119718;-7641.06608720727;682.82495379163;734.542079437573;6785858.46596819;0.0489835545725126;-0.00392661167088338;0.959237052475421;-0.0219317767206786;1.50673740942189
23550;313601.069997667;3872876.49739437;5531348.4952044;-7657.64034483634;533.358302918254;520.309771322774;6785845.66859864;0.0490326823529892;-0.00407866892314404;0.959234698833919;-0.0219882178487245;1.54108378242627
23580;83734.8889684125;3886636.6613978;5543749.86188431;-7665.29099344514;384.022190139516;306.546767061655;6785863.74114606;0.0490821552991723;-0.0041040524177467;0.959233926611069;-0.0220445072738612;1.57518948184504
23610;-146227.944406059;3895920.85637963;5549748.43880764;-7664.09793009705;234.988743876184;93.4973638663795;6785911.95119551;0.0491313791369283;-0.00400458905042431;0.959234718446694;-0.0221005146976048;1.609056741265
23640;-376023.432788602;3900740.69749676;5549369.22764727;-7654.15024834965;86.4263395749822;-118.599821846901;6785989.4424822;0.0491797788648128;-0.00378330800963366;0.959237049962078;-0.0221561133976329;1.64268912628654
23670;-605390.383546973;3901112.79344842;5542644.30149558;-7635.5457550654;-61.5005126512614;-329.512000833001;6786095.24516828;0.049226804154866;-0.00344435572888195;0.959240890101593;-0.02221118074008;1.67609144577216
23700;-834070.663002737;3897058.62904748;5529612.62816255;-7608.39049518422;-208.631263133067;-539.012332824531;6786228.28617037;0.0492719341773309;-0.00299290390819931;0.959246201494359;-0.0222655986467059;1.70926965609497
23730;-1061809.43656142;3888604.44518571;5510319.89017077;-7572.79828593044;-354.809401437473;-746.880025160924;6786387.39945114;0.0493146818372852;-0.00243505254493267;0.959252940832347;-0.0223192540168062;1.7422307603438
23760;-1288355.39502679;3875781.11666805;5484818.30212179;-7528.89026174854;-499.882519793123;-952.900409644828;6786571.33619693;0.0493545974213086;-0.00177772973546263;0.959261059261487;-0.0223720391041186;1.77498270426218
23790;-1513460.96743838;3858624.02836276;5453166.42606561;-7476.79443109238;-643.702362101441;-1156.86499903442;6786778.77481207;0.0493912716610111;-0.00102858981370619;0.95927050278251;-0.0224238518493212;1.80753427050195
23820;-1736882.52080275;3837172.9500855;5415428.98546347;-7416.64524603153;-786.124859486741;-1358.57152457337;6787008.33066914;0.0494243382275198;-0.000195911188776915;0.959281212658456;-0.0224745961690225;1.83989497256739
23850;-1958380.54711553;3811471.91060707;5371676.67829169;-7348.58318548731;-927.010153330444;-1557.82395594441;6787258.56556285;0.049453475676917;0.000711504958873229;0.959293125825994;-0.0225241822024118;1.87207494962227
23880;-2177719.83809355;3781569.07114609;5321985.98979364;-7272.75435276907;-1066.22260672132;-1754.43250500914;6787527.9968233;0.0494784088712203;0.0016844341591325;0.959306175307905;-0.0225725265169663;1.90408486313529
23910;-2394669.64805444;3747516.59868053;5266439.00534585;-7189.31008794964;-1203.63080523566;-1948.2136146664;6787815.106052;0.0494989099029063;0.00271332553198291;0.959320290624301;-0.022619552274807;1.93593579615453
23940;-2609003.84539542;3709370.53938473;5205123.22386547;-7098.40659549636;-1339.10754793929;-2138.98993412646;6788118.3474515;0.049514798553335;0.00378839545311015;0.959335398200381;-0.0226651893614514;1.96763915583322
23970;-2820501.05313383;3667190.69247213;5138131.3721474;-7000.20458746185;-1472.52982947786;-2326.59028185753;6788436.15572614;0.0495259423168622;0.0048997175427566;0.959351421768742;-0.0227093744788403;1.99920657967845
24000;-3028944.77897939;3621040.48469847;5065561.22048283;-6894.8689424354;-1603.77881409371;-2510.84959741815;6788766.95353787;0.0495322560230726;0.00603730864495901;0.959368282764492;-0.0227520512046083;2.03064984586376
24030;-3234123.53541282;3570986.84575542;4987515.39987473;-6782.56838036183;-1732.7398023775;-2691.60888334169;6789109.15850672;0.0495337010895635;0.00719121057416469;0.959385900711601;-0.0227931700196353;2.06198078783598
24060;-3435830.95024748;3517100.08476093;4904101.22113213;-6663.47515324948;-1859.30219153067;-2868.71513819108;6789461.18975097;0.0495302844371793;0.00835156749627866;0.959404193599173;-0.0228326883059568;2.09321121335564
24090;-3633865.86814995;3459453.7680297;4815430.49609172;-6537.76475171218;-1983.35942988164;-3042.02128185144;6789821.47396669;0.049522057098676;0.00950869888231439;0.959423078246468;-0.022870570317127;2.12435282803829
24120;-3828032.44359286;3398124.59828545;4721619.36118432;-6405.61562722088;-2104.80896636513;-3211.38607407749;6790188.45105045;0.0495091125505657;0.0106531680264355;0.959442470655739;-0.0229067871231229;2.15541716340988
24150;-4018140.22570878;3333192.29545588;4622788.10353403;-6267.20892987946;-2223.55219563916;-3376.67402726107;6790560.57927279;0.0494915847964825;0.0117758461576661;0.959462286352095;-0.0229413165318548;2.18641550945082
24180;-4204004.23550716;3264739.47917151;4519060.98974948;-6122.72826148458;-2339.49439948042;-3537.75531433304;6790936.34001337;0.0494696462288705;0.0128679721978013;0.959482440709771;-0.0229741429893053;2.21735885157959
24210;-4385445.03590894;3192851.55307087;4410566.09754025;-5972.35944358165;-2452.54468506407;-3694.5056726628;6791314.24207108;0.0494435052942316;0.0139212082288263;0.959502849264356;-0.0230052574602678;2.2482578120152
24240;-4562288.79504357;3117616.59099683;4297435.15026603;-5816.2903001872;-2562.61592070043;-3846.80630476885;6791692.82556507;0.0494134039856145;0.0149276907333515;0.959523428010642;-0.0230346572915822;2.27912259545706
24270;-4734367.34324323;3039125.22515216;4179803.35450272;-5654.71045481153;-2669.62466956784;-3994.54377660454;6792070.66544438;0.0493796151845484;0.015880077663215;0.959544093685913;-0.0230623460596931;2.30996293902838
24300;-4901518.22415734;2957470.53626688;4057809.24068731;-5487.81114138475;-2773.4911219485;-4137.60991413585;6792446.37462528;0.0493424398732469;0.0167715913761571;0.959564764038585;-0.0230883334042653;2.34078806644418
24330;-5063584.74039801;2872747.94581489;3931594.5068826;-5315.78502866264;-2874.13902644243;-4275.9016988813;6792818.60677676;0.0493022042366765;0.0175960574602836;0.95958535808224;-0.0231126348495024;2.37160664638431
24360;-5220415.9941145;2785055.11030398;3801303.86568345;-5138.82605766693;-2971.4956206046;-4409.32116303984;6793186.05877521;0.0492592566730026;0.0183479394426226;0.959605796335148;-0.0231352716147121;2.40242675507522
24390;-5371866.92288043;2694491.81765018;3667084.89426797;-4957.12929169609;-3065.49156142034;-4537.77528478951;6793547.47285013;0.0492139647300236;0.019022369352975;0.959626001045491;-0.0231562704155669;2.43325584310843
24420;-5517798.33126411;2601159.8856353;3529087.88758044;-4770.8907784282;-3156.06085600636;-4661.17588429821;6793901.63844273;0.0491667119844633;0.0196151740894396;0.959645896402556;-0.0231756632573984;2.46410070654833
24450;-5658076.91843701;2505163.06243565;3387465.71461686;-4580.30742362574;-3243.14079289741;-4779.4395209491;6794247.39379957;0.0491178948804449;0.0201228975081347;0.959665408734208;-0.0231934872217666;2.4949674624054
24480;-5792575.30216136;2406606.92919902;3242373.67776965;-4385.57687594314;-3326.6718742529;-4892.48739224512;6794583.62732303;0.0490679195430664;0.0205428181392502;0.959684466691036;-0.023209784247437;2.52586152857081
24510;-5921172.03948211;2305598.80463792;3093969.37517469;-4186.8974223316;-3406.5977492931;-5000.24523482199;6794909.27870016;0.0490171985827642;0.0208729624146896;0.959703001417563;-0.0232246009067968;2.55678760832505
24540;-6043751.64443361;2202247.65159752;2942412.56599126;-3984.46789353128;-3482.8651492515;-5102.64322796489;6795223.33983112;0.0489661479060381;0.0211121132813934;0.95972094671099;-0.0232379881786421;2.58774967954408
24570;-6160204.60305601;2096663.98554911;2787865.03853443;-3778.48757913851;-3555.42382410737;-5199.61589999238;6795524.85557746;0.0489151835481167;0.0212598140691434;0.959738239167913;-0.0232500012181682;2.61875098873149
24600;-6270427.38600088;1988959.78495164;2630490.48116869;-3569.1561517347;-3624.22648134208;-5291.10203784086;6795812.92435011;0.0488647185432268;0.0213163674835057;0.959754818319514;-0.0232606991249021;2.6497940500031
24630;-6374322.45899017;1879248.40341756;2470454.35586215;-3356.67359956401;-3689.22872694275;-5377.04460015436;6796086.69855598;0.0488151598482677;0.0212828296040702;0.959770626755705;-0.023270144709222;2.68088064914058
24660;-6471798.29137739;1767644.48361215;2307923.77429202;-3141.24016724855;-3750.38900885832;-5457.39063415795;6796345.38492108;0.0487669053358587;0.0211609987854418;0.95978561023872;-0.0232784042580265;2.7120118528134
24690;-6562769.36304442;1654263.87281002;2143067.37638394;-2923.05630403204;-3807.66856309552;-5532.09119656778;6796588.24470747;0.0487203408728694;0.0209533993841611;0.959799717806644;-0.0232855473000276;2.74318802304239
24720;-6647156.16985218;1539223.54002705;1976055.2111605;-2702.32261904617;-3861.031362626;-5601.10127876719;6796814.5938398;0.0486758375006542;0.0206632602681356;0.959812901867349;-0.0232916463710694;2.77440883694447
24750;-6724885.22784847;1422641.49464089;1807058.61976792;-2479.23984309753;-3910.44406926017;-5664.37973645615;6797023.80295678;0.0486337487332384;0.0202944881064435;0.959825118283307;-0.0232967767797978;2.8056733117571
24780;-6795889.07642088;1304636.70640904;1636250.12054378;-2254.00879647704;-3955.87598862901;-5721.8892239607;6797215.29740133;0.0485944079896152;0.0198516354854608;0.959836326447729;-0.0233010163739385;2.83697983509234
24810;-6860106.28056816;1185329.02678917;1463803.29598346;-2026.83036229806;-3997.29902840119;-5773.59613336942;6797388.55716246;0.0485581261761025;0.0193398639513632;0.959846489352451;-0.0233044453073809;2.86832620031652
24840;-6917481.43244863;1064839.11146304;1289892.68145817;-1797.90546487375;-4034.68765985053;-5819.4705386456;6797543.11678055;0.0485251894343177;0.0187649021379334;0.959855573647956;-0.0233071458082037;2.89970964689236
24870;-6967965.15234932;943288.343961732;1114693.65553336;-1567.4350526487;-4068.01888287617;-5859.4861448468;6797678.56522693;0.0484958570697702;0.0181329992008728;0.95986354969593;-0.0233092019477277;2.93112690545816
24900;-7011514.0892054;820798.760287446;938382.331732405;-1335.62008520411;-4097.27219456695;-5893.6202425671;6797794.54576713;0.0484703596753057;0.0174508738436844;0.959870391614665;-0.0233106994106347;2.96257424735459
24930;-7048090.92078495;697492.974424091;761135.451587506;-1102.6615238598;-4122.42956139066;-5921.8536677021;6797890.75581653;0.0484488974626785;0.0167256592840544;0.959876077317633;-0.0233117252661467;2.99404753824591
24960;-7077664.35363975;573494.104626978;583130.278816619;-868.76032540009;-4143.47539507841;-5944.17076662232;6797966.94679567;0.0484316388143543;0.0159648445715513;0.959880588545501;-0.023312367740225;3.02554229542023
24990;-7100209.12290887;448925.70037977;404544.494463203;-634.117438454274;-4160.39653226521;-5960.55936682669;6798022.92399169;0.0484187190662777;0.015176212725496;0.959883910891832;-0.0233127159887156;3.05705374829553
25020;-7115705.99204769;323911.669905218;225556.092833384;-398.933802065005;-4173.18221793815;-5971.01075313484;6798058.54643101;0.0484102395307932;0.0143677762142647;0.959886033822653;-0.0233128598713415;3.08857690160574
25050;-7124141.75254093;198576.20811479;46343.27806369;-163.410345980834;-4181.82409273508;-5975.51964946415;6798073.72676759;0.0484062667671881;0.01354771034233;0.959886950690083;-0.0233128897264194;3.12010660069598
25080;-7125509.22364457;73043.7248811463;-132915.638848736;72.2520077890541;-4186.31618412788;-5974.0842062253;6798068.43118969;0.0484068321054671;0.0127242851475904;0.959886658740114;-0.0233128961461623;-3.13154770885979
25110;-7119807.25218758;-52561.2264834893;-312042.342722359;307.852342618271;-4186.6549015163;-5966.70599335806;6798042.67934737;0.0484119314270176;0.0119057964377063;0.959885159114652;-0.0233129697524193;-3.10002068487437
25140;-7107040.71245069;-178114.020660658;-490858.616743284;543.189744564288;-4182.83903524999;-5953.3899990175;6797996.54430152;0.0484215252037878;0.0111004966094295;0.95988245684784;-0.0233132009726928;-3.06850286373858
25170;-7087220.50612538;-303490.031788715;-669186.445062636;778.063299786237;-4174.86975958858;-5934.14463390908;6797930.15249456;0.048435538795534;0.0103165258987225;0.959878560856695;-0.0233136798162769;-3.0369993642489
25200;-7060363.56234303;-428564.705073777;-846848.115608566;1012.2720925388;-4162.75063960112;-5908.98174125945;6797843.6837415;0.0484538630026455;0.00956184470166791;0.959873483925989;-0.023314495650358;-3.00551512840979
25230;-7026492.83774972;-553213.628666681;-1023666.32328164;1245.61520420234;-4146.48764199875;-5877.91661239833;6797737.37123928;0.0484763548700414;0.00884416758708663;0.959867242687326;-0.0233157369759327;-2.9740548567586
25260;-6985637.31658885;-677312.605923733;-1199464.27370137;1477.89171381089;-4126.08914988567;-5840.96800791473;6797611.50159114;0.0485028387357173;0.00817089959197056;0.959859857592283;-0.0233174912034035;-2.94262294598857
25290;-6937832.01073973;-800737.728168504;-1374065.78767051;1708.90070054144;-4101.5659814056;-5798.15818433894;6797466.41484174;0.0485331075157075;0.00754907535138076;0.959851352879461;-0.0233198444277385;-2.91122342942583
25320;-6883117.95964613;-923365.448071047;-1547295.4065219;1938.44124863065;-4072.93141225184;-5749.51292628875;6797302.50451767;0.0485669242155872;0.00698530156662464;0.959841756535271;-0.0233228812030968;-2.87985992086888
25350;-6821542.23005516;-1045072.65375989;-1718978.49851078;2166.31245518785;-4040.20120200046;-5695.06158400601;6797120.2176669;0.0486040236571536;0.00648570326083776;0.959831100248196;-0.0233266843168533;-2.84853556224412
25380;-6753157.91547239;-1165736.74378074;-1888941.36641292;2392.31344137688;-4003.39362421662;-5634.83711619544;6796920.05488983;0.0486441144076369;0.00605587421136984;0.959819419356296;-0.0233313345629877;-2.81725297547131
25410;-6678024.13522497;-1285235.70301428;-2057011.35648629;2616.24336744287;-3962.52950027416;-5568.87613806364;6796702.57035321;0.0486868808977138;0.00570083188539599;0.959806752787641;-0.0233369105148398;-2.78601421886965
25440;-6596206.03301039;-1403448.17966331;-2223016.96895037;2837.90145206454;-3917.63223681844;-5497.21897444138;6796468.37177749;0.048731985713721;0.00542497714082713;0.959793142993345;-0.0233434882972752;-2.75482074837102
25470;-6507774.77479363;-1520253.56341753;-2386787.97013375;3057.08699651665;-3868.72786679132;-5419.90971785592;6796218.12038684;0.0487790720487877;0.00523205889078623;0.959778635872852;-0.0233511413583559;-2.72367338374284
25500;-6412807.54590119;-1635532.06490125;-2548155.50643636;3273.59941413209;-3815.84509392558;-5336.99629140364;6795952.5308101;0.0488277662971411;0.00512514386829711;0.959763280691079;-0.0233599402406581;-2.69257227996133
25530;-6311387.54714568;-1749164.79650679;-2706952.22024772;3487.23826555767;-3759.0153406039;-5248.53051625505;6795672.37091997;0.0488776807755298;0.00510659157008595;0.959747129987013;-0.0233699523524422;-2.66151690381832
25560;-6203603.98979949;-1861033.85471254;-2863012.36795759;3697.80330030215;-3698.27279896402;-5154.56818360525;6795378.46159647;0.0489284165555723;0.00517803440572051;0.959730239473339;-0.0233812417389384;-2.63050601579157
25590;-6089552.0892214;-1971022.40398133;-3016171.9401892;3905.09450507966;-3633.65448511801;-5055.16913086262;6795071.67639998;0.0489795663908347;0.00534036303214449;0.959712667926641;-0.0233938688540811;-2.59953765716279
25620;-5969333.05692464;-2079014.76233025;-3166268.78437889;4108.91215945576;-3565.2002963385;-4950.39732184663;6794752.94113792;0.0490307177225193;0.00559371681450617;0.959694477067739;-0.0234078903330977;-2.56860914232778
25650;-5843054.09085962;-2184896.48865846;-3313142.72981875;4309.05689930706;-3492.95307104859;-4840.32093074262;6794423.23330839;0.0490814557478181;0.00593747932280524;0.959675731431673;-0.0234233587664307;-2.53771705621195
25680;-5710828.36366924;-2288554.47191464;-3456635.71527075;4505.32978860824;-3416.95865143542;-4725.0124295369;6794083.58140307;0.0491313665351767;0.0063702787507082;0.959656498226895;-0.0234403224755595;-2.50685725668081
25710;-5572775.00865927;-2389877.0221797;-3596591.9192524;4697.53240006301;-3337.2659484889;-4604.54867862899;6793735.06405082;0.0491800401709167;0.0068899931276814;0.959636847183181;-0.0234588252913664;-2.47602488182001
25740;-5429019.10321061;-2488753.96373429;-3732857.89308441;4885.4669050962;-3253.92700924807;-4479.01102029015;6793378.80898287;0.0492270739218324;0.0074937601883535;0.959616850387833;-0.023478906335787;-2.44521436195166
25770;-5279691.64934496;-2585076.73017391;-3865282.69678019;5068.93617372472;-3166.9970860168;-4348.48537460776;6793015.99179944;0.0492720753984896;0.0081779917632391;0.95959658210971;-0.0235005998075728;-2.41441943625392
25800;-5124929.55113968;-2678738.46162684;-3993718.03784625;5247.74388482336;-3076.53470728881;-4213.06233752349;6792647.83451758;0.0493146657039716;0.00893839256195684;0.959576118610699;-0.0235239347730924;-2.38363317385755
25830;-4964875.58867238;-2769634.10412186;-4118018.41304978;5421.69464729833;-2982.60175009881;-4072.83728054024;6792275.60387909;0.0493544825527135;0.00976998323296157;0.959555537944225;-0.0235489349631941;-2.35284799930557
25860;-4799678.38816029;-2857660.51114416;-4238041.25319684;5590.59413267636;-2885.26351349224;-3927.91045163774;6791900.60939749;0.0493911833438496;0.010667127601967;0.95953491974048;-0.0235756185772521;-2.32205572228021
25890;-4629492.38794445;-2942716.54740797;-4353647.07094992;5754.24921960945;-2784.58879278005;-3778.38707689968;6791524.20112271;0.0494244481730834;0.0116235640125487;0.959514344978058;-0.0236039980956202;-2.29124757152215
25920;-4454477.79995398;-3024703.19486409;-4464699.61169835;5912.46815078533;-2680.6499542181;-3624.37746231646;6791147.76710233;0.0494539827665533;0.0126324407170987;0.959493895741786;-0.023634080101813;-2.26041423289148
25950;-4274800.56627083;-3103523.66094943;-4571066.00747833;6065.06070272078;-2573.52300972204;-3465.99709518739;6790772.73051855;0.0494795213194254;0.0136863552914386;0.959473654966571;-0.0236658651158404;-2.22954589154444
25980;-4090632.3104018;-3179083.48907325;-4672616.93392128;6211.838368898;-2463.28769119882;-3303.36674450328;6790400.54648063;0.0495008292210385;0.0147773980716441;0.959453706167203;-0.0236993474402094;-2.19863227822484
26010;-3902150.2828508;-3251290.67132205;-4769226.77019014;6352.61455668453;-2350.02752404474;-3136.61255964656;6790032.69845343;0.0495177056473528;0.0158971996347559;0.959434133154099;-0.0237345150202079;-2.16766271969173
26040;-3709537.30057144;-3320055.76335091;-4860773.76184268;6487.20479845247;-2233.82989932794;-2965.86616670052;6789670.69430386;0.049529986000223;0.0170369823648955;0.959415019735125;-0.0237713493201668;-2.13662619332428
26070;-3512981.67986826;-3385292.00141416;-4947140.18653877;6615.42697728392;-2114.78614413931;-2791.26476161147;6789316.0619485;0.0495375441716523;0.0181876161607286;0.959396449403708;-0.0238098252174818;-2.1055113859584
26100;-3312677.16230351;-3446915.42147226;-5028212.52248544;6737.10156761564;-1992.9915895618;-2612.95119939996;6788970.34458781;0.0495402946097113;0.0193396783476542;0.959378505013606;-0.0238499109162465;-2.07430675701704
26130;-3108822.83315654;-3504844.98029479;-5103881.61948821;6852.05189113623;-1868.54563567224;-2431.07407856692;6788635.0955142;0.049538194161281;0.0204835178568918;0.959361268440817;-0.0238915678824125;-2.04300060599367
26160;-2901623.03197409;-3559002.67846123;-5174042.87245151;6960.10438820388;-1741.55181295427;-2245.78781979059;6788311.87248451;0.0495312436652273;0.0216093237214796;0.959344820233284;-0.0239347508024395;-2.01158114433603
26190;-2691287.25474239;-3609313.6851421;-5238596.39714231;7061.08890500056;-1612.1178394637;-2057.25273795917;6788002.23165008;0.0495194892681177;0.0227071979147631;0.959329239249193;-0.0239794075674368;-1.98003657175197
26220;-2478030.0472067;-3655706.46452274;-5297447.20800235;7154.83899657988;-1480.35567305149;-1865.63510653311;6787707.72104185;0.0495030234332127;0.0237672325180046;0.959314602284851;-0.0240254792848146;-1.94835515691953
26250;-2262070.88885958;-3698112.90371053;-5350505.397763;7241.19224589931;-1346.38155791209;-1671.10721318028;6787429.87361144;0.0494819856122855;0.0247795911490211;0.959300983693303;-0.0240729003194625;-1.91652532252786
26280;-2043634.06711832;-3736468.44194384;-5397686.31858454;7319.99059885328;-1210.31606468883;-1473.8474055773;6787170.19983442;0.0494565625489508;0.0257345945112147;0.959288454995049;-0.0241215983664552;-1.88453573450229
26310;-1822948.54121195;-3770712.20089754;-5438910.76440753;7391.08071524124;-1072.28412333213;-1274.04012622213;6786930.1798868;0.0494269881817106;0.0266228098315595;0.959277084482417;-0.0241714945572353;-1.85237539517531
26340;-1600247.79530209;-3800787.1158551;-5474105.15416881;7454.31433551306;-932.415047871913;-1071.8759350562;6786711.25541158;0.049393543114987;0.0274351438455008;0.959266936819351;-0.0242225036011572;-1.82003374005352
26370;-1375769.68036781;-3826640.06749168;-5503201.71549778;7509.54866303394;-790.8425522327;-867.551518651101;6786514.82089843;0.0493565536271149;0.0281629388565886;0.959258072638607;-0.0242745339641748;-1.78750073769974
26400;-1149756.24439429;-3848222.01398612;-5526138.66847073;7556.64676150089;-647.704756189204;-661.26968467431;6786342.21470621;0.0493163901857658;0.0287980712494694;0.959250548138536;-0.0243274880863266;-1.75476699209944
26430;-922453.550417603;-3865488.12315209;-5542860.40896183;7595.47796702282;-503.144180532682;-453.239340313205;6786194.70976522;0.0492734654436889;0.0293330516679018;0.95924441468187;-0.0243812626395136;-1.72182384671246
26460;-694111.481994645;-3878397.90425047;-5553317.69108943;7625.91831424709;-357.307730493855;-243.675453306148;6786073.50400356;0.0492282316911199;0.0297611258872065;0.959239718399135;-0.024435748826867;-1.68866348922818
26490;-464983.535687947;-3886915.33911619;-5557467.80821513;7647.85097577527;-210.34666644834;-32.7989942057832;6785979.71055003;0.0491811777458534;0.0300763752169661;0.959236499799516;-0.0244908327247758;-1.65527905584739
26520;-235326.600179743;-3891009.01220304;-5555274.77191197;7661.16671396162;-62.4165609155096;179.16314151644;6785914.347774;0.0491328252678992;0.0302738150700723;0.95923479339221;-0.0245463956683767;-1.62166473371373
26550;-5400.72165948313;-3890652.23912037;-5546709.48827581;7665.76434402849;86.3227591473845;391.978232922805;6785878.3292312;0.0490837244929252;0.030349490134572;0.959234627321476;-0.0246023146810055;-1.58781585991672
26580;224531.14483666;-3885823.19320566;-5531749.93091234;7661.5512072642;235.707285756352;605.407856014457;6785872.45359273;0.0490344493873806;0.0303005643937904;0.959236023018771;-0.0246584629477698;-1.55372901529688
26610;454203.398416036;-3876505.02964651;-5510381.30989044;7648.44365289165;385.568920012259;819.208030470475;6785897.39464316;0.0489855922382818;0.0301254040675838;0.959238994875508;-0.0247147103330257;-1.51940211110932
26640;683348.069886163;-3862686.00663672;-5482596.23591119;7626.36752701083;535.735579894114;1033.12939207535;6785953.69144168;0.0489377577020698;0.0298236514035132;0.959243549940091;-0.0247709239411302;-1.48483446645795
26670;911695.114063635;-3844359.60302114;-5448394.87890248;7595.25866682574;686.031326691673;1246.91739214833;6786041.73874831;0.0488915563495855;0.0293962871436201;0.959249687642979;-0.0248269687193931;-1.45002687430796
26700;1138972.71696451;-3821524.63185648;-5407785.12020974;7555.06339816856;836.27651100083;1460.31252523154;6786161.77782446;0.0488475977578488;0.0288456794421144;0.959257399553605;-0.0248827081016781;-1.41498165383337
26730;1364907.61794275;-3794185.34928772;-5360782.69751729;7505.7390341313;986.287939159494;1673.05058622049;6786313.88772399;0.0488064832136823;0.0281756170234484;0.959266669172964;-0.0249380046905979;-1.37970268686984
26760;1589225.4467746;-3762351.55811454;-5307411.34160045;7447.25437241105;1135.87906094338;1884.86295802923;6786497.97719658;0.0487687981089211;0.0273913244599252;0.959277471765708;-0.0249927209757191;-1.34419543633191
26790;1811651.07561176;-3726038.7053985;-5247702.90397706;7379.59018876941;1284.86017926952;2095.47693077156;6786713.77733017;0.0487351041215437;0.0264994576218632;0.959289774235481;-0.0250467200846487;-1.30846694462733
26820;2031908.98564524;-3685267.97344065;-5181697.47450024;7302.73972380441;1433.03868256943;2304.61605330864;6786960.83506227;0.0487059312910247;0.0255080776171315;0.959303535047125;-0.0250998665633155;-1.27252581036435
26850;2249723.6482349;-3640066.36344067;-5109443.48791008;7216.70916003486;1580.21930039311;2512.00051786119;6787238.50769232;0.0486817701089735;0.0244266018930978;0.959318704199216;-0.0251520271811962;-1.23638214200371
26880;2464819.92016646;-3590466.7711338;-5030997.81834438;7121.51808610699;1726.20438268917;2717.34757821009;6787545.95852683;0.0486630637570719;0.0232657316191899;0.959335223250149;-0.0252030717566744;-1.20004748755223
26910;2676923.45259971;-3536508.05369004;-4946425.86079505;7017.19994475413;1870.79420307391;2920.37200181248;6787882.15378765;0.0486502006328518;0.022037354995424;0.959353025400716;-0.0252528739971734;-1.16353473992178
26940;2885761.11316778;-3478235.08715326;-4855801.59849079;6903.80246097564;2013.7872862549;3120.78655594189;6788245.86090958;0.0486435073093811;0.0207544267267126;0.959372035635754;-0.025301312348169;-1.12685801817194
26970;3091061.42057926;-3415698.81369501;-4759207.65518641;6781.3880467551;2154.98075961028;3318.30252771896;6788635.64834712;0.04864324207693;0.019430824546878;0.959392170927042;-0.0253482708446935;-1.09003252549927
27000;3292554.99096251;-3348956.27796058;-4656735.33134759;6650.03417851403;2294.17072874586;3512.63027763732;6789049.88700155;0.0486495892127786;0.0180811843450211;0.959413340499158;-0.0253936399584779;-1.05307438550476
27030;3489974.99507599;-3278070.65179312;-4548484.62323548;6509.83374339948;2431.15267665768;3703.47982590499;6789486.75336823;0.0486626541192102;0.0167207161137625;0.959435446159458;-0.0254373174334715;-1.01600045893898
27060;3683057.62539013;-3203111.24663579;-4434564.22392072;6360.89535043719;2565.72188591938;3890.56147062006;6789944.23448999;0.0486824594593286;0.0153650035733304;0.959458382692777;-0.0254792091021277;-0.97882814375926
27090;3871542.57192677;-3124153.51293263;-4315091.50529054;6203.34360254866;2697.67388309279;4073.58643647952;6790420.13478594;0.0487089424057053;0.0140297908977815;0.959482038320805;-0.025519229674568;-0.941575161906677
27120;4055173.50562212;-3041279.02587637;-4190192.48015663;6037.31932543653;2826.80490432816;4252.26755238695;6790912.08480591;0.0487419530982987;0.0127307604509651;0.959506295225416;-0.0255573034925404;-0.904259336692962
27150;4233698.56785986;-2954575.45688605;-4060001.74362551;5862.97974939017;2952.91238087965;4426.31995597963;6791417.55193917;0.0487812543860393;0.0114833058054131;0.959531030134496;-0.0255933652399796;-0.866898365054436
27180;4406870.86470378;-2864136.53023917;-3924662.39295808;5680.49864015651;3075.79544301418;4595.46182274297;6791933.85308193;0.0488265229015917;0.0103023045478756;0.959556114968085;-0.0256273606019739;-0.829509589161997
27210;4574448.964246;-2770061.96433243;-3784325.92522007;5490.06637516274;3195.25544054097;4759.41511702457;6792458.16924264;0.0488773514918484;0.00920189545831137;0.959581417541866;-0.0256592468640404;-0.792109771961049
27240;4736197.39537782;-2672457.39710235;-3639152.11211115;5291.88996156992;3311.09647793727;4917.90636190481;6792987.56203582;0.048933252998557;0.00819526458091322;0.95960680232426;-0.0256889934438225;-0.754714881148863
27270;4891887.14618824;-2571434.29520131;-3489308.85145704;5086.1929928811;3423.12596179742;5070.66742453282;6793518.99198669;0.0489936653550585;0.00729444448989053;0.959632131242604;-0.0257165823476564;-0.717339885883058
27300;5041296.16010159;-2467109.84659625;-3334971.99495578;4873.21554112647;3531.15515809042;5217.43631319926;6794049.33853885;0.0490579579373243;0.00651013070193242;0.959657264533123;-0.0257420085448973;-0.679998570166309
27330;5184209.82778087;-2359606.83633678;-3176325.15188596;4653.21398199935;3634.99975648013;5357.95798209822;6794575.42162682;0.0491254390812163;0.00585151872019341;0.959682061628689;-0.0257652802534667;-0.642703366387675
27360;5320421.47275125;-2249053.50532432;-3013559.46861072;4426.46075072185;3734.48043874588;5491.98513943419;6795094.02464579;0.049195364653898;0.00532616463645561;0.95970638207763;-0.0257864191307693;-0.605465211945245
27390;5449732.82863774;-2135583.39200651;-2846873.3838457;4193.24402687444;3829.42344814429;5619.27905426354;6795601.91862133;0.0492669475462905;0.00493987159630884;0.959730086486258;-0.0258054603649233;-0.568293431255642
27420;5571954.50586575;-2019335.15701807;-2676472.35980096;3953.86734692661;3919.66115637895;5739.61035722822;6796095.88735476;0.0493393679358302;0.00469660377726275;0.959753037477154;-0.0258224526621621;-0.531195644803701
27450;5686906.44564351;-1900452.39089175;-2502568.58945529;3708.64914375295;4005.03262469862;5852.75983014954;6796572.75329408;0.0494117841549198;0.00459842887016378;0.959775100654823;-0.025837458127262;-0.494177706228922
27480;5794418.35903221;-1779083.40506934;-2325380.68037426;3457.92221300437;4085.3841555292;5958.51917930582;6797029.40385811;0.0494833439905046;0.00464548941706851;0.959796145569862;-0.0258505520349498;-0.457243667810954
27510;5894330.14891555;-1655381.0065514;-2145133.31564058;3202.03310682159;4160.56983096484;6056.69178712566;6797462.81792244;0.0495531962341675;0.00483600276665651;0.959816046672558;-0.0258618224914034;-0.420395774127164
27540;5986492.31270407;-1529502.25663603;-1962056.89262364;2941.34145602095;4230.4520344016;6147.09343699216;6797870.0921608;0.0496205022998884;0.00516628887908839;0.959834684246583;-0.025871369986184;-0.383634483129108
27570;6070766.32365362;-1401608.21430776;-1776387.14047446;2676.2192225415;4294.90195159613;6229.55300587661;6798248.46692517;0.0496844477279197;0.00563082475809621;0.959851945313458;-0.0258793068361986;-0.346958513433456
27600;6147024.98874116;-1271863.66494957;-1588364.7173892;2407.0498846096;4353.80004747333;6303.91311960494;6798595.35134285;0.0497442533977569;0.0062223239157714;0.959867724498468;-0.0258857565245746;-0.310364916253416
27630;6215152.78112431;-1140436.83515926;-1398234.78883858;2134.22755774242;4407.03651509357;6370.0307657093;6798908.34730875;0.0497991862805881;0.00693183898593612;0.959881924848944;-0.0258908529386116;-0.273849170109895
27660;6275046.14531508;-1007499.09455798;-1206246.58810875;1858.15605536467;4454.51169332081;6427.77785902964;6799185.27205724;0.0498485695714435;0.00774888539188085;0.959894458596141;-0.0258947395122367;-0.237405296254115
27690;6326613.77332054;-873224.645579468;-1012652.96064019;1579.24789344424;4496.13644990869;6477.04175550695;6799424.1790094;0.049891792053191;0.00866158383586787;0.959905247852397;-0.025897568279611;-0.201025992597531
27720;6369776.85014471;-737790.202323974;-817709.893783222;1297.92324415058;4531.83252694133;6517.72570994746;6799623.37660898;0.049928316558106;0.00965681930098983;0.959914225235855;-0.0258994988476905;-0.164702783870381
27750;6404469.26720439;-601374.659649106;-621676.033709304;1014.60884409577;4561.53284582646;6549.74927393358;6799781.4448833;0.0499576874076774;0.0107204142284703;0.959921334415732;-0.025900697296619;-0.128426185704824
27780;6430637.80238613;-464158.753749237;-424812.191325658;729.736863221771;4585.18176933865;6573.04863050798;6799897.24949358;0.0499795367272666;0.0118373135421883;0.959926530571912;-0.0259013350177996;-0.092185880349188
27810;6448242.26566042;-326324.715545409;-227380.839134304;443.743740839983;4602.73531854609;6587.57686275606;6799969.95307188;0.0499935895489617;0.0129917792241424;0.959929780763605;-0.0259015875003384;-0.0559709017534565
27840;6457255.60936987;-188055.918267162;-29645.6010550548;157.068995702995;4614.16134282041;6593.30415395348;6799999.02367942;0.049999667633267;0.0141675921874655;0.959931064202755;-0.0259016330772679;-0.019769827810366
27870;6457664.0025195;-49536.5206559233;168129.26270669;-129.845982713919;4619.43964152205;6590.21791752088;6799984.24026089;0.0499976919579529;0.0153482592368968;0.959930372429011;-0.0259016516435128;0.0164290224190909
27900;6449466.86861579;89048.892744323;365679.373622678;-416.559154327419;4618.562036366;6578.32285562999;6799925.69501343;0.0499876838403514;0.0165172229415235;0.959927709384142;-0.0259018233579662;0.0526373886312723
27930;6432676.88682536;227515.672719911;562740.753485005;-702.629052431484;4611.53239390042;6557.64094592505;6799823.79263305;0.0499697646775171;0.0176580722649345;0.959923091385002;-0.0259023273422652;0.0888668684712801
27960;6407319.95645069;365679.466444214;759050.341573051;-987.616003984772;4598.36659796544;6528.21135645065;6799679.24644771;0.0499441543068826;0.0187547518000246;0.959916546995258;-0.0259033403889165;0.125128718102544
27990;6373435.12494677;503356.576961098;954346.508199534;-1271.08333867623;4579.09247243647;6490.09028950406;6799493.07149144;0.0499111680082912;0.0197917674387523;0.959908116797332;-0.0259050356912995;0.161433656284058
28020;6331074.47992685;640364.31961359;1148369.56252193;-1552.59857937792;4553.74965498731;6443.35075574545;6799266.5746185;0.0498712121864587;0.0207543862731865;0.959897853067116;-0.0259075816077812;0.197791674119147
28050;6280303.0058237;776521.373964691;1340862.25255443;-1831.73460681203;4522.38942302883;6388.08228049575;6799001.34179915;0.049824778790971;0.0216288284780346;0.959885819355146;-0.0259111404717173;0.234211852686521
28080;6221198.4060841;911648.129797945;1531570.25538226;-2108.07079155782;4485.07447338058;6324.39054471885;6798699.22277791;0.0497724385487007;0.0224024488738146;0.959872089978973;-0.0259158674584951;0.27070219081647
28110;6153850.8919747;1045567.02583793;1720242.65566285;-2381.19408689881;4441.87865761178;6252.39696371605;6798362.31331107;0.0497148331009069;0.0230639058237128;0.959856749432429;-0.0259219095200049;0.307269445322487
28140;6078362.9392663;1178102.87989414;1906632.41059691;-2650.70007645377;4392.88667533763;6172.2382070471;6797992.93523176;0.0496526661540794;0.0236033150874086;0.9598398917184;-0.0259294043960297;0.343918986029978
28170;5994849.0142374;1309083.20920534;2090496.79966453;-2916.19397103852;4338.19372807376;6084.06566362925;6797593.61461713;0.0495866937695285;0.0240123862546484;0.959821619612449;-0.025938479711026;0.380654667946059
28200;5903435.27059672;1438338.53984351;2271597.85754547;-3177.29154976158;4277.90513653083;5988.0448563464;6797167.05835363;0.0495177139315826;0.0242845394234725;0.959802043865349;-0.0259492521636538;0.417478722874405
28230;5804259.21906506;1565702.70412712;2449702.78877837;-3433.62004095408;4212.13592447037;5884.35481082283;6796716.12941133;0.0494465555476295;0.0244149998858692;0.959781282353095;-0.0259618268152257;0.454391672683526
28260;5697469.37147972;1691013.12508964;2624584.36285665;-3684.81893916427;4141.01037243988;5773.18738327495;6796243.8211485;0.049374067044811;0.0244008687492159;0.959759459183378;-0.025976296481994;0.49139226627369
28290;5583224.86138788;1814111.08715162;2796021.28860994;-3930.54075509884;4064.66154485759;5654.74655255039;6795753.23097089;0.0493011047375095;0.0242411676644568;0.9597367037678;-0.0259927412349145;0.528477442047771
28320;5461695.04317909;1934841.99225011;2963798.5668748;-4170.45169605612;3983.23079402622;5529.24768159487;6795247.53366889;0.0492285211464531;0.0239368561581503;0.959713149869246;-0.0260112280092262;0.565642317367806
28350;5333059.07187054;2053055.600788;3127707.82061719;-4404.23227506136;3896.86724471893;5396.91675365522;6794729.95474818;0.0491571534538892;0.0234908204767804;0.959688934633844;-0.0260318103249003;0.602880206070605
28380;5197505.46570276;2168606.2568753;3287547.60182858;-4631.57784757081;3805.72726300255;5257.98958853338;6794203.74405771;0.049087812279484;0.0229078333449951;0.959664197616842;-0.0260545281177463;0.640182664625376
28410;5055231.6537276;2281353.09744432;3443123.67467636;-4852.19907525144;3709.97391294291;5112.71104415356;6793672.15000196;0.049021270958065;0.0221944846056912;0.959639079811493;-0.0260794076797519;0.677539566952956
28440;4906443.51057588;2391160.24492913;3594249.27454546;-5065.82231695761;3609.7764047789;4961.3342085976;6793138.39460385;0.0489582554928455;0.0213590833342717;0.959613722689702;-0.0261064617060784;0.714939207304758
28470;4751354.88057975;2497896.98330614;3740745.34276094;-5272.18994760876;3505.30953805699;4804.11958760627;6792605.64966112;0.0488994353462606;0.0204115326817113;0.959588267262754;-0.0261356894450647;0.752368429940098
28500;4590187.09339516;2601437.91739532;3882440.73692764;-5471.06060621619;3396.75314309157;4641.3342923408;6792077.01421187;0.0488454152150502;0.0193631793758869;0.959562853169886;-0.0261670769466087;0.789812783668586
28530;4423168.47322507;2701663.11542044;4019172.41696399;-5662.20937480724;3284.2915239603;4473.25123195683;6791555.49349703;0.0487967279170082;0.0182266404700031;0.959537617801885;-0.0262005974034233;0.827256698667636
28560;4250533.84368451;2798458.23492037;4150785.60703888;-5845.42789044828;3168.11290606386;4300.1483152665;6791043.9795772;0.0487538284942288;0.0170156105396652;0.959512695466193;-0.0262362115788915;0.864683682375097
28590;4072524.03027634;2891714.63219118;4277133.93374486;-6020.52439296978;3048.408891078;4122.30766545978;6790545.23373108;0.0487170896123347;0.0157446530670041;0.959488216599299;-0.0262738683146057;0.902076530722666
28620;3889385.36236321;2981329.45552065;4398079.54095485;-6187.32371134697;2925.37392190872;3940.01485153066;6790061.870732;0.0486867983077453;0.0144289801826971;0.959464307031416;-0.0263135051101397;0.939417550545733
28650;3701369.17642796;3067205.72255151;4513493.18191389;-6345.66719198568;2799.20476003113;3753.55813971136;6789596.34506913;0.048663154106408;0.01308422524237;0.959441087307675;-0.0263550487672042;0.976688788701891
28680;3508731.32231353;3149252.38217773;4623254.28921139;-6495.41257240699;2670.09997735436;3563.22776786578;6789150.93915089;0.0486462685084514;0.0117262128746794;0.959418672069256;-0.0263984160900475;1.01387226327162
28710;3311731.67402537;3227384.36143863;4727251.02336251;-6636.43380401519;2538.25946451187;3369.31524543647;6788727.75350074;0.0486361658049231;0.0103707311464118;0.959397169497104;-0.0264435146337958;1.05095019220854
28740;3110633.64656697;3301522.5979291;4825380.30079955;-6768.6208277747;2403.88395723189;3172.11268118241;6788328.6989297;0.048632785166033;0.00903331034320708;0.959376680820086;-0.0264902434923779;1.08790521495506
28770;2905703.72016254;3371594.05829012;4917547.80213641;-6891.87930671479;2267.17458220099;2971.91214059272;6787955.49064675;0.0486359839160278;0.00772901257144949;0.959357299888707;-0.0265384941177235;1.12472060283384
28800;2697210.97310248;3437531.74338253;5003667.96162031;-7006.13031922845;2128.33242359589;2769.00503451823;6787609.644247;0.0486455418887025;0.00647223596314608;0.959339112814764;-0.0265881511620806;1.1613804544506
28830;2485426.6243284;3499274.68077889;5083663.93872619;-7111.31001713849;1987.55811122908;2563.68154023126;6787292.47349927;0.0486611667401946;0.00527653673301774;0.959322197676673;-0.0266390933355329;1.19786987287755
28860;2270623.58675525;3556767.90523324;5157467.57288091;-7207.36925247204;1845.05143103317;2356.23005580815;6787005.08983869;0.048682500082509;0.00415447172365901;0.959306624289544;-0.0266911942711146;1.23417512200098
28890;2053076.03221106;3609962.4278072;5225019.32232664;-7294.27317681872;1701.01095840001;2146.93668843057;6786748.40345698;0.0487091242923995;0.0031174634103126;0.959292454038531;-0.026744323390311;1.2702837600817
28920;1833058.96875977;3658815.19434322;5286268.18814627;-7372.00081705238;1555.63371469435;1936.08477692266;6786523.12587248;0.0487405698457627;0.00217568865214164;0.959279739773462;-0.0267983467621721;1.30618474926233
28950;1610847.83106107;3703289.03398293;5341171.62447959;-7440.54463107373;1409.11484707937;1723.9544485833;6786329.77385421;0.0487763230274494;0.00133799180318778;0.959268525762288;-0.0268531279497646;1.34186854042937
28980;1386718.08431358;3743352.59842957;5389695.43595686;-7499.91004708791;1261.64733162378;1510.82221013642;6786168.67456864;0.0488158338699754;0.000611822157791562;0.959258847700519;-0.0269085288382083;1.37732713347696
29010;1160944.84222447;3778980.29265093;5431813.66336812;-7550.11498976867;1113.42169950748;1296.96057240883;6786039.97181491;0.0488585241815958;3.19512718850637e-06;0.959250732773469;-0.0269644104391056;1.41255411359698
29040;933802.499351012;3810152.19771093;5467508.4585716;-7591.18939648415;964.625786005382;1082.63770815369;6785943.63321312;0.0489037955340091;-0.000483323958911815;0.959244199767882;-0.0270206336667373;1.4475446647234
29070;705564.378066809;3836853.98640714;5496769.94962491;-7623.17472657201;815.444501806929;868.117142269225;6785879.45821121;0.0489510370919738;-0.000844614946962395;0.959239259229269;-0.0270770600819795;1.4822955616734
29100;476502.390318911;3859076.83237606;5519596.09709759;-7646.12346645607;666.059626121528;653.657473514912;6785847.08677871;0.0489996331807281;-0.00107897869342496;0.959235913661188;-0.0271335526004735;1.51680514284923
29130;246886.714261119;3876817.31331047;5535992.54249499;-7660.09863319673;516.649620927593;439.512126701861;6785846.00865944;0.0490489705016821;-0.00118609570907538;0.959234157762549;-0.0271899761621478;1.55107326559273
29160;16985.4857741611;3890077.30891252;5545972.44969104;-7665.17327886489;367.389465644071;225.929134228133;6785875.57306107;0.04909844492184;-0.00116696982313633;0.959233978699021;-0.0272461983597456;1.58510124642195
29190;-212935.495185302;3898863.89418345;5549556.34023202;-7661.4299979274;218.450511437848;13.1509457431633;6785934.99866541;0.0491474677772976;-0.0010238591324507;0.959235356404593;-0.0273020900245411;1.61889178843454
29220;-442613.043527512;3903189.22862671;5546771.9233363;-7648.96043963189;70.0003543273583;-198.585735343434;6786023.38385077;0.0491954716455224;-0.000760196484562531;0.959238263909413;-0.0273575257679362;1.65244889814552
29250;-671786.853441617;3903070.44191512;5537653.92137536;-7627.86482718353;-77.7972737987592;-409.050089845749;6786139.71702565;0.0492419155546192;-0.000380501666072454;0.959242667690067;-0.0274123844781015;1.68577779394885
29280;-900199.748505136;3898529.51654597;5522243.89158069;-7598.25148531582;-224.78259715998;-618.017296652396;6786282.88698119;0.0492862896101479;0.000109712657641896;0.959248528038626;-0.0274665497712689;1.71888480826597
29310;-1127597.9177644;3889593.16798015;5500590.04467975;-7560.23637767446;-370.799871992243;-825.268623841889;6786451.69317852;0.0493281190311309;0.00070403936696733;0.959255799446885;-0.0275199103976891;1.75177728528207
29340;-1353731.13809946;3876292.72273327;5472747.06112193;-7513.94265525754;-515.697447331679;-1030.59149847117;6786644.85589577;0.0493669675965436;0.00139527797860663;0.95926443100242;-0.0275723606026351;1.78446347598373
29370;-1578352.98322173;3858663.99485828;5438775.90551307;-7459.50021698855;-659.327811623376;-1233.7795564458;6786861.02616834;0.0494024405118103;0.00217553690353548;0.959274366793245;-0.027623800443166;1.81695243201089
29400;-1801221.01968245;3836747.16123061;5398743.63983519;-7397.04528334074;-801.547626102208;-1434.63267387034;6787098.79546445;0.0494341867116312;0.0030363355784144;0.959285546318072;-0.0276741360616537;1.8492538996308
29430;-2022096.99029546;3810586.63601854;5352723.23598625;-7326.71998378292;-942.217745883908;-1632.9569812593;6787356.7050463;0.0494619006209102;0.00396870537806204;0.959297904899386;-0.0277232799173341;1.88137821493878
29460;-2240746.98539874;3780230.94469363;5300793.38813362;-7248.67195867826;-1081.20322969037;-1828.56486196292;6787633.25497541;0.0494853233997414;0.00496328840908133;0.959311374096744;-0.0277711509773581;1.91333620119731
29490;-2456941.60239617;3745732.5979085;5243038.32533509;-7163.05397613864;-1218.37333911448;-2021.27493613049;6787926.91272786;0.0495042437014485;0.00601043346350805;0.959325882117967;-0.0278176748690018;1.94513906904532
29520;-2670456.09403411;3707147.96554259;5179547.62484168;-7070.02356421785;-1353.60152830706;-2210.91203149649;6788236.12139281;0.049518497974694;0.00710028857342346;0.959341354226077;-0.0278627839948411;1.97679832014634
29550;-2881070.50587749;3664537.15119013;5110416.02645902;-6969.74265871742;-1486.76542494291;-2397.30714223354;6788559.30743406;0.0495279703418262;0.00822288975030153;0.959357713140093;-0.0279064176128112;2.00832565470064
29580;-3088569.80345652;3617963.86733962;5035743.24830702;-6862.37726677833;-1617.74680329423;-2580.29737707134;6788894.88800045;0.0495325920860348;0.00936824561621414;0.95937487942798;-0.0279485218831574;2.03973288312203
29610;-3292743.98955903;3567495.31146947;4955633.80428259;-6748.09714634084;-1746.43155020963;-2759.7258978335;6789241.27777696;0.0495323407796877;0.0105264177368463;0.959392771890287;-0.0279890498843398;2.07103184207644
29640;-3493388.21214481;3513202.04326104;4870196.82349606;-6627.07550147154;-1872.70962476474;-2935.4418494948;6789596.89537294;0.0495272390855485;0.0116875965499681;0.959411307933195;-0.0280279615999856;2.10223431499483
29670;-3690302.8633568;3455157.8631079;4779545.87191994;-6499.48869348262;-1996.47501231744;-3107.30028281099;6789960.16924896;0.0495173532615251;0.012842172847926;0.959430403929896;-0.0280652238789916;2.13335195710705
29700;-3883293.67010117;3393439.69207862;4683798.77645757;-6365.51596770154;-2117.62567366707;-3275.16207052199;6790329.54318732;0.0495027913983006;0.0139808048206495;0.95944997556942;-0.0281008103708687;2.16439622499503
29730;-4072171.77666267;3328127.45346978;4583077.45161016;-6225.33919568993;-2236.0634899828;-3438.89381807804;6790703.48131519;0.0494837014177332;0.0150944806980303;0.959469938192174;-0.0281347014383858;2.19537831062993
29760;-4256753.81981531;3259303.95606673;4477507.72889291;-6079.14263265809;-2351.69420413232;-3598.36776978697;6791080.47269223;0.0494602688583495;0.0161745770493342;0.959490207111652;-0.0281668840495277;2.22630907983899
29790;-4436861.99687959;3187054.77921097;4367219.1891247;-5927.1126897754;-2464.42735900793;-3753.46171123028;6791459.03547705;0.0494327144726892;0.0172129128041322;0.959510697921882;-0.0281973516507195;2.25719901513985
29820;-4612324.12716837;3111468.15975565;4252344.99769133;-5769.43772103682;-2574.17623341398;-3904.05886874588;6791837.72068912;0.0494012916597212;0.0182017990563489;0.959531326790364;-0.0282261040231981;2.2880581628827
29850;-4782973.7072524;3032634.88097442;4133021.74285873;-5606.30782431088;-2680.8577760464;-4050.04780672663;6792215.11558461;0.0493662837541005;0.0191340847020128;0.959552010736329;-0.0282531471243306;2.31889608465083
29880;-4948649.96046497;2950648.16347315;4009389.27719123;-5437.91465616488;-2784.39253806346;-4191.32232343674;6792589.84666565;0.049328001192704;0.0200031979441383;0.959572667894289;-0.02827849291559;2.34972181288682
29910;-5109197.88105266;2865603.55813988;3881590.56210926;-5264.4512600381;-2884.70460471531;-4327.78134600199;6792960.58234398;0.0492867785776988;0.0208031836767215;0.959593217762936;-0.0283021591788028;2.38054381073253
29940;-5264468.27336593;2777598.84115439;3749771.51560208;-5086.1119073125;-2981.7215264704;-4459.32882518582;6793326.03528029;0.0492429716543747;0.0215287367356196;0.959613581439549;-0.0283241693221853;2.41136993609497
29970;-5414317.78646939;2686733.91106644;3614080.86309324;-4903.09195081342;-3075.37425004718;-4585.87363052078;6793684.9644213;0.0491969542211222;0.0221752309789678;0.959633681840121;-0.0283445521775806;2.44220740997428
30000;-5558608.94453763;2593110.6879397;3474669.99144011;-4715.58769025896;-3165.59704973234;-4707.32944632423;6794036.17675666;0.0491491149882646;0.0227387441351041;0.959653443905504;-0.0283633417902074;2.47306278911505
30030;-5697210.1733875;2496833.01454727;3331692.80603349;-4523.79624916549;-3252.32745933973;-4823.61466908836;6794378.52881767;0.0490998544019512;0.0232160783333943;0.959672794793925;-0.028380577202124;2.50394194306369
30060;-5829995.82348332;2398006.55959482;3185305.59094923;-4327.91546270912;-3335.50620513894;-4934.65230669784;6794710.92793985;0.0490495814489781;0.0236047762139023;0.959691664060248;-0.0283963022305096;2.53485003573432
30090;-5956846.18973575;2296738.72293739;3035666.87209058;-4128.14377603646;-3415.0771400584;-5040.36987989307;6795032.33331073;0.0489987104582043;0.0239031324970943;0.959709983822425;-0.0284105652417607;2.56579151159944
30120;-6077647.52840053;2193138.54274747;2882937.28324821;-3924.6801525147;-3490.9871794446;-5140.69932636404;6795341.75682371;0.0489476579141662;0.024110200885582;0.959727688915589;-0.0284234189223015;2.59677008663115
30150;-6192292.07136727;2087316.60458364;2727279.43499334;-3717.72399140866;-3563.18623863773;-5235.5769078283;6795638.26375859;0.0488968392985191;0.0242257961671243;0.959744717034253;-0.0284349200469098;2.62778874412074
30180;-6300678.03811364;1979384.95230177;2568857.78630984;-3507.47505447203;-3631.62717260312;-5324.94312041698;6795920.97330787;0.0488466659750428;0.0242504913927165;0.959761008863114;-0.0284451292452635;2.65884973549987
30210;-6402709.64558456;1869457.00074355;2407838.51886132;-3294.13340094077;-3696.26571783869;-5408.74260866482;6796189.05896784;0.0487975421340947;0.0241856100158756;0.959776508196955;-0.0284541107673279;2.68995458627406
30240;-6498297.11624084;1757647.45013121;2244389.41378103;-3077.89933041821;-3757.0604367603;-5486.92408337401;6796441.74881197;0.0487498618125435;0.0240332128997147;0.959791162050134;-0.0284619322481125;2.72110410715836
30270;-6587356.68450645;1644072.20209109;2078679.73086474;-2858.97333314434;-3813.97266474963;-5559.44024359693;6796678.32566362;0.0487040060053597;0.0237960801267332;0.959804920756142;-0.0284686644722485;2.75229841047685
30300;-6669810.60182823;1528848.27722378;1910880.09003942;-2637.55604714469;-3866.96646003312;-5626.24770295977;6796898.12718347;0.04866033988511;0.0234776875827842;0.959817738057722;-0.0284743811387608;2.78353693185059
30330;-6745587.14054711;1412093.73413349;1741162.35497469;-2413.84822175811;-3916.00855654546;-5687.30692052729;6797100.5458868;0.0486192101455821;0.0230821783305022;0.95982957118799;-0.0284791586263369;2.81481845715505
30360;-6814620.59676452;1293927.58982491;1569699.51869787;-2188.05068704704;-3961.06831991642;-5742.58213638857;6797285.02910394;0.0485809424856507;0.022614328837732;0.959840380943019;-0.0284830757593277;2.8461411546773
30390;-6876851.29237326;1174469.74137214;1396665.59106864;-1960.36432859784;-4002.11770670694;-5792.04131212445;6797451.07889653;0.0485458392491929;0.0220795101827061;0.959850131746288;-0.0284862135746563;2.87750261234729
30420;-6932225.57640715;1053840.88876032;1222235.48796462;-1730.99006722326;-4039.13122700754;-5835.65607629957;6797598.25194111;0.0485141772364314;0.0214836444177924;0.959858791705392;-0.0284886550897527;2.90889987985707
30450;-6980695.82584911;932162.458797521;1046584.92202523;-1500.12884308364;-4072.08591050011;-5873.40167510477;6797726.15939029;0.0484862057014281;0.0208331563368318;0.95986633266139;-0.028490485071582;2.94032951541879
30480;-7022220.44602331;809556.529991845;869890.294797668;-1267.98160374733;-4100.9612760733;-5905.25692825991;6797834.46672079;0.0484621445496274;0.0201349209550086;0.959872730231101;-0.028491789806789;2.97178763684803
30510;-7056763.87068219;686145.758285618;692328.590125627;-1034.749295715;-4125.73930507094;-5931.20419027198;6797922.89357645;0.0484421827482929;0.0193962070736204;0.959877963842658;-0.0284926568729419;3.00326997659593
30540;-7084296.56188527;562053.303536817;514077.268618974;-800.632858936131;-4146.40441824298;-5951.22931712922;6797991.21361335;0.0484264769614504;0.0186246173626928;0.959882016764592;-0.0284931749108201;3.03477194029249
30570;-7104795.0097525;437402.756635666;335314.163040173;-565.833223849129;-4162.94345645885;-5965.32163849828;6798039.25435294;0.0484151504194955;0.0178280254505845;0.959884876128653;-0.0284934333976641;3.06628866830762
30600;-7118241.73216084;312318.067142731;156217.374441572;-330.551310479707;-4175.34566523419;-5973.47393547842;6798066.897048;0.048408292032018;0.0170145105595576;0.959886532946572;-0.0284935224212795;3.09781509978626
30630;-7124625.27443887;186923.471333493;-23034.831113832;-94.9880291341335;-4183.60268311282;-5975.68242395448;6798074.07656538;0.0484059557506225;0.0161922902681946;0.95988698212091;-0.0284935324548651;3.12934603857232
30660;-7123940.20910035;61343.4205331914;-202264.125416582;140.655717773844;-4187.70853393779;-5971.94674357784;6798060.78128817;0.0484081601866185;0.0153696520142036;0.959886222450105;-0.0284935541324239;-3.12230908677639
30690;-7116187.13564382;-64297.4903751214;-381292.220729024;376.179033222455;-4187.65962303657;-5962.26995239297;6798027.05303896;0.0484148884864712;0.0145548839733352;0.959884256627786;-0.0284936780246018;-3.09078492644493
30720;-7101372.68043166;-189874.594387017;-559940.97232715;611.381022866976;-4183.4547373377;-5946.65852711553;6797972.98702491;0.0484260884658519;0.0137562059611896;0.959881091236393;-0.028493994414797;-3.05927198463494
30750;-7079509.49664795;-315263.223875728;-738032.481135493;846.060792569519;-4175.09504942805;-5925.12236905623;6797898.73180398;0.0484416730010595;0.0129817010041847;0.959876736735079;-0.0284945930753809;-3.02777532371432
30780;-7050616.26432114;-440338.782272033;-915389.196624223;1080.01744663302;-4162.58412555165;-5897.67481567313;6797804.4892712;0.048461520674547;0.0122392482139196;0.959871207441864;-0.0284955630438758;-2.99629980557557
30810;-7014717.69038331;-564976.816043149;-1091834.0201369;1313.05008719998;-4145.92793754319;-5864.33265772348;6797690.51466196;0.0484854766693078;0.0115364575759921;0.959864521509933;-0.0284969923989466;-2.96485002774092
30840;-6971844.50872425;-689053.087088479;-1267190.40881625;1544.95781527799;-4125.13487868086;-5825.11616197404;6797557.1165692;0.0485133539049859;0.010880607230795;0.959856700897965;-0.0284989680360759;-2.93343026197576
30870;-6922033.48018456;-812443.645669436;-1441282.48029403;1775.53973385635;-4100.21578343485;-5780.04909941678;6797404.65696941;0.0485449344068421;0.010278583781097;0.959847771334322;-0.0285015754428114;-2.90204439594993
30900;-6865327.39241809;-935024.903989775;-1613935.11830908;2004.59495358054;-4071.18395107916;-5729.15877892414;6797233.55125215;0.0485799708970964;0.0097368261105612;0.959837762274886;-0.0285048984735009;-2.87069587843538
30930;-6801775.05953985;-1056673.71054171;-1784974.07941571;2231.92260145459;-4038.05517312517;-5672.47608626485;6797044.26824592;0.0486181885967807;0.00926127314065584;0.959826706854323;-0.0285090191234565;-2.83938766847212
30960;-6731431.32146155;-1177267.42533176;-1954226.10094177;2457.32183304497;-4000.8477645261;-5610.03552838752;6796837.33023288;0.0486592872250087;0.00885731589213381;0.959814641830476;-0.0285140173025273;-2.80812218887313
30990;-6654357.04280252;-1296683.99609852;-2121519.01035298;2680.59184866342;-3959.58259859158;-5541.87528286501;6796613.31294328;0.0487029431815786;0.00852975415364541;0.959801607521611;-0.0285199706080952;-2.77690128437517
31020;-6570619.1112495;-1414802.03563265;-2286681.83617648;2901.53191401056;-3914.28314554082;-5468.03725237669;6796372.8455198;0.0487488118980176;0.0082827579955042;0.959787647736145;-0.0285269540975562;-2.74572618467766
31050;-6480290.43522404;-1531500.90030704;-2449544.92063263;3119.94138576651;-3864.97551461214;-5388.56712409033;6796116.61044067;0.0487965303415889;0.00811983430357555;0.959772809694514;-0.0285350400603969;-2.71459747254911
31080;-6383449.94070192;-1646660.76992243;-2609940.03411996;3335.6197426194;-3811.6884996344;-5303.51443378747;6795845.34338956;0.0488457196563732;0.00804379844768558;0.959757143942789;-0.0285442977900304;-2.68351505711935
31110;-6280182.56701394;-1760162.72897078;-2767700.4916928;3548.36662222743;-3754.4536279537;-5212.93263455816;6795559.83305913;0.0488959879253027;0.00805675114303753;0.95974070425761;-0.0285547933556151;-2.65247815242037
31140;-6170579.26144259;-1871888.84941525;-2922661.27166586;3757.98186461452;-3693.30521259499;-5116.8791698716;6795260.92087402;0.0489469330369399;0.00816006051260462;0.959723547542028;-0.0285665893741451;-2.62148526118746
31170;-6054736.97241405;-1981722.27508201;-3074659.13647407;3964.26556250429;-3628.28040752421;-5015.41555080806;6794949.50061818;0.0489981456408307;0.00835434931480565;0.95970573371179;-0.0285797447831672;-2.590534163889
31200;-5932758.64106972;-2089547.30775438;-3223532.75590865;4167.01811910083;-3559.41926586119;-4908.60743721583;6794626.51795051;0.0490492121753774;0.00863948726438107;0.959687325571623;-0.0285943146145567;-2.55962191291632
31230;-5804753.19098629;-2195249.49505578;-3369122.83284376;4366.04031382864;-3486.76480087732;-4796.52472253285;6794292.96979162;0.0490997179523711;0.00901458834597987;0.959668388681044;-0.0286103497698585;-2.52874483183673
31260;-5670835.51579771;-2298715.72020193;-3511272.23155908;4561.1333765467;-3410.36304959466;-4679.2416219881;6793949.90356387;0.0491492502825224;0.0094780129997636;0.959648991209243;-0.0286278967977865;-2.49789851959252
31290;-5531126.4644572;-2399834.29369763;-3649826.10875534;4752.0990707539;-3330.26313878463;-4556.83676387062;6793598.416266;0.0491974016265275;0.0100273750459613;0.959629203778568;-0.0286469976745571;-2.46707785951573
31320;-5385752.82386177;-2498495.04704677;-3784632.04734969;4938.73978630387;-3246.51735314472;-4429.39328352592;6793239.6533629;0.0492437727563637;0.0106595532109581;0.959609099296188;-0.0286676895878253;-2.43627703302453
31350;-5234847.29854615;-2594589.42853726;-3915540.1931273;5120.85864214692;-3159.18120541087;-4296.99891970934;6792874.80747039;0.0492879759115959;0.0113707071202416;0.959588752773476;-0.0286900047250837;-2.40548953786901
31380;-5078548.48713762;-2688010.6011551;-4042403.39431394;5298.25959961509;-3068.3135081407;-4159.74611289395;6792505.1168145;0.0493296379354508;0.0121562976327899;0.959568241132751;-0.0287139700674815;-2.37470821080346
31410;-4917000.85524769;-2778653.54267346;-4165077.34412163;5470.74758676239;-2973.97644687948;-4017.73210509687;6792131.86344435;0.0493684033752863;0.013011111406392;0.95954764300098;-0.0287396071901187;-2.34392525457687
31440;-4750354.7044615;-2866415.14795357;-4283420.7263061;5638.12863426672;-2876.23565439566;-3871.05904075223;6791756.37117732;0.0494039375317905;0.0139292896028687;0.959527038490141;-0.0287669320699697;-2.31313226915227
31470;-4578766.1370704;-2951194.33348451;-4397295.36375976;5800.21002339166;-2775.16028564663;-3719.83406812162;6791380.00325555;0.0494359294408063;0.0149043606649098;0.959506508963968;-0.0287959549026899;-2.28232028708817
31500;-4402397.0161787;-3032892.14417842;-4506566.37014829;5956.80044649544;-2670.82309310777;-3564.16944069347;6791004.1596926;0.0494640947710556;0.0159292771211562;0.959486136790878;-0.0288266799296597;-2.25147981303993
31530;-4221414.92080105;-3111411.86242606;-4611102.30458168;6107.71018056041;-2563.30050206884;-3404.18261798172;6790630.2742898;0.0494881786202566;0.0169964564017046;0.959466005082948;-0.0288591052767174;-2.22060086736363
31560;-4035993.09555287;-3186659.11940552;-4710775.32929236;6252.75127419876;-2452.67268547139;-3239.99636509123;6790259.81130229;0.0495079581911519;0.0180978256706883;0.959446197420888;-0.028893222806126;-2.18967303382957
31590;-3846310.39452295;-3258542.00862348;-4805461.37027347;6391.73774856906;-2339.02363782946;-3071.73885037268;6789894.26173605;0.0495232453278465;0.019224870705079;0.959426797565067;-0.0289290179834125;-2.1586855114742
31620;-3652551.21890487;-3326971.2016542;-4895040.28080901;6524.48581261228;-2222.44124774293;-2899.54374044381;6789535.139258;0.0495338888915726;0.0203686888667012;0.959407889152738;-0.0289664697608021;-2.12762717063654
31650;-3454905.44795166;-3391860.0660264;-4979396.00780568;6650.81409298597;-2103.01736847885;-2723.55029180599;6789183.97570348;0.0495397769535926;0.0215200462268161;0.959389555381742;-0.0290055504790451;-2.09648661323739
31680;-3253568.36280771;-3453124.78519154;-5058416.76081186;6770.54387903934;-1980.84788606142;-2543.90343823645;6788842.31616704;0.0495408387814714;0.0226694389073848;0.959371878681086;-0.0290462257895091;-2.06525223736315
31710;-3048740.56276189;-3510684.48049006;-5131995.18358422;6883.49938313124;-1856.03278427512;-2360.75387308663;6788511.71366505;0.0495370465933924;0.0238071586980273;0.959354940368953;-0.0290884545984593;-2.03391230621103
31740;-2840627.87345786;-3564461.33501359;-5200028.52803545;6989.50801654517;-1728.67620594926;-2174.25812556665;6788193.72336165;0.0495284170536713;0.0249233629918522;0.959338820298835;-0.029132189035501;-2.00245502143522
31770;-2629441.24659029;-3614380.71924161;-5262418.83036825;7088.40068120226;-1598.8865098553;-1984.57863004496;6787889.89635256;0.0495150124811483;0.0260081490538508;0.959323596494655;-0.0291773744481835;-1.97086860090415
31800;-2415396.65061095;-3660371.31831036;-5319073.08917075;7180.01207731139;-1466.77632251077;-1791.88378734123;6787601.77300554;0.0494969417408309;0.0270516325915614;0.959309344775932;-0.0292239494247786;-1.93914136083346
31830;-2198714.95196526;-3702365.26075035;-5369903.4452174;7264.18102702748;-1332.46258414696;-1596.34801694024;6787330.87586028;0.0494743607880669;0.028044030536813;0.959296138374204;-0.0292718458472405;-1.90726180219824
31860;-1979621.78637891;-3740298.24850555;-5414827.36268602;7340.75081411222;-1196.06658806073;-1398.15179900518;6787078.70209538;0.0494474728337927;0.0289757478691302;0.95928404754214;-0.0293209889763216;-1.87521870124878
31890;-1758347.41971567;-3774109.68802379;-5453767.81146773;7409.56953950621;-1057.71401253495;-1197.48170502054;6786846.71557563;0.0494165280990886;0.0298374682134144;0.95927313915697;-0.0293712975707673;-1.84300120385523
31920;-1535126.59793155;-3803742.82218276;-5486653.45021048;7470.49049262747;-917.534944477689;-994.530415849721;6786636.33849842;0.0493818231275505;0.0306202478278075;0.959263476320063;-0.0294226840424337;-1.81059892328913
31950;-1310198.38565756;-3829144.86278988;-5513418.80969981;7523.372538108;-775.663893897681;-789.496725949436;6786448.94266455;0.0493436996249428;0.031315612460783;0.95925511795471;-0.029475054649059;-1.77800204091186
31980;-1083805.99295367;-3850267.12336768;-5534004.47614232;7568.08051756696;-632.239798302944;-582.585532444665;6786285.84040564;0.0493025427973935;0.0319156564012797;0.959248118404369;-0.0295283097262854;-1.7452014090841
32010;-856196.58979048;-3867065.15190825;-5548357.27387759;7604.48566589631;-487.406016082587;-374.007807733651;6786148.27520741;0.0492587791621504;0.0324131428734356;0.959242527033858;-0.0295823439603508;-1.71218865543698
32040;-627621.10783254;-3879498.86325184;-5556430.44700438;7632.46604140222;-341.310307907881;-163.980554264444;6786037.41207593;0.0492128738087685;0.0328016047411961;0.959238387836175;-0.0296370467026674;-1.67895628745849
32070;-398334.02911954;-3887532.67071554;-5558183.83936534;7651.90696900245;-194.104805169662;47.2732598969463;6785954.32770189;0.0491653270936633;0.0330754442919663;0.959235739047854;-0.0296923023272598;-1.64549779615173
32100;-168593.161267346;-3891135.61656819;-5553584.07229332;7662.70149552782;-45.9459644551771;259.524786100049;6785900.00048607;0.0491166707573366;0.033230030668454;0.959234612775932;-0.0297479906317575;-1.61180775732041
32130;61340.6011578036;-3890281.50091757;-5542604.71948018;7664.75085601312;103.005492940368;472.539402142512;6785875.30049771;0.0490674634613338;0.0332617933205815;0.959235034639799;-0.0298039872823218;-1.57788192883906
32160;291203.52940284;-3884949.00854599;-5525226.47828713;7657.96494969204;252.584657473079;686.076842692817;6785880.97944595;0.0490182857511448;0.0331683096638596;0.959237023431373;-0.0298601643025362;-1.5437173420787
32190;520729.327698715;-3875121.83319991;-5501437.33677449;7642.26282423007;402.622524778922;899.891354476025;6785917.66075264;0.0489697344618035;0.0329483849669499;0.95924059079715;-0.0299163906058975;-1.50931238549452
32220;749649.415061384;-3860788.79880999;-5471232.7356875;7617.57316654221;552.946107053917;1113.73187756406;6785985.8298232;0.0489224165947744;0.0326021223602376;0.959245740945834;-0.0299725325711279;-1.47466687824999
32250;977693.221893239;-3841943.97708834;-5434615.72459562;7583.83479834749;703.378563342469;1327.34225406614;6786085.82461986;0.0488769427077031;0.0321309807709405;0.959252470385309;-0.0300284546590676;-1.43978213166505
32280;1204588.5014969;-3818586.80092205;-5391597.11134463;7540.99717441301;853.739349653457;1540.46146545313;6786217.82664873;0.0488339198724972;0.0315378185610544;0.959260767692757;-0.0300840200694247;-1.40466099624572
32310;1430061.65654876;-3790722.1729548;-5342195.6039449;7489.02088123657;1003.84438977505;1752.82389967047;6786381.8524786;0.0487939442716998;0.0308269206834624;0.959270613321771;-0.0301390914351488;-1.3693078920912
32340;1653838.0805092;-3758360.56872335;-5286437.94398612;7427.87813371192;1153.50626759774;1964.15964909671;6786577.74591486;0.0487575935178045;0.0300040072890071;0.959281979450217;-0.030193531551658;-1.33372882059095
32370;1875642.51386944;-3721518.13369243;-5224359.03063867;7357.55326711581;1302.53444167997;2174.19484028767;6786805.17095621;0.0487254187945743;0.0290762219212665;0.959294829872574;-0.0302472041376039;-1.29793135552817
32400;2095199.41505231;-3680216.77351088;-5156002.03427565;7278.04322155405;1450.73548270108;2382.65199630797;6787063.60566454;0.0486979369330204;0.0280520977310102;0.959309119940304;-0.0302999746232982;-1.26192461200033
32430;2312233.34569529;-3634484.2367939;-5081418.49872795;7189.35801580767;1597.91333434188;2589.25043229271;6787352.33708007;0.0486756225468855;0.0269415005285208;0.959324796553616;-0.0303517109623609;-1.22571919195403
32460;2526469.3699496;-3584354.18972218;-5000668.43116794;7091.5212073327;1743.86959801249;2793.70668470029;6787670.45731281;0.0486589003626437;0.0257555479659374;0.959341798207766;-0.0304022844615984;-1.18932710560453
32490;2737633.46732898;-3529866.28173766;-4913820.37860679;6984.57033499174;1888.40384171136;2995.73497451376;6788016.86093921;0.0486481378865816;0.0245065046924582;0.95936005509669;-0.0304515706235703;-1.15276166856149
32520;2945452.95853686;-3471066.20160973;-4820951.48998579;6868.55734093591;2031.31393314657;3195.04770442155;6788390.243828;0.0486436385558909;0.0232076539381045;0.959379489276414;-0.0304994499957914;-1.11603737509528
32550;3149656.94359083;-3408005.72314411;-4722147.56284493;6743.54896791576;2172.39639708295;3391.35598976051;6788789.10351218;0.0486456355214113;0.0218731466358075;0.959400014890266;-0.0305458090200228;-1.07916974863234
32580;3349976.75145005;-3340742.73981047;-4617503.07356254;6609.62712818279;2311.44679669426;3584.37022273406;6789211.74121439;0.0486542862063424;0.0205178298617305;0.959421538457391;-0.030590540874667;-1.04217517123901
32610;3546146.40023455;-3269341.28757428;-4507121.19017857;6466.88924005467;2448.26013850149;3773.80066912913;6789656.26562081;0.0486696677776888;0.0191570570314833;0.959443959225562;-0.0306335463028908;-1.00507069451138
32640;3737903.06700669;-3193871.55523449;-4391113.76684198;6315.44852815948;2582.6313002662;3959.35809644723;6790120.5984841;0.0486917736553497;0.0178064829054676;0.959467169588651;-0.0306747344187764;-0.967873834905127
32670;3924987.56596504;-3114409.88159035;-4269601.31896027;6155.43428335266;2714.35548098278;4140.75443204082;6790602.482118;0.0487205111677975;0.0164818469996598;0.959491055568487;-0.0307140234835483;-0.930602357083467
32700;4107144.83378094;-3031038.73879037;-4142712.97817618;5986.99207831831;2843.22867187903;4317.70344950883;6791099.4888269;0.0487557004435078;0.0151987494417851;0.959515497360125;-0.0307513416437609;-0.893274049305971
32730;4284124.42068916;-2943846.70125257;-4010586.4263544;5810.28393492724;2969.04814709031;4489.92148125728;6791609.03229066;0.0487970746042622;0.0139724236334919;0.959540369938826;-0.0307866276232569;-0.855906495203224
32760;4455680.9858277;-2852928.39958876;-3873367.8078291;5625.4884395316;3091.6129724237;4657.12815477688;6792128.38090095;0.0488442813008076;0.0128175102602281;0.959565543726308;-0.0308198313607352;-0.81851684646481
32790;4621574.79520956;-2758384.45901727;-3731211.61924201;5432.80080253285;3210.724530376;4819.04714983379;6792654.6730183;0.0488968856039571;0.0117478372218814;0.959590885313016;-0.0308509145849075;-0.781121601001261
32820;4781572.22060195;-2660321.42180713;-3584280.57639017;5232.43285876736;3326.18705931744;4975.40697341602;6793184.9340915;0.0489543742359029;0.0107762099384139;0.959616258232418;-0.0308798513194717;-0.743736391023685
32850;4935446.23748922;-2558851.65336306;-3432745.45760217;5024.61300551535;3437.80820450532;5125.94174893309;6793716.09555114;0.0490161610982664;0.00991421622161268;0.959641523782547;-0.0309066283104988;-0.70637578522379
32880;5082976.9202039;-2454093.23163462;-3276784.92327229;4809.58607525326;3545.39957835079;5270.39201583461;6794245.01535956;0.049081594026085;0.00917204951231175;0.959666541889246;-0.0309312453693221;-0.669053108847476
32910;5223951.9322295;-2346169.81961326;-3116585.31130112;4587.61314063785;3648.77732713419;5408.50553550119;6794768.50006902;0.0491499626714021;0.00855835378237044;0.959691172004864;-0.0309537156246226;-0.631780284957552
32940;5358167.00960973;-2235210.52076875;-2952340.40832059;4358.97124963035;3747.76270115118;5540.03809897393;6795283.32821046;0.0492205073971052;0.00808009281889839;0.959715274035468;-0.0309740656781274;-0.594567699601846
32970;5485426.43534253;-2121349.71736953;-2784251.19671775;4123.9530891398;3842.18262508001;5664.75433183317;6795786.27480635;0.0492924290417525;0.00774244597320773;0.959738709289011;-0.0309923356591798;-0.557424092970642
33000;5605543.50259676;-2004726.89173092;-2612525.57761614;3882.86657608111;3931.87026519203;5782.42849131865;6796274.13677464;0.0493648993997536;0.00754873179865392;0.959761341436366;-0.0310085791743712;-0.520356477971804
33030;5718340.96456433;-1885486.43053805;-2437378.07012322;3636.03437530328;4016.66558988836;5892.84525060758;6796743.75896587;0.0494370722487318;0.00750036034806414;0.959783037476658;-0.0310228631494689;-0.48337008700133
33060;5823651.46875305;-1763777.41249807;-2259029.48730721;3383.79334443866;4096.41591993855;5995.80046504011;6797192.06055478;0.0495080947472571;0.00759681427856647;0.959803668697962;-0.0310352675619817;-0.446468347067058
33090;5921317.97353646;-1639753.37968575;-2077706.58952385;3126.49390635074;4170.97646472594;6091.10191500705;6797616.06148933;0.0495771190214021;0.00783565834018292;0.959823111624208;-0.0310458850638978;-0.409652882854692
33120;6011194.14480683;-1513572.09305829;-1893641.71587301;2864.49935050617;4240.21084077229;6178.57002019765;6798012.90868722;0.0496433137575299;0.00821257632074288;0.95984124893893;-0.0310548204953591;-0.37292354682443
33150;6093144.73062718;-1385395.27272663;-1707072.39472325;2598.18506525989;4303.99156882363;6258.0385199483;6798379.90166122;0.0497058756211379;0.00872143409356083;0.959857970376554;-0.031062190291312;-0.336278475003206
33180;6167045.91184796;-1255388.32368176;-1518240.93439902;2327.93770370943;4362.2005458321;6329.35511453885;6798714.51725086;0.0497640403270932;0.00935436707062846;0.959873173571962;-0.0310681217844518;-0.299714166796667
33210;6232785.62674354;-1123720.04778282;-1327393.99527733;2054.15428643759;4414.72948826585;6392.38206245276;6799014.43314076;0.0498170931948259;0.0101018901024118;0.959886764859356;-0.0310727524090627;-0.263225586886072
33240;6290263.86783308;-990562.342919127;-1134782.14468685;1777.24124511007;4461.48034332144;6446.9967288514;6799277.54985311;0.0498643790326021;0.0109530276805883;0.959898660011799;-0.0310762288115972;-0.226806287093108
33270;6339392.94917885;-856089.890357894;-940659.396140704;1497.61341151723;4502.36566480036;6493.09208080924;6799502.01091574;0.049905311207477;0.0118954621837572;0.959908784913309;-0.0310787058750451;-0.190448545981775
33300;6380097.74260133;-720479.831383764;-745282.734562414;1215.69295723552;4537.30895064122;6530.57712521439;6799686.22092635;0.0499393797715789;0.0129156978472201;0.959917076156022;-0.0310803456652687;-0.154143523909797
33330;6412315.88141444;-583911.434422033;-548911.629281504;931.908289625646;4566.24493937082;6559.37728565327;6799828.86125831;0.0499661585306333;0.0139992381237837;0.959923481555668;-0.0310813163085224;-0.117881431229925
33360;6435997.93046258;-446565.753915356;-351807.536678547;646.692910370522;4589.11986304675;6579.43471506553;6799928.90318309;0.0499853109568538;0.0151307741200481;0.95992796057947;-0.0310817908103032;-0.0816517073608571
33390;6451107.52143441;-308625.282291286;-154233.394448459;360.48424317858;4605.89165460816;6590.70854146856;6799985.61821899;0.0499965948652349;0.016294381828982;0.959930484681506;-0.0310819458264838;-0.0454432084853636
33420;6457621.45263192;-170273.596415032;43546.8904764192;73.722437629653;4616.53010792486;6593.17504460438;6799998.58555406;0.0499998657897014;0.0174737259231047;0.959931037541611;-0.0310819603983399;-0.00924440167808255
33450;6455529.75258747;-31694.9999671796;241268.958246211;-213.150843585797;4621.01698923359;6586.82776194704;6799967.69643254;0.0499950790133388;0.0186522679131774;0.959929615204989;-0.0310820146635897;0.0269564366929953
33480;6444835.70714172;106925.836780784;438668.514521328;-499.693646592098;4619.34609906722;6571.67752311694;6799893.15543829;0.0499822902249506;0.0198134765071324;0.959926226120834;-0.031082288555907;0.0631710204167666
33510;6425555.84982062;245404.238299857;635481.848853917;-785.46494987159;4611.52328421281;6547.75241237219;6799775.47865373;0.0499616547923411;0.0209410380176357;0.959920891079436;-0.031082960505537;0.0994108528523222
33540;6397719.91557642;383555.8847452;831446.350868147;-1070.02588186202;4597.56639967064;6515.09765947494;6799615.48871888;0.0499334256609617;0.0220190646615243;0.959913643048431;-0.0310842061536435;0.135687028421726
33570;6361370.75818377;521197.171011154;1026301.02210286;-1352.94092511619;4577.50522102246;6473.7754598548;6799414.30686005;0.049897949904796;0.0230322985705294;0.959904526909998;-0.0310861970928354;0.172010038322709
33600;6316564.23180456;658145.562423391;1219786.98141701;-1633.7790996907;4551.38130804628;6423.8647256019;6799173.34200219;0.0498556639745097;0.0239663092932112;0.959893599101983;-0.0310890996459687;0.208389582641747
33630;6263369.03745157;794219.945623359;1411647.96191307;-1912.11511867333;4519.2478208312;6365.46076940929;6798894.27711983;0.0498070877058913;0.0248076825185564;0.959880927166986;-0.0310930736948077;0.244834391098293
33660;6201866.53528943;929240.973243835;1601630.79740586;-2187.53050908106;4481.16929004241;6298.67492414103;6798579.05302045;0.0497528171692899;0.0255441977005051;0.959866589214493;-0.0310982715694568;0.281352054703238
33690;6132150.52390812;1063031.40102951;1789485.89655194;-2459.61469175654;4437.22134335828;6223.63410121928;6798229.84978821;0.0496935164579939;0.0261649922200909;0.959850673302088;-0.0311048370086599;0.317948870658702
33720;6054326.98788927;1195416.4161224;1974967.70285832;-2727.96601435282;4387.49039044358;6140.4802914949;6797849.06614602;0.0496299085300687;0.0266607097001175;0.959833276742598;-0.0311129042001249;0.354629702849633
33750;5968513.81515451;1326223.95530757;2157835.13890502;-2992.19273201681;4332.07326913003;6049.37001268501;6797439.29701831;0.0495627652338087;0.0270236300991957;0.959814505344812;-0.0311225969089791;0.391397860267775
33780;5874840.48573894;1455285.01209884;2337852.03324445;-3251.9139309506;4271.07685574515;5950.47370782324;6797003.30959672;0.0494928966614077;0.0272477792714586;0.959794472595988;-0.0311340277013173;0.428254995651141
33810;5773447.733768;1582433.93163588;2514787.52857849;-3506.76039063842;4204.61764275872;5843.97509947008;6796544.0182236;0.0494211399882859;0.0273290157976281;0.959773298794914;-0.0311472972685919;0.465201026505171
33840;5664487.18453305;1707508.6924623;2688416.46996041;-3756.37538116399;4132.82128710209;5730.07050466929;6796064.45841686;0.04934834796643;0.027265093084002;0.959751110144608;-0.0311624938573318;0.502234080483301
33870;5548120.96865839;1830351.17435692;2858519.77192096;-4000.41539269925;4055.82213265727;5608.96811581102;6795567.76036065;0.0492753772485988;0.0270556949966515;0.95972803781401;-0.031179692807385;0.539350466836628
33900;5424521.31543007;1950807.41149715;3024884.76357481;-4238.55079490952;3973.76271050992;5480.88725267254;6795057.1221837;0.049203076725999;0.0267024436537002;0.959704216978119;-0.0311989562005808;0.576544675289518
33930;5293870.12741452;2068727.83034193;3187305.51092227;-4470.4664246837;3886.7932206143;5346.05759095513;6794535.78333746;0.0491322760645528;0.026208878438961;0.959679785845974;-0.0312203326204275;0.613809403260423
33960;5156358.53853294;2183967.47173161;3345583.11572105;-4695.86210124979;3795.07099852888;5204.71837262217;6794006.99837301;0.0490637746238755;0.0255804058204688;0.959654884685773;-0.0312438570222107;0.65113561182981
33990;5012186.45777602;2296386.19681137;3499525.99046064;-4914.45306836942;3698.75997085215;5057.11760327283;6793474.01139736;0.0489983309382418;0.0248242201465927;0.959629654856107;-0.031269550711658;0.688512610270861
34020;4861562.10074371;2405848.87649282;3648950.10912758;-5125.97036390994;3598.03010292023;4903.51124166134;6792940.031468;0.0489366529299703;0.0239491962332026;0.959604237851941;-0.031297421429213;0.725928168320717
34050;4704701.51117687;2512225.56427394;3793679.23360042;-5330.16111766433;3493.05684222562;4744.1623862989;6792408.20916007;0.0488793890127951;0.0229657552267388;0.95957877437349;-0.0313274635359156;0.763368654701531
34080;4541828.07461378;2615391.65233906;3933545.11565829;-5526.78877882004;3384.02056088223;4579.34046385841;6791881.61451238;0.0488271202259701;0.0218857059018591;0.959553403425566;-0.0313596582959369;0.800819199729589
34110;4373172.02625481;2715228.01095832;4068387.67472484;-5715.63327496394;3271.10600030022;4409.32042384831;6791363.21653036;0.0487803535194223;0.0207220642010062;0.95952826145436;-0.0313939742499799;0.838263879204806
34140;4198969.95505539;2811621.11129794;4198055.15159906;-5896.4911049485;3154.50172104883;4234.38194373499;6790855.8643931;0.0487395162866445;0.0194888544145888;0.959503481527894;-0.0314303676730235;0.875685916184181
34170;4019464.30599151;2904463.13183921;4322404.23854522;-6069.17536833031;3034.3995606804;4054.80864838146;6790362.27048145;0.0487049522158306;0.0182008959059052;0.95947919256569;-0.0314687831092881;0.913067896739876
34200;3834902.88235591;2993652.04868373;4441300.1862254;-6233.51573442587;2910.99410206846;3870.88734733776;6789884.99531345;0.0486769185017804;0.0168735796774568;0.959455518622367;-0.0315091539768053;0.950391995412383
34230;3645538.34984703;3079091.71009587;4554616.88805873;-6389.35835431012;2784.48215458097;3682.90729317274;6789426.43444363;0.0486555844321917;0.0155226393336751;0.959432578229149;-0.0315514032336153;0.98764020581313
34260;3451627.74410968;3160691.89569926;4662236.94268219;-6536.56571931047;2655.06225017064;3491.15946368204;6788988.80735428;0.0486410313330687;0.014163921105138;0.959410483796425;-0.0315954440973707;1.02479457172279
34290;3253431.98327702;3238368.36080305;4764051.69526713;-6675.01646972514;2522.93415622114;3295.93587045001;6788574.14833974;0.0486332538300446;0.0128131575538567;0.959389341079746;-0.0316411808099941;1.06183741407897
34320;3051215.3869496;3312042.86638512;4859961.25851496;-6804.60515762092;2388.29840674473;3097.52889588696;6788184.29935971;0.0486321623563701;0.0114857493813346;0.95936924871084;-0.0316885094390252;1.09875154944648
34350;2845245.20293012;3381643.19530374;4949874.51421362;-6925.24196764446;2251.35585328611;2896.23066051343;6787820.9048153;0.0486375868149878;0.010196559420725;0.959350297794528;-0.031737318707372;1.13552049590523
34380;2635791.14291405;3447103.15534622;5033709.09628468;-7036.85239981658;2112.30723665231;2692.33242192345;6787485.40818071;0.0486492812821624;0.00895972242953418;0.959332571571664;-0.0317874908433709;1.17212866275703
34410;2423124.92821708;3508362.5697533;5111391.35628863;-7139.37691827323;1971.35278036119;2486.12400653167;6787179.05040651;0.0486669296241455;0.00778847373530216;0.95931614514762;-0.031838902443321;1.20856152101757
34440;2207519.84650206;3565367.25588141;5182856.31238469;-7232.7705698751;1828.69180648392;2277.89327489902;6786902.86999486;0.0486901518865925;0.0066949991507332;0.95930108528517;-0.0318914253390055;1.24480575229688
34470;1989250.32035143;3618068.99268234;5248047.58276074;-7317.00257653236;1684.52237435171;2067.92562113896;6786657.70463545;0.0487185113091181;0.00569030789915595;0.959287450260121;-0.0319449274631199;1.28084937434779
34500;1768591.48841716;3666425.47769068;5306917.30455977;-7392.05590498735;1539.04094240406;1856.50350663408;6786444.19428078;0.0487515218143621;0.00478412960535495;0.959275289777508;-0.0319992737059908;1.3166818422483
34530;1545818.79977011;3710400.27421535;5359426.03933255;-7457.9268176694;1392.44205327813;1643.90602804222;6786262.78553265;0.0487886558220374;0.00398483574141345;0.959264644945769;-0.0320543267574754;1.35229412484953
34560;1321207.62196406;3749962.74943177;5405542.66604198;-7514.62440808619;1244.91804207443;1430.40851934175;6786113.73720698;0.0488293522432463;0.00329938529585421;0.959255548305906;-0.0321099479284717;1.38767875674264
34590;1095032.86322853;3785088.00406719;5445244.26263389;-7562.17012405001;1096.65876758616;1216.28218745994;6785997.12694183;0.04887302451837;0.00273329387948452;0.959248023912366;-0.032165997947032;1.4228298665527
34620;867568.609108107;3815756.79436313;5478515.97717264;-7600.59728185673;947.85136614553;1001.79378084393;6785912.85871283;0.0489190685724914;0.00229062500654312;0.959242087462118;-0.0322223377246499;1.4577431828427
34650;639087.773775206;3841955.44698687;5505350.88951823;-7629.95057434597;798.680027622648;787.205290172669;6785860.67112225;0.0489668705749656;0.0019740019060304;0.959237746468186;-0.0322788290888676;1.49241601929386
34680;409861.766158485;3863675.76754813;5525749.86449513;-7650.28557557379;649.325793008888;572.773680267554;6785840.14633058;0.0490158144037846;0.00178463792745209;0.959235000473826;-0.0323353354789329;1.52684724111908
34710;180160.170949946;3880914.94335894;5539721.39747342;-7661.6682446287;499.966372927537;358.750652140956;6785850.71950452;0.049065288730196;0.00172238340899248;0.959233841303386;-0.0323917226017941;1.56103721486194
34740;-49749.5555189274;3893675.44105371;5547281.45324896;-7664.17443091956;350.775986339217;145.382434021814;6785891.68866067;0.049114693654066;0.00178578676650773;0.95923425334592;-0.0324478590462739;1.59498774384285
34770;-279602.37460859;3901964.89966342;5548453.29907354;-7657.88938306268;201.925218647117;-67.090399882902;6785962.2247913;0.0491634468352598;0.00197216753224251;0.959236213867615;-0.0325036168537843;1.62870199154266
34800;-509135.94004782;3905796.01971351;5543267.33264781;-7642.90726329693;53.580898356823;-278.433084195536;6786061.38216569;0.0492109890804391;0.00227769911099048;0.959239693349135;-0.0325588720444444;1.66218439517452
34830;-738090.858147393;3905186.44888889;5531760.9058494;-7619.33066916181;-94.0940085933697;-488.416792095817;6786188.10870906;0.0492567893578304;0.00269749911699858;0.959244655844119;-0.0326135050979252;1.69544057159863
34860;-966210.933792616;3900158.66478249;5513978.14492829;-7587.27016398543;-240.940487744311;-696.818741354081;6786341.25636914;0.0493003492244806;0.00322572529440248;0.959251059355161;-0.0326674013887779;1.72847721759385
34890;-1193243.40249994;3890739.85521623;5489969.76785897;-7546.8438175485;-386.803549201704;-903.422278073265;6786519.59138942;0.0493412066611231;0.00385567519573529;0.959258856223757;-0.0327204515763974;1.76130200632774
34920;-1418939.14886127;3876961.79659499;5459792.8994971;-7498.17675811753;-531.532285837827;-1108.0169395505;6786721.80441664;0.0493789393189693;0.00457988798536145;0.959267993530893;-0.032772551950127;1.79392348167337
34950;-1643052.91173285;3858860.73072604;5423510.88514595;-7441.40073687633;-674.979917554219;-1310.39849766568;6786946.52037896;0.049413167190481;0.00539024693738317;0.959278413505133;-0.0328236047303295;1.8263509518175
34980;-1865343.47655417;3836477.24050787;5381193.10309578;-7376.65370563014;-817.003822546347;-1510.36898419157;6787192.30807971;0.0494435547225227;0.00627808140246327;0.959290053935247;-0.032873518326531;1.85859438339889
35010;-2085573.85520646;3809856.12486437;5332914.77665792;-7304.07940851107;-957.465556501304;-1707.73669939915;6787457.68945967;0.0494698123953025;0.0072342672171778;0.959302848584692;-0.0329222075539834;1.89066429721557
35040;-2303511.4538398;3779046.27327263;5278756.7861744;-7223.82698827818;-1096.23086064459;-1902.31620530384;6787741.14848908;0.0494916977942908;0.00824932471828356;0.959316727605402;-0.032969593810198;1.92257166634981
35070;-2518928.22911427;3744100.54020542;5218805.48144409;-7136.05060767939;-1233.16965953254;-2093.92830486475;6788041.13965763;0.049509016204986;0.00931351369776682;0.959331617948642;-0.033015605213173;1.95432781738556
35100;-2731600.83331232;3705075.61978266;5153152.49496769;-7040.90908622634;-1368.15604946386;-2282.40000841006;6788356.09603824;0.0495216207621061;0.010416924790508;0.959347443770862;-0.0330601767031713;1.98594433523568
35130;-2941310.74878884;3662031.9209007;5081894.556376;-6938.5655526263;-1501.06827835757;-2467.56448851935;6788684.43690621;0.0495294121856623;0.0115495669225869;0.959364126832702;-0.0331032501100128;2.01743297195977
35160;-3147844.41223091;3615033.44308299;5005133.30837014;-6829.18711301788;-1631.78871791599;-2649.26102454787;6789024.57490217;0.0495323381365546;0.0127014505649642;0.959381586889564;-0.0331447741879172;2.04880555983526
35190;-3350993.32920258;3564147.65327167;4922975.12446698;-6712.94453506855;-1760.20382886089;-2827.3349379295;6789374.92273192;0.0495303922239521;0.0138626666332425;0.959399742072315;-0.0331847046199831;2.08007392884795
35220;-3550554.17945025;3509445.36375651;4835530.92881031;-6590.01194791151;-1886.20411999903;-3001.63751934568;6789733.89940174;0.0495236126959007;0.0150234609516489;0.959418509256935;-0.0332230039944107;2.11124982868974
35250;-3746328.9134427;3451000.61141532;4742916.01827582;-6460.56655782786;-2009.68410184017;-3172.0259487965;6790099.93599191;0.0495120808434591;0.0161743042580987;0.959437804422094;-0.0332596417545785;2.14234485529185
35280;-3938124.84061584;3388890.53841894;4645249.88706806;-6324.78837951502;-2130.54223545729;-3338.36320955897;6790471.48097498;0.0494959191472894;0.0173059577697629;0.959457542993819;-0.0332945941250603;2.17337038187846
35310;-4125754.70978667;3323195.27453347;4542656.05397866;-6182.85998272547;-2248.68087724474;-3500.51799696593;6790847.00508883;0.0494752891941208;0.0184095343560008;0.959477640176596;-0.0333278440156385;2.20433749449743
35340;-4309036.78219368;3253997.82113354;4435261.89244774;-6034.96625400906;-2364.00622019621;-3658.36462288805;6791225.00577746;0.0494503893889357;0.0194765553799159;0.959498011270406;-0.033359380905312;2.23525693196994
35370;-4487794.89761224;3181383.93702199;4323198.46354482;-5881.29417324811;-2476.42823229095;-3811.78291675083;6791604.01121479;0.0494214524871549;0.0204990032731812;0.959518571973327;-0.0333892007082346;2.26613903019649
35400;-4661858.53398359;3105442.02613441;4206600.35196144;-5722.03260463561;-2585.86059254339;-3960.65812386921;6791982.58392876;0.0493887429695901;0.0214693699027264;0.959539238669475;-0.0334173056234448;2.29699367076246
35430;-4831062.86098512;3026263.02719062;4085605.50508467;-5557.37210171394;-2692.22062523917;-4104.88080183388;6792359.32404479;0.0493525542815131;0.0223807007746077;0.959559928702188;-0.0334437039701599;2.32783023379888
35460;-4995248.78795759;2943940.30534012;3960355.07519961;-5387.50472606308;-2795.42923284852;-4244.34671563679;6792732.87216872;0.0493132059559076;0.0232266351015378;0.959580560632442;-0.0334684100103191;2.35865755507242
35490;-5154263.00659229;2858569.54583418;3830993.26484901;-5212.62387920329;-2895.41082807783;-4378.95673217771;6793101.91193038;0.0492710406398347;0.0240014417379338;0.9596010544826;-0.0334914437599603;2.38948388730091
35520;-5307958.0287679;2770248.64974389;3697667.17535935;-5032.9241472574;-2992.09326548997;-4508.61671475041;6793465.17220963;0.0492264210418785;0.0247000509617147;0.959621331965678;-0.033512830790916;2.42031686571451
35550;-5456192.2199127;2679077.63173098;3560526.65852577;-4848.60115790178;-3085.40777309592;-4633.23741806472;6793821.42906678;0.0491797268178522;0.0253180820568741;0.959641316700371;-0.0335326020242078;2.45116347790772
35580;-5598829.82825363;2585158.51986667;3419724.17143162;-4659.85144912163;-3175.28888429247;-4752.73438432102;6794169.50739987;0.0491313514113192;0.0258518666269362;0.959660934412163;-0.0335507935164181;2.48203003805081
35610;-5735741.01029885;2488595.25748269;3275414.63436416;-4466.8723492767;-3261.6743704947;-4867.02784081512;6794508.2823507;0.0490816988650487;0.026298467547694;0.959680113120884;-0.033567446240209;2.5129221655506
35640;-5866801.85288575;2389493.60702896;3127755.29177342;-4269.86186797537;-3344.50517478705;-4976.04259951557;6794836.68048153;0.0490311806192241;0.0266556934498169;0.959698783315119;-0.0335826058600556;2.54384476826794
35670;-5991894.39211088;2287961.05590259;2976905.57620912;-4069.01859725036;-3423.72534689277;-5079.70795902046;6795153.68074386;0.0489802123120771;0.0269221086091069;0.959716878113917;-0.033596322504162;2.5748020304119
35700;-6110906.62944339;2184106.72420458;2823026.97515848;-3864.54162252554;-3499.28197973924;-5177.95760926841;6795458.31526008;0.0489292105985796;0.0270970381151798;0.959734333416257;-0.0336086505334221;2.60579740523722
35730;-6223732.54530787;2078041.27437231;2666282.90069695;-3656.63044286181;-3571.12514787497;-5270.72953934754;6795749.66993792;0.0488785900028889;0.0271805681891997;0.95975108803877;-0.0336196483081978;2.63683361267162
35760;-6330272.11040739;1969876.82262891;2506838.56185438;-3445.48489996997;-3639.2078479743;-5357.96594871709;6796026.88493736;0.0488287598203492;0.0271735415286926;0.959767083842187;-0.0336293779535895;2.66791264199175
35790;-6430431.29504201;1859726.85218334;2344860.83958958;-3231.30511547928;-3703.48594164637;-5439.6131621289;6796289.15500793;0.0487801210850177;0.0270775475726212;0.959782265847034;-0.0336379051237868;2.69903575965146
35820;-6524122.07666286;1747706.12810912;2180518.16425856;-3014.29143595252;-3763.91810074721;-5515.62154851034;6796535.72971431;0.0487330636188103;0.0268949076033881;0.959796582339052;-0.0336452987660035;2.73020352234212
35850;-6611262.44588647;1633930.61382396;2013980.39545381;-2794.64438514107;-3820.46575537678;-5585.94544404587;6796765.91356639;0.0486879631784951;0.0266286546336788;0.959809984964834;-0.0336516308844181;2.76141579533354
35880;-6691776.4111791;1518517.38908697;1845418.70408539;-2572.56462297701;-3873.09304472714;-5650.54307967209;6796979.06606944;0.0486451787167853;0.0262825080654163;0.959822428818156;-0.0336569763044723;2.79267177610441
35910;-6765594.00240566;1401584.5694259;1675005.45656867;-2348.25291080296;-3921.76677093256;-5709.37651317922;6797174.60170855;0.0486050497737379;0.0258608431542727;0.959833872517445;-0.0336614124378021;2.82397002322485
35940;-6832651.27342286;1283251.22690198;1502914.10097757;-2121.91008234472;-3966.45635605889;-5762.41156609261;6797351.98988086;0.0485678940144727;0.0253686553658415;0.959844278274845;-0.0336650190480189;2.85530849040105
35970;-6892890.30388153;1163637.31211653;1329319.05501784;-1893.73701993579;-4007.13380235591;-5809.61776548871;6797510.7547876;0.0485340049288752;0.0248115197672728;0.959853611957263;-0.0336678780174922;2.88668456553399
36000;-6946259.20038844;1042863.57735958;1154395.59567002;-1663.9346355075;-4043.77365588427;-5850.96829088228;6797650.47529704;0.0485036497084379;0.0241955456596014;0.959861843139807;-0.0336700731152379;2.91809511458275
36030;-6992712.0971632;921051.500797831;978319.750348219;-1432.7038558625;-4076.35297361667;-5886.43992630541;6797770.78478843;0.0484770673146717;0.0235273267195895;0.959868945151943;-0.0336716897659596;2.94953652995949
36060;-7032209.15631167;798323.211596351;801268.189417355;-1200.24561175372;-4104.8512941023;-5916.01301768273;6797871.37098571;0.048454466752605;0.0228138869839155;0.959874895116722;-0.0336728148202536;2.98100478311864
36090;-7064716.56782289;674801.415865868;623418.119908495;-966.760830294535;-4129.25061177286;-5939.67143559284;6797951.97578885;0.0484360255617722;0.0220626230710218;0.959879673983343;-0.0336735363259442;3.01249548094088
36120;-7090206.54938238;550609.323325414;444947.180269633;-732.450430229642;-4149.53535495855;-5957.40254349174;6798012.39510932;0.048421888535767;0.0212812430951554;0.95988326655331;-0.0336739433004866;3.04400392545262
36150;-7108657.34608065;425870.574568073;266033.335987027;-497.515319599154;-4165.6923676734;-5969.19717146053;6798052.47871557;0.0484121666799315;0.0204777027811088;0.959885661500412;-0.0336741255043434;3.07552517636821
36180;-7120053.2300817;300709.168816013;86854.7759106108;-262.156395331196;-4177.71089521977;-5975.04959552714;6798072.13009274;0.0484069364150704;0.0196601393352539;0.959886851384674;-0.0336741732152193;3.10705411589464
36210;-7124384.50030247;175249.39204954;-92410.190884344;-26.5745443004989;-4185.58257365358;-5974.95752259899;6798071.30632023;0.0484062390332604;0.018836803667068;0.959886832660459;-0.033674177003019;3.1385855152
36240;-7121647.48214023;49615.7453938878;-271583.23786803;209.029354607813;-4189.30142314316;-5968.92208103189;6798050.01796942;0.0484100804098808;0.0180159915842314;0.959885605678769;-0.0336742275053821;-3.11307120526147
36270;-7111844.52727126;-76067.1263535006;-450486.123628704;444.454427888914;-4188.8638452465;-5956.94781684836;6798008.3290229;0.04841843097398;0.0172059746024809;0.959883174683852;-0.0336744152036373;-3.08155067913613
36300;-7094984.01353023;-201674.506172992;-628940.794416608;679.499804722547;-4184.26862412352;-5939.04269560713;6797946.3568153;0.0484312259370296;0.016414931018202;0.959879547804103;-0.0336748301990192;-3.05004336961569
36330;-7071080.34486603;-327081.6763683;-806769.486828638;913.964614649984;-4175.51693169196;-5915.21810991381;6797864.27199525;0.048448365778058;0.01565087788692;0.959874737037244;-0.0336755619889875;-3.01855427399607
36360;-7040153.9513559;-452163.99032586;-983794.830802696;1147.6479860834;-4162.61233672746;-5885.48889255143;6797762.29850619;0.0484697169811326;0.0149216045345989;0.959868758229726;-0.0336766992434998;-2.98708816567564
36390;-7002231.28924612;-576796.944606301;-1159839.95308985;1380.34904610858;-4145.56081790017;-5849.87333519722;6797640.7135835;0.0484951130192132;0.0142346082015487;0.959861631050251;-0.0336783295810965;-2.95564953111967
36420;-6957344.84097335;-700856.251485857;-1334728.58137124;1611.86692204356;-4124.37078073212;-5808.39321268071;6797499.84776373;0.0485243555765586;0.0135970323815812;0.959853378957271;-0.0336805393446754;-2.92424250953778
36450;-6905533.11510715;-824217.912065033;-1508285.14918515;1842.00074521828;-4099.0530784509;-5761.07381272527;6797340.08490105;0.0485572160001871;0.0130156083732817;0.959844029160284;-0.0336834133768524;-2.89287083579581
36480;-6846840.64613985;-946758.290060911;-1680334.90182773;2070.54965744286;-4069.62103670648;-5707.94397110273;6797161.86218481;0.0485934369693568;0.0124966005070609;0.959833612574725;-0.0336870347948339;-2.86153778703018
36510;-6781317.99403626;-1068354.1863984;-1850704.00338846;2297.31282063568;-4036.09048210898;-5649.03611211734;6796965.67015105;0.0486327343707055;0.0120457554531124;0.959822163770182;-0.0336914847647524;-2.83024613337439
36540;-6709021.74344114;-1188882.91471429;-2019219.64507893;2522.08943008589;-3998.47977453531;-5584.38629432139;6796752.05267984;0.04867479936555;0.0116682559528779;0.959809720911675;-0.0336968422754596;-2.7989980931447
36570;-6630014.50242836;-1308222.37788629;-2185710.1550102;2744.6787318293;-3956.80984314292;-5514.03426134991;6796521.60696905;0.0487193006349307;0.0113686792526018;0.959796325693663;-0.0337031839118055;-2.76779529276779
36600;-6544364.90066096;-1426251.14569714;-2350005.10957028;2964.88004462072;-3911.10422601791;-5438.02349774673;6796274.9834745;0.0487658867872551;0.0111509604531316;0.959782023266447;-0.0337105836274831;-2.73663873166902
36630;-6452147.5868171;-1542848.53374177;-2511935.44654965;3182.49278699051;-3861.38911337367;-5356.40128963714;6796012.88580479;0.0488141889128849;0.0110183609279046;0.959766862154593;-0.0337191125175653;-2.70552875227728
36660;-6353443.22512181;-1657894.68368231;-2671333.58015753;3397.31650987775;-3807.69339420414;-5269.21879008558;6795736.07055867;0.0488638232696684;0.0109734419019397;0.959750894166972;-0.0337288385909204;-2.67446501524349
36690;-6248338.49080999;-1771270.64495336;-2828033.51806696;3609.1509353372;-3750.04870628303;-5176.53108895736;6795445.34709139;0.0489143940832478;0.0110180432306003;0.959734174298009;-0.033739826542749;-2.64344647991547
36720;-6136926.06433073;-1882858.4580158;-2981870.98062085;3817.79600182169;-3688.48948938666;-5078.39728708439;6795141.57719558;0.0489654964459364;0.0111532673687135;0.959716760619699;-0.0337521375275557;-2.61247139006374
36750;-6019304.62408827;-1992541.23925397;-3132683.52232476;4023.05191654598;-3623.05304160363;-4974.88057451305;6794825.67468118;0.0490167192980416;0.0113794684796294;0.959698714163943;-0.0337658289329345;-2.58153726481154
36780;-5895578.83749941;-2100203.26760658;-3280310.65574535;4224.71921544223;-3553.77957857896;-4866.0483125902;6794498.60483808;0.0490676484756482;0.0116962466001909;0.959680098794747;-0.0337809541546251;-2.55064089468877
36810;-5765859.35013198;-2205730.07301687;-3424593.9779257;4422.59883122036;-3480.7122955237;-4751.97211961912;6794161.38376423;0.0491178698090978;0.0121024467522206;0.959660981069828;-0.0337975623733775;-2.51977834270385
36840;-5630262.77267354;-2309008.52678219;-3565377.29942013;4616.49217004964;-3403.89743180348;-4632.72795979176;6793815.07754084;0.0491669722565915;0.0125961628737543;0.959641430091155;-0.0338156983342406;-2.48894495031013
36870;-5488911.66546371;-2409926.93387743;-3702506.77604227;4806.20119737926;-3323.38433790047;-4508.39623507602;6793460.80123608;0.0492145510575495;0.0131747464339378;0.959621517343992;-0.0338354021289868;-2.45813534813372
36900;-5341934.52030842;-2508375.12732011;-3835831.04340961;4991.52853341662;-3239.22554452335;-4379.06187970862;6793099.71771735;0.0492602108904851;0.0138348195936745;0.959601316523988;-0.0338567089824657;-2.42734347132788
36930;-5189465.73927847;-2604244.56463786;-3965201.35435736;5172.2775587811;-3151.47683361833;-4244.81445691254;6792733.03625224;0.0493035690202224;0.0145722927794688;0.959580903351912;-0.0338796490437819;-2.39656257942384
36960;-5031645.6101793;-2697428.42649154;-4090471.71928187;5348.25253084898;-3060.19731101192;-4105.74825742636;6792362.01087724;0.0493442584192161;0.015382386549231;0.959560355375649;-0.0339042471832855;-2.36578528055932
36990;-4868620.27836379;-2787821.71749832;-4211499.0494618;5519.2587113007;-2965.44948039188;-3961.96239939801;6791987.9385135;0.0493819308475596;0.0162596576455693;0.95953975175909;-0.0339305227964592;-2.33500355998229
37020;-4700541.71454412;-2875321.36929047;-4328143.30339039;5685.10250537554;-2867.29931830771;-3813.56092915938;6791612.15680837;0.0494162598759275;0.0171980291529338;0.959519173057643;-0.0339584896158915;-2.30420881274793
37050;-4527567.67824433;-2959826.34583507;-4440267.63613775;5845.59161332966;-2765.81634984523;-3660.65292236043;6791236.04168181;0.049446943835192;0.0181908246985979;0.959498700980101;-0.0339881555326189;-2.27339188055034
37080;-4349861.67651988;-3041237.75102944;-4547738.55174572;6000.53519458177;-2661.07372460162;-3503.35258490131;6790861.00455671;0.0494737086757928;0.0192308066629366;0.959478418136698;-0.034019522428222;-2.24254309265525
37110;-4167592.91755674;-3119458.93857542;-4650426.05863997;6149.74404501599;-2553.14829255799;-3341.77935305939;6790488.48925299;0.0494963107190747;0.0203102183896654;0.959458407773244;-0.0340525860191556;-2.21165231092503
37140;-3980936.25874831;-3194395.62412275;-4748203.828026;6293.03078789239;-2442.12067941577;-3176.05799216493;6790119.96852593;0.0495145392818031;0.0214208304108732;0.959438753491334;-0.034087335714887;-2.18070897895082
37170;-3790072.14883552;-3265955.9996589;-4840949.35521495;6430.21007879381;-2328.07536093089;-3006.31869313359;6789756.9402303;0.0495282191538752;0.0225539907225885;0.959419538954718;-0.0341237544915031;-2.14970217532725
37200;-3595186.563683;-3334050.85010755;-4928544.1238041;6561.09882501033;-2211.10073574676;-2832.6971661179;6789400.92309337;0.0495372129079285;0.0237006791628776;0.959400847582011;-0.0341618187825334;-2.11862067112061
37230;-3396470.93525239;-3398593.67208296;-5010873.77261392;6685.51641973075;-2091.28919619248;-2655.33473049142;6789053.45208142;0.0495414230181174;0.0248515659544125;0.959382762226087;-0.034201498388805;-2.08745299159111
37260;-3194122.07332367;-3459500.79473075;-5087828.26525928;6803.2849913739;-1968.73719647725;-2474.37840033047;6788716.07334693;0.0495407937638063;0.0259970744748157;0.959365364840592;-0.034242756409216;-2.05618748223018
37290;-2988342.07950572;-3516691.50256786;-5159302.06220653;6914.22966834917;-1843.54531767584;-2289.98096450824;6788390.33874577;0.0495353128923964;0.0271274483097986;0.959348736134185;-0.0342855491943609;-2.02481237916522
37320;-2779338.2530696;-3570088.16021603;-5225194.29514104;7018.17885948671;-1715.81832886307;-2102.30106046529;6788077.79991716;0.0495250130139819;0.0282328226234805;0.959332955213255;-0.034329826324987;-1.9933158839627
37350;-2567322.98813147;-3619616.338903;-5285408.94344062;7114.9645503218;-1585.66524371776;-1911.5032406697;6787780.00192225;0.0495099726991115;0.0293032998461908;0.959318099214057;-0.034375530617279;-1.96168624282571
37380;-2352513.66170755;-3665204.94458509;-5339855.01252025;7204.42261535461;-1453.19937187945;-1717.75803072938;6787498.47644163;0.0494903172496911;0.0303290296302929;0.959304242925353;-0.0344225981569765;-1.92991183013157
37410;-2135132.51216098;-3706786.3475223;-5388446.71378143;7286.39314633571;-1318.53836430354;-1521.24197806874;6787234.73453602;0.0494662191120829;0.0313002929581895;0.959291458402869;-0.0344709583643166;-1.89798123618799
37440;-1915406.50755994;-3744296.51311421;-5431103.6458661;7360.72079654832;-1181.80425182406;-1322.1376900332;6786990.25897998;0.0494378979008532;0.0322075902014323;0.959279814577051;-0.0345205340917498;-1.86588335900011
37470;-1693567.2034687;-3777675.13378062;-5467750.97688044;7427.25514097089;-1043.12347609705;-1120.63386023772;6786766.49618344;0.0494056200015015;0.0330417328259796;0.959269376855822;-0.034571241756321;-1.83360749973614
37500;-1469850.58969818;-3806865.76164547;-5498319.62721742;7485.85105210629;-902.626912063516;-916.925281930954;6786564.84772225;0.0493696977209955;0.0337939383148923;0.95926020672424;-0.034622991508515;-1.80114346145449
37530;-1244496.92555039;-3831815.94175623;-5522746.4525697;7536.36909115801;-760.449881038034;-711.212847105206;6786386.66150525;0.0493304879561687;0.0344559277368109;0.959252361343189;-0.0346756874392448;-1.76848165051169
37560;-1017750.56310276;-3852477.34554399;-5540974.42668578;7578.67591411779;-616.732153499458;-503.703530045205;6786233.22261242;0.049288390352142;0.0350200252273285;0.959245893149424;-0.0347292278265147;-1.73561317990806
37590;-789859.758092982;-3868805.90420074;-5552952.82338239;7612.64469220303;-471.617940633058;-294.610353976454;6786105.74384601;0.0492438449260481;0.0354792584732659;0.959240849459526;-0.0347835054231017;-1.70252997365008
37620;-561076.467984045;-3880761.94162223;-5558637.39728587;7638.15554594697;-325.255873650729;-84.1523394479397;6786005.35604431;0.0491973291355855;0.0358274591000529;0.959237272080524;-0.0348384077863859;-1.66922487101765
37650;-331656.136812079;-3888310.3065346;-5557990.56273373;7655.09599209849;-177.798969897497;127.445566934884;6785933.09821583;0.0491493543774236;0.0360593616644997;0.959235196930125;-0.0348938176512013;-1.63569172942567
37680;-101857.466447387;-3891420.50339355;-5550981.570226;7663.36140233293;-29.4045847397605;339.952584821431;6785889.90755984;0.0491004619073085;0.0361706997557716;0.95923465366972;-0.0349496133462915;-1.60192552436884
37710;128057.82606871;-3890066.82161414;-5537586.67977417;7662.85547261024;119.765651775771;553.132214867024;6785876.60944767;0.0490512181819378;0.0361582975134473;0.959235665353469;-0.035005669254627;-1.56792244474364
37740;357825.265410964;-3884228.46265941;-5517789.33045367;7653.49070184226;269.545914502735;766.742377308995;6785893.90744771;0.0490022096322883;0.0360201546929081;0.959238248096938;-0.0350618563174764;-1.53367998166224
37770;587177.889338186;-3873889.66448533;-5491580.30542453;7635.18887834884;419.766280016661;980.53557573082;6785942.37348496;0.048954036889062;0.0357555232547507;0.959242410768903;-0.0351180425817247;-1.49919700871811
37800;815846.534750603;-3859039.82281025;-5458957.89164477;7607.88157239216;570.252841660519;1194.25908734134;6786022.4382344;0.0489073084931407;0.0353649733383948;0.959248154710023;-0.0351740937894997;-1.46447385154637
37830;1043560.13859084;-3839673.6086476;-5419928.03346157;7571.51063288233;720.82784376904;1407.65518104509;6786134.3818547;0.0488626341372428;0.0348504464123319;0.959255473482156;-0.0352298740087009;-1.42951234445284
37860;1270046.05368251;-3815791.08151273;-5374504.47922828;7526.0286861464;871.309835986995;1620.46136451253;6786278.32517574;0.0488206174990863;0.0342152933863956;0.959264352652141;-0.0352852463025343;-1.39431587187826
37890;1495030.37953425;-3787397.79768786;-5322708.92006017;7471.39963444828;1021.51384854496;1832.41066137384;6786454.22145965;0.0487818487409431;0.0334642955363349;0.959274769613841;-0.0353400734356354;-1.35888939252845
37920;1718238.30806431;-3754504.91290437;-5264571.11980963;7407.59915174175;1171.25158929135;2043.23191955626;6786661.84886004;0.0487468967650901;0.0326036662373053;0.959286693452201;-0.0353942186138277;-1.32323944414654
37950;1939394.48412251;-3717129.27877864;-5200129.03531267;7334.61517393407;1320.33166320065;2252.65015166098;6786900.8037078;0.0487163013288346;0.031641031737407;0.959300084852981;-0.0354475462540111;-1.2873741271379
37980;2158223.38060148;-3675293.53231754;-5129428.92593395;7252.44838073722;1468.55981498478;2460.38690813084;6787170.49475447;0.0486905651359407;0.0305853895283491;0.959314896061634;-0.035499922780114;-1.25130306558375
38010;2374449.68783844;-3629026.17779246;-5052525.45141747;7161.1126659893;1615.73919532531;2666.16068379357;6787470.13850466;0.0486701460328322;0.0294470432869093;0.959331070894641;-0.0355512174404859;-1.21503734459566
38040;2587798.71691276;-3578361.66026688;-4969481.75703497;7060.6355931444;1761.67065112035;2869.68735817668;6787798.75576779;0.0486554494472663;0.0282375138613149;0.959348544806287;-0.035601303141553;-1.17858942346367
38070;2797996.81634235;-3523340.43005303;-4880369.54501581;6951.05883245802;1906.15303999888;3070.6806697789;6788155.16955651;0.0486468212136828;0.0269694263496187;0.959367245013583;-0.0356500572920289;-1.14197302462366
38100;3004771.80157608;-3464008.99736771;-4785269.13123969;6832.43857624062;2048.9835691991;3268.85272424961;6788538.00445297;0.048644540932591;0.0256563739457633;0.959387090681616;-0.0356973626514592;-1.10520299909826
38130;3207853.3965678;-3400419.97645692;-4684269.48617871;6704.84592841827;2189.9581587345;3463.91453617258;6788945.68755701;0.0486488160107339;0.0243127598898845;0.959407993171165;-0.0357431081764124;-1.068295169727
38160;3406973.6866036;-3332632.1184644;-4577468.25908884;6568.36726453055;2328.87182858336;3655.57660387375;6789376.45111909;0.0486597765240169;0.0229536195276665;0.959429856349934;-0.0357871898572028;-1.03126615416993
38190;3601867.58143625;-3260710.33232955;-4464971.78447233;6423.1045582156;2465.51910943498;3843.54951637748;6789828.33694841;0.0486774710361941;0.0215944251289262;0.959452576968151;-0.0358295115376627;-0.994133170315002
38220;3792273.28766159;-3184725.69301799;-4346895.06986366;6269.17567018514;2599.6944763095;4027.54459132196;6790299.20267054;0.0487018634930457;0.0202508767085323;0.959476045098689;-0.0358699857101838;-0.956913827313533
38250;3977932.78915133;-3104755.43641144;-4223361.76403221;6106.71459568176;2731.19280414025;4207.27454231566;6790786.72989087;0.0487328312944983;0.0189386826037975;0.95950014464121;-0.0359085342780249;-0.919625905979745
38280;4158592.3342371;-3020882.9402148;-4094504.10474536;5935.87166644131;2859.80984416948;4382.45417387596;6791288.43429939;0.048770164626227;0.0176733339657342;0.959524753889086;-0.035945089276747;-0.882287132695176
38310;4334002.92822198;-2933197.69027627;-3960462.84529702;5756.81370325779;2985.34271976188;4552.80110174053;6791801.677729;0.0488135671083151;0.016469877595683;0.959549746157164;-0.0359795935466012;-0.844914951234125
38340;4503920.82968057;-2841795.23176203;-3821387.15907763;5569.72411536985;3107.59043998975;4718.03649598741;6792323.68215474;0.0488626577922651;0.0153426916892702;0.959574990467646;-0.0360120013477587;-0.807526297058412
38370;4668108.0488976;-2746777.10468027;-3677434.52154468;5374.80294306018;3226.35442908976;4877.88584404398;6792851.54559373;0.0489169745098934;0.0143052690297735;0.95960035229059;-0.0360422789104461;-0.770137378611618
38400;4826332.84669014;-2648250.76331005;-3528770.56904496;5172.26684008294;3341.4390696394;5032.07973031404;6793382.25983749;0.0489759785493002;0.0133700120042556;0.959625694334769;-0.0360704049123463;-0.732763469976251
38430;4978370.23176072;-2546329.47915865;-3375568.93404347;4962.34899281133;3452.65225705398;5180.3546288109;6793912.72991868;0.0490390606051263;0.0125480435075264;0.959650877383837;-0.0360963708760246;-0.695418718951087
38460;5124002.45464058;-2441132.22714703;-3218011.05642716;4745.29897332853;3559.80596276609;5322.45370485836;6794439.79518405;0.0491055479235369;0.0118490373688475;0.959675761172043;-0.0361201814796796;-0.658115974178128
38490;5263019.49620436;-2332783.55480506;-3056285.97067421;4521.38252406922;3662.71680322447;5458.12762161711;6794960.25181565;0.0491747125376701;0.0112810714063399;0.959700205292979;-0.0361418547751554;-0.620866634421093
38520;5395219.5486722;-2221413.43434777;-2890590.06881134;4290.88127205454;3761.20661163978;5587.13534691645;6795470.87661288;0.0492457804672768;0.0108505056123452;0.959724070134232;-0.0361614223079206;-0.583680522498222
38550;5520409.48696379;-2107157.09759845;-2721126.83922093;4054.09237124863;3855.10300921831;5709.24495562733;6795968.45181974;0.0493179417375693;0.010561887327963;0.9597472178302;-0.0361789291345863;-0.546565785729838
38580;5638405.32823247;-1990154.85382511;-2548106.58150562;3811.32807209488;3944.23997246241;5824.23442260788;6796449.79075598;0.0493903610572021;0.0104178846067002;0.959769513224794;-0.0361944337345095;-0.509528824105618
38610;5749032.6773877;-1870551.89066104;-2371746.09776996;3562.91521786156;4028.45839298471;5931.89240109205;6796911.7639869;0.049462188984089;0.0104192483227855;0.959790824835363;-0.0362080078130912;-0.472574246734952
38640;5852127.15641221;-1748498.05838901;-2192268.36083421;3309.19466803216;4107.60662618412;6032.01898128205;6797351.32574666;0.0495325734004613;0.0105648029732218;0.959811025808805;-0.0362197359955164;-0.435704856540207
38670;5947534.81529667;-1624147.63797845;-2009902.16005336;3050.5206496099;4181.54102506993;6124.42642384879;6797765.54031364;0.0496006711150718;0.0108514655739311;0.959829994860635;-0.0362297154108888;-0.398921662606887
38700;6035112.52245028;-1497659.09337747;-1824881.72557385;2787.26003785969;4250.12645549824;6208.93986304712;6798151.60802444;0.0496656594106172;0.0112742915725894;0.959847617187677;-0.0362380551679596;-0.362223919129815
38730;6114728.33250179;-1369194.80867314;-1637446.33201806;2519.79156867624;4313.23678910445;6285.39797421588;6798506.89060635;0.0497267473579005;0.0118265463032355;0.959863785345051;-0.036244875724926;-0.325609189499778
38760;6186261.82948085;-1238920.81084407;-1447839.88274205;2248.5049854343;4370.75537027999;6353.65360055953;6798828.93550631;0.04978318672471;0.0124998001924461;0.959878400078323;-0.0362503081570577;-0.289073433762611
38790;6249604.44346518;-1107006.47893753;-1256310.4759623;1973.8001238364;4422.57545364977;6413.57433429869;6799115.49889866;0.0498342823164144;0.0132840456923353;0.95989137110192;-0.0362544933271785;-0.252611117450777
38820;6304659.73889428;-973624.240607294;-1063109.95419105;1696.08593891459;4468.60060866051;6465.04304753159;6799364.56706352;0.0498794015964803;0.014167833755157;0.95990261781537;-0.036257580965265;-0.21621533962962
38850;6351343.67288449;-838949.257047407;-868493.438554789;1415.77947895555;4508.74508808858;6507.95836846524;6799574.37584325;0.0499179834481359;0.0151384275686462;0.95991206994944;-0.0362597286646022;-0.179877977907186
38880;6389584.82203167;-703159.097449086;-672718.849695358;1133.30481169216;4542.93415751666;6542.23509905167;6799743.42790541;0.0499495459528436;0.016181971228675;0.959919668134946;-0.0362611008030371;-0.143589848116148
38910;6419324.57635641;-566433.404192572;-476046.417065649;849.091908630617;4571.10438311016;6567.80457049703;6799870.50756743;0.0499736930768428;0.0172836710233293;0.959925364387745;-0.0362618673988742;-0.107340876375917
38940;6440517.29922979;-428953.55006099;-278738.17853067;563.575493849524;4593.20387534316;6584.61493359392;6799954.69296922;0.0499901201734526;0.0184279870273491;0.959929122504349;-0.0362622029118491;-0.0711202812695796
38970;6453130.45231391;-290902.288828623;-81057.4722685232;277.193864009667;4609.19248667568;6592.63138135486;6799995.36541609;0.0499986182258938;0.019598832745244;0.959930918363534;-0.0362622850003675;-0.034916763911192
39000;6457144.68475895;-152463.400630322;116731.576966935;-9.61231335845235;4619.04196156477;6591.83630198946;6799992.21575359;0.0499990767729366;0.02077978058426;0.959930740130398;-0.0362622932468134;0.00128129627695562
39030;6452553.88611417;-13821.3335612626;314364.575110099;-296.401215972916;4622.73603759576;6582.22936086127;6799945.24767836;0.0499914854775075;0.0219542709753974;0.959928588360427;-0.0362624078631755;0.0374856422195416
39060;6439365.20263274;124839.157013594;511577.377430874;-582.731089842772;4620.27049694127;6563.82751067515;6799854.77793369;0.0499759343164729;0.0231058229847384;0.959924476002248;-0.0362628083895316;0.0737079383936202
39090;6417599.0168758;263333.369943678;708106.606408683;-868.161471674291;4611.65316778777;6536.66492977157;6799721.43338374;0.0499526123879835;0.024218244264053;0.959918428298965;-0.0362636723980382;0.109959570694947
39120;6387288.89074845;401477.019069719;903690.166682433;-1152.25440309092;4596.90387580684;6500.79288903231;6799546.14500662;0.0499218053510299;0.0252758381772553;0.959910482589138;-0.0362651742150122;0.146251449088318
39150;6348481.47232521;539086.591801316;1098067.75495012;-1434.57562921486;4576.05434618276;6456.27954852234;6799330.13889092;0.0498838915300704;0.0262636059089165;0.959900688009588;-0.0362674836734528;0.182593815195693
39180;6301236.3670438;675979.704024896;1290981.36273459;-1714.69577434282;4549.14805713505;6403.20968559672;6799074.92436404;0.049839336735728;0.0271674413166895;0.959889105103404;-0.0362707649079453;0.218996057020847
39210;6245625.97406013;811975.449906144;1482175.76999268;-1992.19148771544;4516.24004628624;6341.68435677946;6798782.2794208;0.0497886878704786;0.027974316237716;0.959875805337544;-0.0362751752033191;0.255466533061978
39240;6181735.28876243;946894.745197451;1671399.02762222;-2266.64655272538;4477.3966716159;6271.82049626556;6798454.23365838;0.0497325654058259;0.0286724539088951;0.959860870535449;-0.0362808639077118;0.292012408115123
39270;6109661.6726362;1080560.66271866;1858402.92701483;-2537.65295332545;4432.69532910707;6193.75045440037;6798093.04895617;0.049671654834535;0.0292514881234028;0.959844392230996;-0.0362879714198329;0.328639503110193
39300;6029514.5918515;1212798.75874772;2042943.45490984;-2804.81189187849;4382.22412952458;6107.62147994515;6797701.19816764;0.0496066972178136;0.0297026057335091;0.95982647095094;-0.0362966282592375;0.365352161335533
39330;5941415.3261091;1343437.38913551;2224781.23192511;-3067.73475322678;4326.08153706292;6013.59515033842;6797281.34211403;0.0495384789626414;0.0300186701358982;0.959807215433688;-0.0363069542273392;0.402153133382736
39360;5845496.64943004;1472308.01404533;2403681.93327222;-3326.04401034038;4264.375972861;5911.84675450581;6796836.30518718;0.0494678209784354;0.0301943234539244;0.959786741792839;-0.0363190576657183;0.439043483067397
39390;5741902.48470311;1599245.49031087;2579416.6903042;-3579.37406752169;4197.22538659873;5802.56463305203;6796369.04988022;0.0493955673745001;0.0302260652735973;0.959765172634378;-0.0363330348170495;0.476022516441534
39420;5630787.53391598;1724088.35050532;2751762.47169282;-3827.37203778715;4124.75679956551;5685.9494808866;6795882.65057084;0.049322573869908;0.0301123060074641;0.95974263613672;-0.0363489692926968;0.513087735798554
39450;5512316.8860869;1846679.06791869;2920502.44318592;-4069.69845170647;4047.10582272096;5562.21361748835;6795380.26688153;0.0492496960950989;0.0298533932600519;0.959719265103031;-0.0363669316497274;0.550234820274837
39480;5386665.60498609;1966864.30674671;3085426.30505353;-4306.02789564431;3964.41615335502;5431.58023010348;6794865.11693616;0.0491777779692146;0.0294516099536338;0.959695195995258;-0.0363869790787987;0.587457634269685
39510;5254018.29878689;2084495.1569042;3246330.60649039;-4536.0495780098;3876.83905399702;5294.28259519895;6794340.45082146;0.0491076403385851;0.028911143442364;0.959670567959278;-0.0364091552030984;0.624748264438947
39540;5114568.67381956;2199427.35298508;3403019.03640212;-4759.46782276643;3784.53281722461;5150.56328346072;6793809.52454661;0.0490400700595141;0.028238025388803;0.959645521850351;-0.0364334899872833;0.662097085474565
39570;4968519.07461314;2311521.4770004;3555302.69015969;-4976.00249007956;3687.66221998397;5000.6733535374;6793275.57477515;0.0489758097023425;0.0274400427870145;0.959620199267779;-0.0364599997541842;0.699492854275024
39600;4816080.01240561;2420643.14463292;3703000.31206085;-5185.38932457445;3586.39797095664;4844.87153958896;6792741.79458004;0.0489155480435612;0.0265266211715367;0.959594741607233;-0.0364886873059453;0.736922831459463
39630;4657469.68427996;2526663.17485144;3845938.51338625;-5387.38023223711;3480.91615439776;4683.42343751222;6792211.31044722;0.0488599114985028;0.0255086817281715;0.959569289138738;-0.0365195421452499;0.77437292850444
39660;4492913.48504476;2629457.74282849;3983951.96608078;-5581.74348750787;3371.39767372969;4516.60069448524;6791687.16072485;0.0488094566290451;0.0243984746928338;0.959543980117684;-0.0365525407913733;0.811827878114807
39690;4322643.51392435;2728908.51620144;4116883.5722262;-5768.26387258929;3258.02769800758;4344.68020620698;6791172.27568579;0.048764663839156;0.0232093920584703;0.959518949935595;-0.0365876471849989;0.849271424809099
39720;4146898.07805655;2824902.77480748;4244584.60959769;-5946.74275141208;3140.99511418314;4167.94332591329;6790669.45934061;0.0487259323465;0.0219557631766829;0.959494330316667;-0.0366248131750434;0.886686532135823
39750;3965921.19471668;2917333.51410765;4366914.85371498;-6116.99808107316;3020.49198788441;3986.67508893069;6790181.3731076;0.0486935764913977;0.0206526373116102;0.959470248565343;-0.036663979080172;0.924055602468539
39780;3779962.09409764;3006099.53259359;4483742.67690644;-6278.86436387741;2896.71303520648;3801.1634561922;6789710.52141582;0.0486678234159869;0.019315557553201;0.959446826869388;-0.0367050743172382;0.961360704980403
39810;3589274.72437747;3091105.50354167;4594945.12500191;-6432.19254337894;2769.85510777443;3611.69857978982;6789259.23928818;0.0486488121173742;0.0179603307069543;0.959424181662167;-0.0367480180885572;0.998583807191019
39840;3394117.26070087;3172262.03154367;4700407.9723571;-6576.84984802958;2640.1166931003;3418.57209328223;6788829.68192277;0.0486365938498393;0.0166027978342875;0.959402423047002;-0.03679272011972;1.03570700542338
39870;3194751.61959012;3249485.69430014;4800025.75598852;-6712.71958620279;2507.69743201282;3222.07642911858;6788423.81626507;0.0486311338237201;0.01525861002015;0.959381654285714;-0.0368390814395645;1.07271274960803
39900;2991442.98018632;3322699.07021226;4893701.78966332;-6839.70089647314;2372.79765469665;3022.50416518466;6788043.41453887;0.0486323141233428;0.0139430136953823;0.959361971352698;-0.0368869951939379;1.10958405812222
39930;2784459.31360413;3391830.75235052;4981348.15884362;-6957.70845709706;2235.6179366386;2820.14740213072;6787690.04968202;0.0486399377440646;0.0126706494557501;0.959343462555125;-0.0369363474850095;1.14630471873907
39960;2574070.92156443;3456815.34941395;5062885.69742925;-7066.67215866318;2096.35867554605;2615.29717280408;6787365.09261381;0.0486537336298185;0.0114553678169526;0.9593262082192;-0.0369870182280999;1.18285947226527
39990;2360549.98535048;3517593.47432235;5138243.94727802;-7166.53674386389;1955.21969007814;2408.24288478792;6787069.71124396;0.0486733625779264;0.010310064751503;0.959310280441736;-0.0370388820182918;1.21923417604066
40020;2144170.12601535;3574111.72110568;5207361.10150776;-7257.26141828734;1812.39984101682;2199.27179674265;6786804.87111919;0.0486984238676851;0.00924653919952162;0.959295742905728;-0.0370918089994559;1.25541594512746
40050;1925205.97665232;3626322.63077074;5270183.93260114;-7338.8194360453;1668.09667530268;1988.66852896017;6786571.33759189;0.0487284624633627;0.00827537406133186;0.959282650758073;-0.0371456657287532;1.29139326970191
40080;1703932.76742763;3674184.64683512;5326667.70634243;-7411.19766394055;1522.50609317233;1776.71460827583;6786369.67938693;0.0487629766406682;0.00740584149669916;0.959271050547088;-0.0372003160301553;1.32715610784465
40110;1480625.92396515;3717662.06122272;5376776.08261606;-7474.39612774263;1375.82203845924;1563.68804723917;6786200.27343606;0.0488014258881792;0.00664583270117645;0.959260980217097;-0.0372556218310485;1.36269595358063
40140;1255560.67956841;3756724.95121476;5420481.00409037;-7528.4275439859;1228.23621196088;1349.86295722248;6786063.31084578;0.0488432389411931;0.00600181172848408;0.95925246915699;-0.037311443976533;1.39800588062138
40170;1029011.70166495;3791349.1081449;5457762.57379748;-7573.31684053322;1079.93780762986;1135.50919494777;6785958.80386276;0.0488878218144703;0.00547879239763318;0.959245538299359;-0.037367643016602;1.43308056279247
40200;801252.73276394;3821515.95851802;5488608.9226017;-7609.10066896562;931.113271217967;920.89204173547;6785886.59370122;0.0489345657117743;0.00508033687883771;0.959240200266609;-0.0374240799619652;1.46791627257357
40230;572556.246128454;3847212.47821913;5513016.0675258;-7635.82691166638;781.946080887171;706.271914624116;6785846.35909892;0.0489828547033295;0.00480857419910867;0.959236459560268;-0.0374806170048592;1.50251085953142
40260;343193.116281315;3868431.1004629;5530987.76187676;-7653.55418626986;632.616549202163;491.904108376871;6785837.62547185;0.0490320730767129;0.00466423665063938;0.959234312789601;-0.0375371182017689;1.53686371068349
40290;113432.304385796;3885169.61811544;5542535.33808144;-7662.35134994461;483.301645833284;278.038567278091;6785859.77454302;0.0490816122816701;0.00464671191872887;0.959233748935573;-0.037593450115538;1.57097569499584
40320;-116459.441528248;3897431.08099858;5547677.54410821;-7662.29700577806;334.174840226557;64.9196855299769;6785912.05432664;0.0491308774043722;0.00475410866513703;0.959234749646207;-0.0376494824148948;1.60484909429911
40350;-346217.871587402;3905223.68876376;5546440.3743138;-7653.47901333002;185.405963438165;-147.213865015604;6785993.58935627;0.0491792931212533;0.00498333329798527;0.959237289559395;-0.0377050884299316;1.63848752291057
40380;-575581.50450048;3908560.67989795;5538856.89551558;-7635.99400522523;37.1610882832159;-358.129281113021;6786103.39105297;0.0492263090964221;0.00533017571931876;0.959241336649312;-0.0377601456625672;1.67189583818944
40410;-804291.883593878;3907460.21739757;5524967.06904937;-7609.94691146297;-110.397573087787;-567.599749731662;6786240.368138;0.0492714047994309;0.00578940195367302;0.95924685259266;-0.0378145362514734;1.70508004413979
40440;-1032093.81871086;3901945.27161981;5504817.56953131;-7575.45049293623;-257.111755097654;-775.404546410818;6786403.33700307;0.0493140937317168;0.0063548517133962;0.959253793151146;-0.0378681473913683;1.73804719002179
40470;-1258735.6142712;3892043.5007928;5478461.60100024;-7532.62488547456;-402.827209066344;-981.329111768982;6786591.03195988;0.0493539270601755;0.00701953913686381;0.959262108566711;-0.037920871706961;1.77080526575114
40500;-1483969.28382447;3877787.12963809;5445958.71107493;-7481.59715555442;-547.393758888629;-1185.1651075795;6786802.11529945;0.0493904966650366;0.00777575513299187;0.959271743966245;-0.0379726075821752;1.80336309566798
40530;-1707550.75146214;3859212.82653072;5407374.60371785;-7422.50086865991;-690.665343005629;-1386.71045381779;6787035.18710057;0.0494234376164768;0.00861516997040339;0.959282639772708;-0.0380232594455861;1.83573023205106
40560;-1929240.04048082;3836361.57959408;5362780.95115563;-7355.47567112466;-832.500043605026;-1585.76934806991;6787288.79473483;0.049452430100292;0.00952893495337664;0.959294732119771;-0.038072738013272;1.86791684954784
40590;-2148801.44971171;3809278.57209877;5312255.20546471;-7280.66688614334;-972.760103973853;-1782.15226866863;6787561.44202415;0.0494772008175316;0.0105077822235024;0.959307953267345;-0.0381209604905105;1.89993364149371
40620;-2366003.71795014;3778013.05750713;5255880.41029023;-7198.22512450855;-1111.31193491181;-1975.67596289359;6787851.59801445;0.0494975238863943;0.0115421219099215;0.959322232015555;-0.0381678507339431;1.93179171890847
40650;-2580620.17693354;3742618.23447847;5193745.01312667;-7108.3059105062;-1248.02611109305;-2166.16342153631;6788157.70533618;0.0495132212770148;0.012622136019126;0.959337494114957;-0.0382133393759905;1.96350251278933
40680;-2792428.89332788;3703151.12212326;5125942.67855023;-7011.06932328869;-1382.77735824064;-2353.44384109084;6788478.18812969;0.0495241628111831;0.0137378686048799;0.959353662671025;-0.0382573639134244;1.99507768016882
40710;-3001212.80019022;3659672.43576946;5052572.10275586;-6906.67965394178;-1515.44453195156;-2537.35257478722;6788811.45951955;0.0495302657596628;0.0148793118883792;0.959370658541135;-0.0382998687620962;2.02652901427601
40740;-3206759.81838032;3612246.46347917;4973736.82971591;-6795.30507836564;-1645.91058898108;-2717.73107363816;6789155.92862765;0.0495314940697488;0.0160364881084864;0.959388400722528;-0.0383408052798893;2.05786835902844
40770;-3408862.96839641;3560940.94353012;4889545.06924317;-6677.11734600497;-1774.0625517649;-2894.42681862063;6789510.00712054;0.0495278572551623;0.0171995269715451;0.959406806729878;-0.0383801317599984;2.08910752799185
40800;-3607320.47311022;3505826.94305346;4800109.51720789;-6552.29148438487;-1899.79146692536;-3067.293245064;6789872.11529081;0.0495194089794342;0.0183587386410637;0.95942579296137;-0.0384178133966539;2.12025822787305
40830;-3801935.85187371;3446978.73799779;4705547.17812733;-6421.00551933978;-2022.99235847527;-3236.18966026503;6790240.68767691;0.0495062453626948;0.0195046822606251;0.95944527505231;-0.0384538222254063;2.15133198655749
40860;-3992518.00646611;3384473.69456795;4605979.1903162;-6283.44021076027;-2143.56417639942;-3400.98115529885;6790614.17822918;0.0494885030403556;0.0206282300406007;0.959465168215505;-0.0384881370400539;2.18234008566521
40890;-4178881.29934314;3318392.15226764;4501530.65375834;-6139.77880362708;-2261.40974126015;-3561.5385119433;6790991.06503336;0.0494663570006276;0.0217206269618638;0.959485387567817;-0.0385207432882581;2.21329349757516
40920;-4360845.6246433;3248817.30865575;4392330.46083308;-5990.20679405363;-2376.4356854401;-3717.73810558337;6791369.85460533;0.0494400182262398;0.0227735461602553;0.959505848442424;-0.0385516329478332;2.24420282685706
40950;-4538236.47239646;3175835.10590866;4278511.13000448;-5834.91171001497;-2488.55239160157;-3869.46180491214;6791749.08577329;0.049409731164171;0.0237791400552303;0.959526466686495;-0.0385808043856271;2.27507825604935
40980;-4710884.98637021;3099534.1192635;4160208.64255793;-5674.08290640466;-2597.6739289096;-4016.59686919531;6792127.33316549;0.0493757710457097;0.0247300872776068;0.959547158944081;-0.0386082622008285;2.30592949572986
41010;-4878628.01597805;3020005.44740191;4037562.28244634;-5507.91137402915;-2703.71798753349;-4159.03584381894;6792503.21032284;0.0493384410777946;0.0256196354356836;0.959567842924173;-0.0386340170544518;2.33676573884069
41040;-5041308.16266118;2937342.60481842;3910714.47928719;-5336.58956212211;-2806.60581191059;-4296.67645479303;6792875.37245727;0.0492980695253377;0.0264416397388703;0.959588437653948;-0.0386580854866523;2.36759561924869
41070;-5198773.82114315;2851641.41620383;3779810.65453215;-5160.31121393845;-2906.26213322556;-4429.42150283928;6793242.5188772;0.049255006703165;0.0271905974743048;0.959608863717349;-0.0386804897234296;2.39842717454583
41100;-5350879.21594269;2762999.91286056;3644999.07081306;-4979.27121496913;-3002.61510152941;-4557.17875764785;6793603.39510211;0.0492096218952926;0.027861678307075;0.959629043479197;-0.0387012574741691;2.42926781311828
41130;-5497484.43351652;2671518.23115495;3506430.68445072;-4793.6654533022;-3095.59621789413;-4679.8608528466;6793956.79468854;0.049162300218533;0.0284507503497136;0.959648901295115;-0.0387204217213715;2.46012428553747
41160;-5638455.450389;2577298.51299966;3364259.00109763;-4603.69069164374;-3185.14026697212;-4797.38518218706;6794301.56078977;0.0491134394468574;0.0289544019234268;0.959668363707611;-0.0387380205038143;2.49100266034939
41190;-5773664.15761116;2480444.80834894;3218639.93447102;-4409.54445050255;-3271.18525030346;-4909.67379741327;6794636.58747129;0.0490634468125591;0.0293699589129828;0.959687359628688;-0.0387540966942801;2.52190830435824
41220;-5902988.38187648;2381062.97967946;3069731.66811909;-4211.42490203597;-3353.67232068972;-5016.65330824423;6794960.82080381;0.0490127358000054;0.0296954976012936;0.959705820509425;-0.03876869777289;2.55284586751644
41250;-6026311.90360556;2279260.60842013;2917694.52015117;-4009.53077404924;-3432.54571792952;-5118.25478486639;6795273.25975519;0.0489617229476634;0.0299298528586352;0.959723680496961;-0.0387818755969716;2.58381927254365
41280;-6143524.47229674;2175146.9032861;2762690.81085077;-3804.06126363787;-3507.7527061888;-5214.4136633009;6795572.9569018;0.0489108246740774;0.0300726215571049;0.959740876579378;-0.0387936861682962;2.61483170940149
41310;-6254521.81942423;2068832.61046388;2604884.73308032;-3595.21595996149;-3579.24351325788;-5305.06965397946;6795859.01897918;0.0488604541435565;0.0301241610833113;0.959757348718963;-0.0388041893984232;2.64588563474793
41340;-6359205.66915004;1960429.92558752;2444442.22537666;-3383.1947756376;-3646.97127192743;-5390.16665383473;6796130.60729124;0.0488110181874508;0.0300855828325654;0.959773039974349;-0.0388134488727989;2.67698277648528
41370;-6457483.74710061;1850052.4074391;2281530.84762756;-3168.19788624492;-3710.89196369682;-5469.65266218365;6796386.93799589;0.0487629142970563;0.0299587405859285;0.959787896612033;-0.0388215316141663;2.70812414349666
41400;-6549269.78744385;1737814.89330044;2116319.65921164;-2950.42567742832;-3770.96436501052;-5543.47970065725;6796627.28228449;0.0487165277043097;0.0297462136978767;0.959801868207769;-0.0388285078457629;2.73931004063998
41430;-6634483.53848706;1623833.41587758;1948979.09947687;-2730.07869910011;-3827.1499962019;-5611.60373740652;6796850.96647114;0.0486722285665254;0.0294512850566291;0.959814907738322;-0.0388344507547035;2.77054008903358
41460;-6713050.767001;1508225.12171427;1779680.870426;-2507.35762623614;-3879.41307330779;-5673.98461579179;6797057.37200699;0.0486303692714336;0.029077913820991;0.959826971664043;-0.038839436255872;2.80181325162587
41490;-6784903.26146059;1391108.19100605;1608597.82147186;-2282.46322576898;-3927.72046290292;-5730.58598774194;6797245.93543354;0.0485912818786665;0.0286307029863795;0.959838020002734;-0.0388435427565782;2.83312786399233
41520;-6849978.83437766;1272601.75872234;1435903.83611961;-2055.59632908453;-3972.04164008918;-5781.37525195042;6797416.14828794;0.0485552757135986;0.028114861887171;0.959848016395223;-0.0388468509221713;2.86448167024876
41550;-6908221.32388656;1152825.83693998;1261773.72042872;-1826.95780963294;-4012.34864976186;-5826.32349705639;6797567.55697203;0.0485226351290328;0.0275361638018715;0.959856928163047;-0.0388494434427469;2.89587186390999
41580;-6959580.59472867;1031901.2382882;1086383.09310307;-1596.74856516882;-4048.61607126291;-5865.40544994219;6797699.76259594;0.0484936174496316;0.0269008988898889;0.95986472635864;-0.0388514048010288;2.92729513346118
41610;-7004012.53876765;909949.500401946;909908.277053968;-1365.16950414006;-4080.82098651965;-5898.59942926189;6797812.42080579;0.048468451113204;0.0262158227527158;0.959871385808346;-0.0388528210414609;2.95874771234445
41640;-7041479.07515252;787092.811277737;732526.192277515;-1132.42153574854;-4108.9429517565;-5925.88730430025;6797905.24160396;0.0484473340219606;0.0254881009758837;0.95987688514859;-0.0388537795405037;2.99022543300026
41670;-7071948.15023178;663453.935423482;554414.249885218;-898.705563209892;-4132.96397285712;-5947.25445924718;6797977.98916951;0.0484304321156577;0.024725250069586;0.959881206855477;-0.0388543687780898;3.021723784541
41700;-7095393.73730745;539156.140691893;375750.247124213;-664.22247974266;-4152.86848444457;-5962.68976295841;6798030.4816848;0.0484178781771525;0.0239350752833044;0.95988433726805;-0.0388546781101652;3.05323797357726
41730;-7111795.83630381;414323.125684957;196712.263221637;-429.173166820562;-4168.64333273775;-5972.18554426035;6798062.59117373;0.0484097708793205;0.0231256058213646;0.959886266605433;-0.0388547975422135;3.08476298766511
41760;-7121140.47341195;289078.947615452;17478.5558861235;-193.758494223781;-4180.27776223347;-5975.73757284407;6798074.24335573;0.0484061740805436;0.022305028030486;0.959886988978006;-0.0388548175036406;3.11629366079889
41790;-7123419.70075702;163547.950510089;-161772.541701801;41.8206785725265;-4187.76340625489;-5973.3450457813;6798065.41751835;0.048407116374114;0.0214816171654591;0.95988650239274;-0.0388548286228797;-3.13536056684074
41820;-7118631.59612141;37854.6936377907;-340862.72357939;277.36350013284;-4191.09428139881;-5965.01057968317;6798036.14641081;0.0484125908949194;0.0206636683641049;0.959884808752788;-0.0388549215030651;-3.10383435244175
41850;-7106780.26274338;-87876.1199542334;-519613.813540886;512.669124378414;-4190.26678590576;-5950.74020851075;6797986.51615908;0.0484225553847433;0.0198594274765995;0.959881913851372;-0.038855186498119;-3.07231822576214
41880;-7087875.82919661;-213519.714914582;-697847.867695813;747.536707945916;-4185.27970196928;-5930.54338703506;6797916.66620263;0.0484369325154449;0.0190770223967417;0.959877827359964;-0.03885571348909;-3.0408172930382
41910;-7061934.44934271;-338951.315190223;-875387.277215639;981.765408046777;-4176.13420199219;-5904.43299993222;6797826.78925163;0.0484556104672335;0.0183243955336393;0.959872562810741;-0.0388565916605885;-3.00933647793652
41940;-7028978.30233463;-464046.215875966;-1052054.87143752;1215.15438128723;-4162.83385879005;-5872.42537648813;6797717.13126224;0.0484784437572545;0.0176092380418995;0.959866137573231;-0.0388579092771714;-2.9778804570949
41970;-6989035.59263533;-588679.855429146;-1227674.02149286;1447.50278391038;-4145.38465973352;-5834.54031087509;6797587.99142691;0.0485052543117924;0.0169389263974665;0.959858572825044;-0.0388597534595402;-2.94645359802333
42000;-6942140.55000207;-712727.888367477;-1402068.74462719;1678.60977392359;-4123.79502481317;-5790.80108795059;6797439.72217523;0.0485358327736127;0.0163204618656853;0.959849893516516;-0.0388622099604379;-2.91505989991639
42030;-6888333.42937272;-836066.258567369;-1575063.80937598;1908.27451557693;-4098.07582860163;-5741.23451451631;6797272.72918002;0.048569940034335;0.0157604133594678;0.959840128329113;-0.0388653629401488;-2.88370293787925
42060;-6827660.5105767;-958571.273279173;-1746484.84175933;2136.29618666136;-4068.24042607923;-5685.87095596199;6797087.47136221;0.0486073089802717;0.0152648641300004;0.959829309627333;-0.0388692947415365;-2.85238581101425
42090;-6760174.09777868;-1080119.67797461;-1916158.43265556;2362.47398909883;-4034.30468227983;-5624.7443782059;6796884.46088695;0.0486476464389142;0.0148393626722079;0.959817473403865;-0.0388740856645859;-2.82111109475479
42120;-6685932.51854935;-1200588.73214023;-2083912.24651128;2586.60716330024;-3996.28700570406;-5557.89239482878;6796664.26314259;0.0486906353121859;0.0144888781638302;0.959804659217712;-0.0388798137404547;-2.78988079776969
42150;-6605000.1224428;-1319856.28612899;-2249575.13154181;2808.49500677139;-3954.20838543667;-5485.3563192839;6796427.49669265;0.0487359368817435;0.0142177606925448;0.959790910124948;-0.0388865545050803;-2.7586963236968
42180;-6517447.27894614;-1437800.85918007;-2412977.23157254;3027.93689745153;-3908.09243189437;-5407.18122204943;6796174.83319039;0.0487831932709632;0.0140297064617828;0.95977627260175;-0.0388943807724371;-2.72755843790085
42210;-6423350.37465168;-1554301.7187144;-2573950.09966703;3244.73232227372;-3857.96542111845;-5323.41599257294;6795906.99724406;0.0488320300477977;0.0139277281045333;0.959760796459346;-0.0389033624075922;-2.69646723938886
42240;-6322791.80948791;-1669238.96101109;-2732326.81368329;3458.68091144102;-3803.8563425148;-5234.11340583999;6795624.76622025;0.0488820589524278;0.013914130177008;0.95974453475045;-0.0389135660997634;-2.66542213795927
42270;-6215859.99183021;-1782493.59336626;-2887942.09389416;3669.58247891704;-3745.7969499307;-5139.3301933795;6795328.96997141;0.0489328807335055;0.0139904898520281;0.959727543666786;-0.0389250551356461;-2.63442183660851
42300;-6102649.33229733;-1893947.6178328;-3040632.42280184;3877.23706963417;-3683.82181594378;-5039.12711849871;6795020.49047297;0.0489840880768107;0.0141576427862984;0.959709882427251;-0.0389378891733456;-2.60346431917308
42330;-5983260.23602451;-2003484.11663521;-3190236.1672701;4081.44501392699;-3617.96838922411;-4933.5690555188;6794700.26135408;0.0490352686102448;0.0144156740973435;0.95969161315626;-0.0389521240173193;-2.5725468431467
42360;-5857799.09318889;-2110987.33934946;-3336593.70309039;4282.0069897022;-3548.27705481413;-4822.72507275926;6794369.26730549;0.0490860079692725;0.0147639143553179;0.959672800751839;-0.0389678113948113;-2.54166593758131
42390;-5726378.26754725;-2216342.79193293;-3479547.54209032;4478.72409285974;-3474.79119715454;-4706.66851899455;6794028.543347;0.0491358929071264;0.0152009404723672;0.959653512742985;-0.0389849987343454;-2.51081740595795
42420;-5589116.08273097;-2319437.32768396;-3618942.46188424;4671.3979164823;-3397.5572656662;-4585.47711308078;6793679.17393598;0.049184514434313;0.0157245813578808;0.959633819135852;-0.0390037289469206;-2.4799963338993
42450;-5446136.80602724;-2420159.24020459;-3754625.63835597;4859.83063931173;-3316.62484267878;-4459.23303642206;6793322.29189801;0.049231470972125;0.0163319282013951;0.959613792248312;-0.0390240402106506;-2.44919710158841
42480;-5297570.62936026;-2518398.3584335;-3886446.78095373;5043.82512403153;-3232.04671347669;-4328.023027917;6792959.07715982;0.0492763715049929;0.017019349245828;0.959593506532476;-0.0390459657596723;-2.41841340075929
42510;-5143553.64717027;-2614046.14380905;-4014258.27086582;5223.18502587318;-3143.87893821084;-4191.93848099451;6792590.75526419;0.049318838716525;0.0177825089212897;0.959573038384749;-0.0390695336782479;-2.3876382561321
42540;-4984227.83087326;-2706995.78961413;-4137915.3021334;5397.71491206142;-3052.18092540196;-4051.07554231506;6792218.59564626;0.0493585120939927;0.0186163912232175;0.95955246594308;-0.0390947667010806;-2.3568640511789
42570;-4819740.99956818;-2797142.32254645;-4257276.02574368;5567.22039260877;-2957.01550673669;-3905.53521167873;6791843.90965015;0.0493950509857863;0.0195153272369388;0.959531868871047;-0.0391216820209629;-2.32608255812408
42600;-4650246.78664387;-2884382.70654792;-4372201.69673228;5731.50826296264;-2858.44901283198;-3755.42344264457;6791468.04826494;0.0494281375959772;0.0204730267327431;0.959511328128524;-0.039150291104972;-2.29528497210513
42630;-4475904.60192264;-2968615.94891722;-4482556.82430816;5890.38665899851;-2756.55134961585;-3600.85124332729;6791092.39955919;0.0494574798995602;0.021482613780081;0.959490925728692;-0.0391805995205329;-2.26446194944361
42660;-4296879.5889627;-3049743.2087183;-4588209.32499806;6043.66522484034;-2651.39607494463;-3441.93477679701;6790718.38579322;0.0494828144612256;0.0225366663550133;0.959470744481253;-0.0392126067727586;-2.23360365000133
42690;-4113342.57712785;-3127667.90748584;-4689030.6787893;6191.15529397324;-2543.06047504602;-3278.79546046514;6790347.46018949;0.0495039091395956;0.0236272599401265;0.959450867721772;-0.0392463061545788;-2.20269978362129
42720;-3925470.02801876;-3202295.84221594;-4784896.08823072;6332.67008409402;-2431.62564034682;-3111.56006379628;6789981.10334178;0.0495205656577926;0.0247460151394008;0.959431379027184;-0.0392816846112561;-2.17173966067587
42750;-3733443.97584739;-3273535.30061646;-4875684.64043114;6468.02490612135;-2317.1765402111;-2940.36080363974;6789620.8192454;0.0495326220199723;0.0258841493498956;0.959412361917566;-0.0393187226209754;-2.14071224676352
42780;-3537451.9613237;-3341297.178577;-4961279.47187268;6597.03738775919;-2199.80209608098;-2765.33543642781;6789268.13093216;0.0495399547520938;0.0270325325464673;0.959393899544439;-0.0393573940932739;-2.10960622160913
42810;-3337686.95861262;-3405495.0998022;-5041567.93593306;6719.52771197364;-2079.59525247732;-2586.62734643933;6788924.57569548;0.0495424809437396;0.0281817472429224;0.959376074365947;-0.0393976662871454;-2.07841004222962
42840;-3134347.29490904;-3466045.53753595;-5116441.77298629;6835.31887070485;-1956.65304528168;-2404.38562927788;6788591.69989377;0.0495401600662661;0.029322152691174;0.959358967809435;-0.0394394997507172;-2.04711201042424
42870;-2927636.56216921;-3522867.93828557;-5185797.2829246;6944.23693409094;-1831.07666668436;-2218.76516966344;6788271.05332249;0.0495329955410351;0.0304439533677086;0.959342659922057;-0.0394828482844447;-2.01570034463579
42900;-2717763.52053006;-3575884.84743624;-5249535.49991713;7046.11133542953;-1702.97152614586;-2029.92671258594;6787964.18314877;0.0495210360299815;0.0315372717714962;0.959327229010259;-0.0395276589298;-1.9841632562032
42930;-2504941.99294122;-3625022.03662604;-5307562.36919104;7140.77517204485;-1572.44730668158;-1838.03692681803;6787672.62740606;0.0495043764194136;0.0325922255183292;0.959312751269096;-0.0395738719854533;-1.95248902998617
42960;-2289390.75053127;-3670208.6327302;-5359788.92559046;7228.0655221626;-1439.61801574172;-1643.26845973395;6787397.90805037;0.0494831584667757;0.0335990086612524;0.959299300402572;-0.0396214210529368;-1.92066610928634
42990;-2071333.38822706;-3711377.2482812;-5406131.47363567;7307.82377782153;-1304.60202992097;-1445.79998233152;6787141.52358433;0.0494575710792472;0.0345479770939519;0.959286947236354;-0.0396702331137663;-1.88868318491589
43020;-1850998.19014566;-3748464.11312766;-5446511.76877184;7379.89599376919;-1167.52213269539;-1245.816223306;6786904.94126056;0.0494278501926006;0.0354297378026977;0.959275759324431;-0.039720228639941;-1.85652928817241
43050;-1628617.98428145;-3781409.20711022;-5480857.19946074;7444.13325219852;-1028.50554434819;-1043.50799097811;6786689.58888128;0.0493942782188198;0.0362352416217775;0.959265800551474;-0.0397713217396776;-1.8241938873673
43080;-1404429.98601629;-3810156.39350725;-5509100.96973267;7500.39204308256;-887.683943211811;-839.072181834869;6786496.84621758;0.0493571830317109;0.0369558790170613;0.959257130732876;-0.0398234203401296;-1.7916669874239
43110;-1178675.62999002;-3834653.55297623;-5531182.28177783;7548.53465975538;-745.193477321288;-632.711774401745;6786328.03607808;0.0493169364612484;0.0375835782732039;0.959249805214675;-0.0398764264087146;-1.75893923191123
43140;-951600.389880506;-3854852.71768928;-5547046.51811739;7588.42960926827;-601.17476554423;-424.635807129239;6786184.41506404;0.0492739522698431;0.0381109052932877;0.959243874475744;-0.0399302362145133;-1.72600200671202
43170;-723453.585658718;-3870710.20533276;-5556645.42285463;7619.95203692165;-455.772887226711;-215.059338946367;6786067.16405537;0.0492286835871949;0.0385311640381316;0.95923938373488;-0.039984740631004;-1.69284754434075
43200;-494488.177904281;-3882186.75261173;-5559937.28146546;7642.98416423408;-309.137359371935;-4.20339111000311;6785977.37847987;0.0491816197850597;0.0388384964394917;0.959236372565602;-0.0400398254811712;-1.65946902773377
43230;-264960.548791282;-3889247.64787019;-5556887.09854661;7657.41573946093;-161.422100351301;207.705131037322;6785916.05842618;0.0491332827791857;0.0390279804227262;0.959234874521676;-0.040095371925757;-1.62586069213378
43260;-35130.269383141;-3891862.86240816;-5547466.77289775;7663.1444996167;-12.7853791358055;420.433537795962;6785884.09866907;0.0490842227529702;0.0390957244763054;0.959234916776571;-0.0401512568951244;-1.59201792349208
43290;194740.147090777;-3890007.18004563;-5531655.26927199;7660.07664278691;136.610250969359;633.743477716292;6785882.27868437;0.0490350133060665;0.039038957016191;0.959236519780207;-0.040207353564862;-1.55793735162129
43320;424385.506265095;-3883660.32445347;-5509438.78608779;7648.12730933855;286.598035101705;847.391084462708;6785911.25273888;0.0489862460412466;0.0388561086221889;0.959239696936506;-0.0402635318748819;-1.52361693615987
43350;653538.20821868;-3872807.08374084;-5480810.91835407;7627.22107045286;437.007117133638;1061.12714928614;6785971.54014902;0.0489385246142267;0.038546885081769;0.959244454305392;-0.0403196590913574;-1.48905604326703
43380;881928.537798864;-3857437.43175867;-5445772.81502072;7597.29242221236;587.662658463279;1274.69732041603;6786063.51580958;0.0488924582837596;0.0381123290757142;0.959250790332952;-0.0403756004103977;-1.45425551086464
43410;1109284.96982726;-3837546.64555008;-5404333.32992758;7558.28628327546;738.385976256446;1487.84233062644;6786187.40110152;0.0488486550128822;0.0375548682922753;0.959258695613551;-0.0404312196018903;-1.41921770019441
43440;1335334.48926276;-3813135.4183503;-5356509.16548916;7510.15849396985;888.994702049882;1700.29825415829;6786343.25529418;0.0488077141864962;0.036878347772687;0.959268152687704;-0.0404863796914318;-1.38394653147411
43470;1559802.92632922;-3784209.96751227;-5302325.00821742;7452.87631443048;1039.3029615711;1911.79679408839;6786530.96756299;0.0487702190250752;0.0360880443831125;0.959279135879481;-0.040540943677753;-1.34844750152788
43500;1782415.30654096;-3750782.13670949;-5241813.65515448;7386.41891920225;1189.121576562;2122.0656011259;6786750.24974884;0.0487367287887921;0.0351906614834617;0.959291611177166;-0.0405947752824951;-1.31272768144097
43530;2002896.21547872;-3712869.4917452;-5175016.13025911;7310.7778855239;1338.25828931114;2330.82862468623;6787000.62998782;0.0487077708802168;0.0341943021290619;0.959305536160744;-0.0406477397286447;-1.27679569255382
43560;2220970.1780824;-3670495.40927718;-5101981.78976803;7225.95767230982;1486.51801050225;2537.80649694063;6787281.44734277;0.0486838329663828;0.0331084194979239;0.959320859979659;-0.040699704543373;-1.24066165946725
43590;2436362.05213415;-3623689.15775108;-5022768.41553419;7131.97608665516;1633.70309087378;2742.71695036601;6787591.84756732;0.0486653552518514;0.0319437436816572;0.959337523384;-0.040750540380473;-1.20433713917535
43620;2648797.43550787;-3572485.96982196;-4937442.29533175;7028.86473450824;1779.6136170556;2945.27526912364;6787930.78013181;0.0486527230428087;0.030712184504353;0.959355458812032;-0.0408001218570366;-1.16783502596884
43650;2858003.08665739;-3516927.10553519;-4846078.28911054;6916.66945198745;1924.04773180415;3145.19477437702;6788296.99663618;0.0486462597476462;0.0294267106265206;0.959374590536607;-0.0408483283984974;-1.13116943234478
43680;3063707.35770827;-3457059.90553333;-4748759.88018323;6795.45071367141;2066.80197869593;3342.18734341838;6788689.0507287;0.0486462204613745;0.0281012058324211;0.959394834872601;-0.0408950450856611;-1.09435554679942
43710;3265640.6394054;-3392937.8335565;-4645579.2103362;6665.28401406381;2207.67167116281;3535.96396221157;6789105.29964054;0.0486527862792275;0.0267503040645042;0.959416100447028;-0.0409401634968953;-1.05740947004736
43740;3463535.81705366;-3324620.5075103;-4536637.09787081;6526.26021833405;2346.45128555971;3726.23531067586;6789543.9074352;0.0486660594786332;0.0253892054309633;0.959438288532995;-0.0409835825382456;-1.02034803187254
43770;3657128.73647028;-3252173.71838724;-4422043.03760699;6378.48587836356;2482.93487774883;3912.71237973402;6790002.8500574;0.0486860596982889;0.0240334760421755;0.959461293448023;-0.0410252092538971;-0.98318859144723
43800;3846158.67884815;-3175669.43634696;-4301915.18191466;6222.08351009124;2616.91652246471;4095.1071188291;6790479.92225005;0.0487127212284462;0.022698835098631;0.959485003016688;-0.0410649596091293;-0.945948824523057
43830;4030368.8433089;-3095185.80328545;-4176380.30188253;6057.19182815293;2748.19077449232;4273.13311228141;6790972.74638843;0.0487458915079712;0.0214009331292389;0.959509299096804;-0.0411027592377225;-0.908646501375178
43860;4209506.8358049;-3010807.11125662;-4045573.72778782;5883.96593385284;2876.55315045001;4446.50628251296;6791478.78325944;0.0487853309017686;0.0201551256392325;0.959534058167694;-0.0411385441456644;-0.871299259742632
43890;4383325.16291184;-2922623.76614916;-3909639.26809485;5702.57745259354;3001.80062972002;4614.94561781451;6791995.34478967;0.0488307138073669;0.0189762466530358;0.959559151978322;-0.04117226136301;-0.833924377235304
43920;4551581.72893921;-2830732.23606936;-3768729.1062856;5513.21461702781;3123.73217281694;4778.17392197485;6792519.60870062;0.0488816311126239;0.0178783867168625;0.959584448252315;-0.0412038695358449;-0.796538547759102
43950;4714040.33467643;-2735234.98393552;-3623003.67491082;5316.08229238291;3242.14925523004;4935.91858273747;6793048.63504125;0.0489375939985099;0.0168746798549371;0.959609811446103;-0.0412333394505191;-0.759157666441869
43980;4870471.17598967;-2636240.38385234;-3472631.50634703;5111.40194064797;3356.85641452334;5087.91235570146;6793579.38451976;0.0489980390526532;0.015977103755868;0.959635103555663;-0.0412606544826471;-0.721796627327229
44010;5020651.34038907;-2533862.62090401;-3317789.05985086;4899.41152060831;3467.66180823097;5233.89415994656;6794108.73852644;0.049062334631713;0.0151962971147622;0.959660184966567;-0.0412858109638216;-0.684469137754807
44040;5164365.29960086;-2428221.57408187;-3158660.52461888;4680.36532105788;3574.37777984892;5373.6098813432;6794633.52070932;0.0491297883845399;0.0145413975905261;0.959684915341312;-0.0413088184595539;-0.647187552881461
44070;5301405.39610467;-2319442.6821472;-2995437.5986867;4454.53372492072;3676.82143000183;5506.81317921163;6795150.5199347;0.0491996558242505;0.0140199032817215;0.959709154537219;-0.0413296999526415;-0.609962733244568
44100;5431572.32153471;-2207656.79232014;-2828319.24363535;4222.20290246362;3774.81518965884;5633.26629172774;6795656.51443574;0.049271149816444;0.0136375600056257;0.959732763547558;-0.0413484919269611;-0.57280392765231
44130;5554675.5847966;-2092999.9917826;-2657511.41521438;3983.67443228109;3868.18739209105;5752.7408352411;6796148.29692461;0.0493434508332636;0.013398276014096;0.959755605457966;-0.0413652443475913;-0.535718683037561
44160;5670533.96771994;-1975613.42208444;-2483226.77013938;3739.26484927758;3956.77284010771;5865.01859248018;6796622.70041857;0.0494157178092459;0.0133040651244218;0.959777546409766;-0.0413800205341702;-0.498712782259351
44190;5778975.9660521;-1855643.07664805;-2305684.34947453;3489.30511945373;4040.41336498381;5969.89228447496;6797076.6245081;0.0494870994249937;0.0133550186107454;0.95979845656137;-0.0413928969254859;-0.461790210206162
44220;5879840.2136022;-1733239.58167562;-2125109.23916742;3234.14004191942;4118.95837340147;6067.16632093461;6797507.06177607;0.0495567456387031;0.0135493056140522;0.959818211038671;-0.0414039627344545;-0.424953147970607
44250;5972975.88736626;-1608557.96087466;-1941732.20846192;2974.12757919668;4192.26537867518;6156.65752378028;6797911.12406214;0.0496238192833366;0.0138832013036786;0.959836690865163;-0.0414133194938653;-0.388201994342889
44280;6058243.09150663;-1481757.38452912;-1755789.32707388;2709.63811753448;4260.20051251884;6238.19581855516;6798286.06825639;0.0496875075485147;0.0143511415729441;0.959853783862431;-0.0414210804945256;-0.351535413423002
44310;6135513.21811989;-1353000.90355602;-1567521.56217135;2441.05365962436;4322.6390136433;6311.62488851795;6798629.32130118;0.0497470331706789;0.014945802682412;0.959869385511763;-0.04142737011872;-0.314950406785329
44340;6204669.28280975;-1222455.16929715;-1377174.35635515;2168.76695277163;4379.46568954812;6376.80278637336;6798938.50408008;0.0498016651624149;0.0156582039771878;0.959883399767809;-0.0414323230731785;-0.278442408344975
44370;6265606.23318238;-1090290.13990333;-1184997.18798364;1893.18055623239;4430.57534799122;6433.60249880492;6799211.45387917;0.0498507289215915;0.0164778315962256;0.959895739815548;-0.0414360835270043;-0.242005399869381
44400;6318231.22850294;-956678.774271493;-991243.115326966;1614.70585205998;4475.87319478541;6481.91245925057;6799446.24511725;0.0498936155727835;0.0173927809543837;0.959906328762282;-0.0414388041612302;-0.205632044944008
44430;6362463.88889121;-821796.714592548;-796168.306167521;1333.7620044068;4515.2751947796;6521.63700469825;6799641.2080591;0.049929790406961;0.0183899157013842;0.959915100256976;-0.0414406451378277;-0.169313839126671
44460;6398236.51259129;-685821.958658548;-600031.55458475;1050.77487278777;4548.70839313465;6552.69677267375;6799794.94524895;0.0499588003002404;0.0194550408340361;0.959921999029931;-0.0414417729970597;-0.133041273999437
44490;6425494.26002322;-548934.52316001;-403093.786770183;766.175885320809;4576.11119429473;6575.02903504276;6799906.3454292;0.0499802800083629;0.0205730876458871;0.959926981346651;-0.0414423594930371;-0.0968040128367152
44520;6444195.30351178;-411316.099277504;-205617.557812892;480.400878408473;4597.4335963833;6588.58796574692;6799974.59474283;0.049993957250219;0.0217283082289276;0.959930015370619;-0.041442580378183;-0.0605910756403472
44550;6454310.94178752;-273149.701934343;-7866.54147379863;193.888909705352;4612.63737911254;6593.3448401341;6799999.18505445;0.0499996565109373;0.0229044772831536;0.959931081430742;-0.0414426141480193;-0.0243910313350797
44580;6455825.67856509;-134619.314128857;189894.984971032;-92.9189484790485;4621.69624368249;6589.28816411808;6799979.91926613;0.0499973015127098;0.0240850990308701;0.959930172190284;-0.0414426407582448;0.0118078050399672
44610;6448737.26472221;4090.47219570831;387402.658694024;-379.5808279678;4624.59590355509;6576.4237320043;6799916.91354674;0.0499869163194243;0.0252536170652332;0.959927292715217;-0.0414428403264732;0.0480171722747601
44640;6433056.703826;142794.817258464;584392.549936898;-665.655288180954;4621.33412541313;6554.77461243754;6799810.59643899;0.0499686250592834;0.026393624980315;0.959922460441107;-0.041443391831224;0.0842486621793289
44670;6408808.2209797;281308.995025953;780601.679131994;-950.702536711591;4611.92072004852;6524.38106255481;6799661.70485362;0.0499426502678087;0.0274890756295047;0.959915705038808;-0.0414444718208151;0.120513520135097
44700;6376029.19518979;419448.753774535;975768.530379362;-1234.28563948493;4596.37748336146;6485.30037105347;6799471.27700633;0.04990930987187;0.0285244868395672;0.959907068180413;-0.0414462531446797;0.156822449138962
44730;6334770.05567726;557030.674141572;1169633.55916543;-1515.97171309639;4574.73808808567;6437.60663150027;6799240.64239691;0.0498690128536026;0.0294851413712427;0.959896603208081;-0.0414489037193392;0.193185419509363
44760;6285094.1427764;693872.523201718;1361939.69225788;-1795.33309213428;4547.04792727843;6381.39044780387;6798971.40897316;0.0498222536511594;0.0303572788688301;0.959884374709439;-0.041452585340798;0.229611486472713
44790;6227077.53427577;829793.603141976;1552432.81777758;-2071.94846458423;4513.3639110212;6316.75857434103;6798665.44766102;0.0497696053710885;0.0311282774881293;0.959870458004338;-0.0414574525545057;0.266108617902642
44820;6160808.8382581;964615.093158345;1740862.26353128;-2345.40396877944;4473.75421816161;6243.83349375837;6798324.87447869;0.0497117119045968;0.0317868228443366;0.95985493854869;-0.0414636515932626;0.302683534533566
44850;6086388.95368531;1098160.38325729;1926981.26178677;-2615.29424579787;4428.29800528472;6162.75293595958;6797952.03048365;0.049649279056818;0.0323230618904502;0.959837911262023;-0.0414713193925426;0.339341565002707
44880;6003930.8001506;1230255.39871579;2110547.39878426;-2881.22344170486;4377.08507542679;6073.66934222519;6797549.45982812;0.0495830648142685;0.0327287393355341;0.959819479786137;-0.0414805826916878;0.37608651807768
44910;5913559.01837939;1360728.91403373;2291323.04740211;-3142.80615459071;4320.21550933336;5976.74927879491;6797119.88621944;0.0495138688906044;0.0329973142542284;0.959799755682951;-0.0414915572283151;0.412920574386817
44940;5815409.6432038;1489412.85529989;2469075.78152969;-3399.66832194574;4257.79926231247;5872.17280456509;6796666.18809744;0.0494425217042813;0.0331240546373112;0.959778857580128;-0.0415043470320763;0.449844199873179
44970;5709629.75085938;1616142.58998815;2643578.77084408;-3651.44804454221;4189.95572994152;5760.13279781479;6796191.37285038;0.0493698729533679;0.033106107799937;0.959756910273502;-0.0415190438226687;0.486856083028862
45000;5596377.08255849;1740757.20330018;2814611.15483768;-3897.79634364133;4116.81328604961;5640.83424707051;6795698.550395;0.0492967799621808;0.0329425448089685;0.959734043795614;-0.0415357265156984;0.523953097723965
45030;5475819.64637985;1863099.76027596;2981958.39509919;-4138.37784900561;4038.50879651699;5514.49351135246;6795190.90644402;0.0492240959811481;0.0326343774195569;0.959710392459787;-0.0415544608387064;0.561130293118587
45060;5348135.29957968;1983017.55300066;3145412.60500918;-4372.87141586057;3955.18711250862;5381.33755511378;6794671.67577792;0.0491526586249794;0.0321845464259531;0.959686093889204;-0.0415752990583701;0.598380911734166
45090;5213511.31347556;2100362.33234564;3304772.85617064;-4600.97066960702;3867.00054679137;5241.60316319189;6794144.11582475;0.0490832786344322;0.0315978808286915;0.959661288040341;-0.0415982798186287;0.635696436266205
45120;5072143.92308041;2214990.52379086;3459845.46105429;-4822.38447772579;3774.10833677491;5095.53614103948;6793611.48083571;0.0490167291434243;0.0308810277909115;0.959636116229858;-0.0416234280882645;0.6730666651527
45150;4924237.86367146;2326763.4269842;3610444.23149468;-5036.83734893351;3676.67609786816;4943.39050539632;6793076.99692326;0.048953735625709;0.0300423539855788;0.959610720173725;-0.0416507552153168;0.710479816286503
45180;4770005.89646843;2435547.39880034;3756390.71282582;-5244.06976023272;3574.8752706582;4785.42767040616;6792543.83820447;0.0488949666837478;0.0290918196019398;0.959585241046904;-0.0416802590846304;0.747922657596166
45210;4609668.32556758;2541214.0197648;3897514.39359237;-5443.83841304679;3468.88256530053;4621.91563398064;6792015.1042658;0.0488410258268343;0.028040826958828;0.959559818571372;-0.0417119243738579;0.785380662543361
45240;4443452.50823483;2643640.24380856;4033652.89091271;-5635.91642013406;3358.87940636213;4453.12816897003;6791493.79913688;0.0487924443661593;0.0269020463350349;0.959534590139658;-0.0417457229023606;0.822838187925167
45270;4271592.36060341;2742708.53141341;4164652.11170318;-5820.09342543223;3245.05138118583;4279.34402342448;6790982.81193063;0.0487496755317914;0.0256892222426654;0.959509689980389;-0.04178161406668;0.86027867075646
45300;4094327.86075075;2838306.9662972;4290366.39009669;-5996.17565939058;3127.58769464965;4100.84613392532;6790484.89927672;0.0487130898910302;0.0244169639077367;0.959485248371608;-0.0418195453556089;0.89768484047187
45330;3911904.55104704;2930329.35587138;4410658.60150336;-6163.98593270213;3006.68063298313;3917.92085564;6790002.66964455;0.048682972120007;0.0231005241554464;0.959461390906868;-0.0418594529373611;0.935038942256015
45360;3724573.04157604;3018675.31577956;4525400.25386556;-6323.3635716487;2882.52503907714;3730.85721241196;6789538.56962171;0.0486595191515952;0.0217555712021061;0.9594382378183;-0.0419012623109356;0.972322967008449
45390;3532588.5163283;3103250.33889569;4634471.55675349;-6474.16429852059;2755.31780148896;3539.94616984476;6789094.87218505;0.0486428396935941;0.0203979580149993;0.959415903360091;-0.0419448890134875;1.00951888329258
45420;3336210.24376016;3183965.84922254;4737761.4690313;-6616.26006076824;2625.25735910439;3345.4799339819;6788673.66697358;0.0486329550826988;0.0190434939059137;0.959394495254968;-0.0419902393753527;1.0466088666153
45450;3135701.09319988;3260739.24118679;4835167.72589598;-6749.53881268933;2492.54322317605;3147.75127782707;6788276.85254697;0.0486298014129291;0.0177077228736227;0.959374114205539;-0.0420372113143232;1.08357552153619
45480;2931327.05846634;3333493.9048746;4926596.84615352;-6873.90425355204;2357.37551821629;2947.05289759661;6787906.13058983;0.0486332328528066;0.0164057129126581;0.959354853471565;-0.0420856951608237;1.12040209240489
45510;2723356.78994823;3402159.23779268;5011964.12064844;-6989.27552610788;2219.95454298583;2743.67680025192;6787563.00200064;0.0486430260443961;0.0151518600765319;0.959336798513542;-0.0421355745057934;1.1570726589555
45540;2512061.13627235;3466670.64377328;5091193.58280407;-7095.5868794578;2080.48035258936;2537.91372352807;6787248.76478619;0.048658885459959;0.0139597105461835;0.959320026702247;-0.0421867270633213;1.19357231352565
45570;2297712.69657141;3526969.5196689;5164217.96226277;-7192.78730020767;1939.15236246793;2330.05258935775;6786964.51366576;0.0486804495787748;0.0128418033353542;0.959304607093339;-0.0422390255404046;1.22988731728789
45600;2080585.3842443;3583003.23050262;5230978.62263768;-7280.8401157871;1796.16897486748;2120.37999129098;6786711.14127708;0.0487072977379137;0.0118095355957793;0.959290600265462;-0.0422923385065902;1.26600523355062
45630;1860954.0029869;3634725.0737547;5291425.48440125;-7359.72257371324;1651.72722816484;1909.17971623124;6786489.34086463;0.0487389575063504;0.010873051796717;0.959278058219837;-0.0423465312567127;1.30191503687484
45660;1639093.83575989;3682094.23347447;5345516.93394182;-7429.42540046226;1506.0224692477;1696.73230055006;6786299.61032379;0.0487749124316382;0.0100411573756028;0.959267024338847;-0.0424014666604328;1.33760719743115
45690;1415280.24725207;3725075.72490995;5393219.71981729;-7489.95234347016;1359.24804897469;1483.31462040543;6786142.25746845;0.0488146100120617;0.00932125681698167;0.959257533400719;-0.04245700599282;1.37307374066135
45720;1189788.30029444;3763640.33034606;5434508.83722681;-7541.31969962502;1211.59504058637;1269.19951587507;6786017.40638666;0.0488574697542739;0.00871931553643008;0.959249611647117;-0.0425130097407794;1.4083082828895
45750;962892.38658216;3797764.5268362;5469367.40170675;-7583.55583343823;1063.25198079682;1054.65544832374;6785925.00474819;0.0489028911863532;0.0082398444436807;0.959243276900145;-0.0425693383806985;1.44330604402991
45780;734865.871968328;3827430.40650199;5497786.51303685;-7616.70068789657;914.404633170835;839.94619025442;6785864.83192848;0.0489502617083474;0.0078859056439538;0.959238538725081;-0.0426258531232747;1.47806383895438
45810;505980.756506679;3852625.59006239;5519765.11031828;-7640.80529080337;765.2357732804;625.330546745804;6785836.50781641;0.0489989641760924;0.00765913741612223;0.959235398635013;-0.042682416622064;1.51258004940122
45840;276507.349338846;3873343.13423684;5535309.81915579;-7655.931259218;615.924995038534;411.062107451806;6785839.50217745;0.049048384128775;0.0075597963795992;0.959233850333445;-0.0427388936428663;1.54685457853489
45870;46713.9584465991;3889581.43364756;5544434.79184446;-7662.15030440165;466.648537526055;197.389028032935;6785873.14444902;0.0490979165857896;0.0075868146258757;0.959233879990897;-0.0427951516916166;1.58088879040048
45900;-183133.404779713;3901344.11782472;5547161.54142551;-7659.54373947609;317.579131558007;-15.4461601980032;6785936.63385164;0.0491469723533963;0.00773786953683005;0.959235466551534;-0.0428510615989889;1.61468543657053
45930;-412771.306268521;3908639.94389465;5543518.77043893;-7648.20199180301;168.885865179995;-227.206713702563;6786029.04970664;0.0491949837961213;0.00800946403108411;0.959238582065908;-0.0429064980604271;1.64824857226176
45960;-641939.155459474;3911482.68550627;5533542.19516034;-7628.22412189579;20.7340672398578;-437.661814555109;6786149.36185909;0.0492414100413733;0.00839701505898957;0.959243192045965;-0.0429613401307948;1.68158346411929
45990;-870379.457181721;3909891.01852465;5517274.36606942;-7599.71735048588;-126.714791853894;-646.586684069984;6786296.44111328;0.0492857415981564;0.00889494829491725;0.9592492558386;-0.0430154716732807;1.71469649173699
46020;-1097838.04948472;3903888.40399383;5494764.48525525;-7562.79659518244;-273.30318309959;-853.762673617993;6786469.06959631;0.0493275043818429;0.00949679713886143;0.95925672701419;-0.0430687817626029;1.74759504481834
46050;-1324064.3277287;3893502.9688431;5466068.22142159;-7517.58401798815;-418.877586523746;-1058.97733404401;6786665.95097473;0.0493662631466462;0.0101953043274069;0.959265553766682;-0.0431211650429258;1.78028741769336
46080;-1548811.45527743;3878767.38478312;5431247.523113;-7464.20858476678;-563.288544391243;-1262.02446509761;6786885.72045744;0.0494016243356541;0.0109825246552926;0.959275679322034;-0.0431725220412368;1.81278270270495
46110;-1771836.56116606;3859718.74581025;5390370.4307403;-7402.80563759984;-706.39070093924;-1462.70414627892;6787126.95452679;0.0494332383650854;0.0118499275146487;0.959287042351987;-0.0432227594372185;1.84509068377124
46140;-1992900.92514313;3836398.4447094;5343510.88794209;-7333.51648082067;-848.042829563325;-1660.8227504837;6787388.18034864;0.0494608013648645;0.0127884981614312;0.959299577390357;-0.0432717902909122;1.87722173122716
46170;-2211770.15050705;3808852.04891797;5290748.55277788;-7256.48798137491;-988.107848372487;-1856.19294180575;6787667.88481941;0.0494840564017787;0.0137888368115834;0.959313215249285;-0.0433195342296803;1.90918669885439
46200;-2428214.32517484;3777129.17608639;5232168.60920827;-7171.87218402688;-1126.45282501281;-2048.63365882336;6787964.52321662;0.0495027942144989;0.0148412548490274;0.959327883433067;-0.04336591759616;1.94099682382843
46230;-2642008.171435;3741283.3696439;5167861.57927795;-7079.82594181124;-1262.94897163906;-2237.97008465885;6788276.52742598;0.0495168534917525;0.0159358675892001;0.959343506547458;-0.0434108735590454;1.97266363014891
46260;-2852931.18484629;3701371.9746522;5097923.13637981;-6980.51056201895;-1397.47163088935;-2424.0336050592;6788602.3137253;0.0495261207260585;0.0170626831853927;0.959360006702522;-0.0434543421886489;2.0041988359748
46290;-3060767.76275155;3657456.01420449;5022453.91994113;-6874.09146790537;-1529.90025369114;-2606.66175570095;6788940.29011119;0.0495305296758238;0.0182116873876698;0.959377303907364;-0.0434962704992785;2.03561426516275
46320;-3265307.32287996;3609600.06660275;4941559.35183776;-6760.73787621609;-1660.1183696979;-2785.69815987501;6789288.86316072;0.0495300604683817;0.0193729239672399;0.959395316455254;-0.0435366124605194;2.06692176320287
46350;-3466344.41251254;3557872.14352287;4855349.45480824;-6640.62249054271;-1788.01355112502;-2960.99245765782;6789646.44442482;0.049524738375854;0.0205365707021829;0.959413961297887;-0.0435753289795421;2.09813311766223
46380;-3663678.80868512;3502343.56935446;4763938.67310711;-6513.92121044519;-1913.47737072167;-3132.40022762465;6790011.45635507;0.0495146322946657;0.021693010884969;0.95943315440771;-0.0436123878565649;2.12925998318125
46410;-3857115.60989986;3443088.86188062;4667445.69560614;-6380.81285621016;-2036.40535458258;-3299.78290210966;6790382.33776962;0.049499852958217;0.0228329003598822;0.959452811127416;-0.0436477637155799;2.16031381101933
46440;-4046465.31981176;3380185.6144423;4565993.2815226;-6241.47890905421;-2156.69693047025;-3463.00767696556;6790757.54886715;0.049480550910748;0.0239472301301067;0.959472846505924;-0.0436814379124288;2.19130578311416
46470;-4231543.92335001;3313714.37971237;4459708.08892583;-6096.10326652792;-2274.25537228524;-3621.94741672455;6791135.57580141;0.0494569142688532;0.0250273845928939;0.959493175620257;-0.0437133984222556;2.22224675059926
46500;-4412172.95572582;3243758.55518577;4348720.50614736;-5944.87201282967;-2388.98774128824;-3776.48055601148;6791514.93483082;0.049429166295539;0.0260651954673826;0.959513713882958;-0.0437436397083089;2.2531471767178
46530;-4588179.56476923;3170404.27047448;4233164.48619469;-5787.97320369708;-2500.80482464535;-3926.49099801;6791894.1760603;0.0493975628101593;0.027052991476674;0.959534377334758;-0.0437721625739899;2.2840170840731
46560;-4759396.56702676;3093740.27647961;4113177.38424592;-5625.5966655088;-2609.62107183507;-4071.8680107339;6792271.886794;0.0493623894561251;0.0279836438342573;0.959555082922358;-0.0437989739999574;2.3148660061668
46590;-4925662.49804039;3013857.83649688;3988899.79828017;-5457.93380819883;-2715.35452942437;-4212.50612180821;6792646.69451875;0.0493239588469397;0.0288506075676596;0.95957574876132;-0.0438240869680147;2.34570294319276
46620;-5086821.65721579;2930850.61929734;3860475.41287881;-5285.1774515597;-2817.92677468984;-4348.30501241874;6793017.26953967;0.0492826076099295;0.0296479586905925;0.95959629438412;-0.0438475202734011;2.37653632207552
46650;-5242724.14767504;2844814.59421116;3728050.84621275;-5107.5216644894;-2917.26284853042;-4479.16941104435;6793382.32728943;0.0492386933460178;0.0303704272106295;0.959616640973531;-0.0438692983270141;2.40737396076608
46680;-5393225.91147508;2755847.9282294;3591775.50021396;-4925.16161671912;-3013.2911880894;-4605.00898754353;6793740.63033345;0.0491925915230361;0.0310134259344033;0.95963671158158;-0.0438894509489818;2.43822303683222
46710;-5538188.76055927;2664050.88512659;3451801.41391237;-4738.29344254431;-3105.94355947522;-4725.73824812629;6794090.9900935;0.0491446923194015;0.0315730750078378;0.959656431334373;-0.0439080131549011;2.46909006040479
46740;-5677480.40379485;2569525.72659559;3308283.11990405;-4547.11411607035;-3195.15499094461;-4841.276431703;6794432.26831198;0.049095397434473;0.0320462221066605;0.959675727623156;-0.0439250249359516;2.4999808515631
46770;-5810974.47043427;2472376.61537582;3161377.50390268;-4351.82133747536;-3280.86370688579;-4951.54740806518;6794763.37827893;0.0490451168815738;0.0324304581732874;0.959694530282002;-0.0439405310339882;2.5309005222616
46800;-5938550.53032332;2372709.52034603;3011243.66731272;-4152.61342978648;-3363.01106291533;-5056.47957831751;6795083.28584359;0.0489942657794519;0.0327241285820358;0.959712771752578;-0.0439545807126141;2.56185346291352
46830;-6060094.11116405;2270632.12354374;2858042.79275101;-3949.68924566167;-3441.54148237938;-5156.00577794724;6795391.01023147;0.048943261157889;0.0329263396059003;0.959730387236442;-0.0439672275251338;2.5928433337559
46860;-6175496.71312463;2166253.72906528;2701938.01243232;-3743.24808366656;-3516.40239452801;-5250.06318288561;6795685.62468757;0.0488925187931844;0.0330369600560496;0.959747314835364;-0.0439785290801879;2.62387306112204
46890;-6284655.82107377;2059685.17379234;2543094.27932398;-3533.48961353529;-3587.54417461087;-5338.59321888582;6795966.25696527;0.048842450089339;0.0330566179705457;0.959763495680174;-0.0439885468057754;2.65494483874186
46920;-6387474.91470121;1951038.73988391;2381678.24096578;-3320.61380990453;-3654.92008612264;-5421.5414745143;6796232.08967973;0.0487934590209014;0.0329866922417238;0.95977887404862;-0.0439973457122807;2.68606013417757
46950;-6483863.47677097;1840428.06896601;2217858.11584245;-3104.82089401129;-3718.48622540868;-5498.85761802557;6796482.36054377;0.04874593915357;0.0328292990930188;0.959793397472758;-0.0440049941550353;2.71721970048047
46980;-6573736.99973868;1727968.07794542;2051803.57218856;-2886.31128284772;-3778.20146882355;-5570.4953183659;6796716.3625029;0.0487002707587769;0.032587273345069;0.959807016836352;-0.0440115635968622;2.74842359312543
47010;-6657016.99094914;1613774.87636808;1883685.60909862;-2665.28554526917;-3834.02742261907;-5636.41217052813;6796933.44378554;0.048656818038518;0.0322641444482115;0.959819686462781;-0.0440171283709739;2.77967119224227
47040;-6733630.97661505;1497965.68523794;1713676.43980866;-2441.94436455515;-3885.92837572308;-5696.56962545775;6797133.00788305;0.0486159264766687;0.0318641073029116;0.959831364193909;-0.0440217654445252;2.81096123011855
47070;-6803512.5047633;1380658.75720718;1541949.37701018;-2216.4885069271;-3933.87125555565;-5750.93292468997;6797314.51347336;0.04857792033286;0.0313919879405647;0.959842011460369;-0.0440255541830537;2.8422918238975
47100;-6866601.14731988;1261973.29804472;1368678.72005188;-1989.11879553091;-3977.82558701599;-5799.4710398784;6797477.47430067;0.0485431002946873;0.0308532041936506;0.959851593343691;-0.044028576115979;2.8736605133378
47130;-6922842.50149014;1142029.38928606;1194039.64388047;-1760.0360893963;-4017.76345476047;-5842.15661735754;6797621.45902284;0.048511741303535;0.0302537215447333;0.959860078630657;-0.0440309147032784;2.90506430344178
47160;-6972188.19057655;1020947.91196402;1018208.08956744;-1529.44126688989;-4053.6594688803;-5878.96592786475;6797746.09103658;0.0484840905686465;0.029600004406903;0.959867439860269;-0.0440326551034035;2.93649971169498
47190;-7014595.86436128;898850.471316928;841360.656265398;-1297.53521318222;-4085.49073407595;-5909.87882153077;6797851.04829003;0.0484603657831864;0.028898963152327;0.959873653363646;-0.0440338839424568;2.96796281959616
47220;-7050029.19916723;775859.322368022;663674.494434488;-1064.51881125376;-4113.23682241479;-5934.87868823335;6797936.06309045;0.0484407535549816;0.0281578972685679;0.959878699297171;-0.0440346890846097;2.99944932809378
47250;-7078457.89769628;652097.296267447;485327.200176729;-830.592935967831;-4136.87974974831;-5953.95242339367;6798000.92191447;0.0484254080633505;0.0273844350825226;0.959882561669138;-0.0440351594037051;3.03095461648447
47280;-7099857.68873001;527687.727285955;306496.710513971;-595.958450742223;-4156.40395585552;-5967.09039928193;6798045.46522644;0.04841444995196;0.0265864705473323;0.959885228360142;-0.04403538455596;3.06247380427381
47310;-7114210.32676355;402754.380347698;127361.199443368;-360.81620635379;-4171.79628837021;-5974.28644188519;6798069.58731005;0.0484079654660219;0.0257720976365815;0.959886691137402;-0.0440354547536577;3.09400181545058
47340;-7121503.59162998;277421.378987822;-51901.0253971462;-125.367041412951;-4183.04599054051;-5975.53781337817;6798073.23611681;0.0484060058403368;0.0249495429310411;0.959886945663155;-0.0440354605397006;3.12553344458463
47370;-7121731.28815805;151813.133619285;-231111.625621913;110.188215953242;-4190.14469286096;-5970.84520022546;6798056.41313408;0.0484085869427896;0.0241270970146693;0.959885991497263;-0.0440354925628783;-3.12612188305258
47400;-7114893.24589291;26054.2699922088;-410092.334718367;345.648745669378;-4193.08640860896;-5960.21270693155;6798019.17327443;0.048415689175893;0.0233130453175448;0.959883832094071;-0.044035641353698;-3.0945988149092
47430;-7100995.31889521;-99730.4422717305;-588665.06056515;580.813732990442;-4191.86753330896;-5943.64785544374;6797961.62478671;0.0484272576369277;0.0225155990531492;0.959880474793589;-0.0440359971006174;-3.06308784646219
47460;-7080049.38562048;-225416.161187957;-766651.988017033;815.48236595001;-4186.48684814037;-5921.16159020114;6797883.92918849;0.0484432025351578;0.0217428268955688;0.959875930806952;-0.0440366494265222;-3.03159402547252
47490;-7052073.34886673;-350878.044079147;-943875.681725784;1049.4538334372;-4176.94552729626;-5892.76828881138;6797786.3012183;0.0484633998625709;0.021002588028849;0.95987021519614;-0.044037687165294;-3.00012219351727
47520;-7017091.13576461;-475991.319525409;-1120159.1893654;1282.52732436268;-4163.24714929266;-5858.4857783252;6797669.00880502;0.048487692312611;0.0203024671763002;0.959863346847862;-0.044039198138325;-2.96867692233336
47550;-6975132.69777049;-600631.359712903;-1295326.14542902;1514.50202837554;-4145.39771221951;-5818.33535706685;6797532.37305087;0.0485158904395216;0.0196497121829191;0.959855348441469;-0.0440412689308514;-2.9372624527302
47580;-6926234.01060892;-724673.753298904;-1469200.87576344;1745.17713859507;-4123.40565291618;-5772.34182196634;6797376.76822322;0.0485477740491747;0.019051174680303;0.959846246410754;-0.0440439846679943;-2.90588263660524
47610;-6870437.07409712;-847994.378910698;-1641608.50300534;1974.35185682383;-4097.28187004575;-5720.53350132676;6797202.62174967;0.0485830938106943;0.0185132543119915;0.959836070899415;-0.0440474287904264;-2.87454088254479
47640;-6807789.91176999;-970469.479394754;-1812375.05308096;2201.82540171193;-4067.03975103335;-5662.94229294694;6797010.41420927;0.0486215730768159;0.0180418469398233;0.959824855709964;-0.0440516828296062;-2.84324010543523
47670;-6738346.57021002;-1091975.73693148;-1981327.56292879;2427.39702034556;-4032.6952028244;-5599.60370750595;6796800.67931242;0.0486629098997183;0.0176422971901067;0.959812638245798;-0.0440568261825616;-2.81198268044781
47700;-6662167.11797219;-1212390.34912934;-2148294.18960128;2650.86600373718;-3994.26668640888;-5530.55691710152;6796574.00386022;0.0487067792281116;0.0173193556345713;0.95979945944614;-0.0440629358862402;-2.78077040169631
47730;-6579317.64397965;-1331591.10621045;-2313104.32089855;2872.03170669868;-3951.7752550472;-5455.84480881933;6796331.02767356;0.0487528352705814;0.0170771408364756;0.959785363713506;-0.04407008639149;-2.7496044458024
47760;-6489870.25525142;-1449456.46939747;-2475588.68768287;3090.69357258377;-3905.2445961226;-5375.51404319403;6796072.44348077;0.0488007140096341;0.0169191064292746;0.959770398833352;-0.0440783493367827;-2.71848534054021
47790;-6393903.07380855;-1565865.65060947;-2635579.47801848;3306.65116339013;-3854.7010765329;-5289.61511740572;6795798.99675187;0.048850035850508;0.0168480133350228;0.959754615885497;-0.0440877933218456;-2.68741293867147
47820;-6291500.23259076;-1680698.69357137;-2792910.45327613;3519.70419571689;-3800.17379152245;-5198.20243303747;6795511.48546632;0.0489004083886038;0.0168659071741836;0.959738069146936;-0.0440984836814295;-2.65638639702703
47850;-6182751.8702002;-1793836.55643854;-2947417.06633639;3729.65258307772;-3741.6946168416;-5101.3343682001;6795210.75980025;0.0489514292793357;0.0169741008686265;0.959720815985591;-0.0441104822595;-2.62540416084042
47880;-6067754.12427417;-1905161.19603461;-3098936.58201956;3936.29648507408;-3679.29826410699;-4999.07335380995;6794897.72171793;0.0490026891942504;0.0171731623964438;0.959702916744593;-0.0441238471842127;-2.59446395329597
47910;-5946609.12327347;-2014555.65379622;-3247308.19986325;4139.43636393777;-3613.02233922089;-4891.48595378315;6794573.32445167;0.049053774847417;0.0174629076217705;0.959684434616606;-0.0441386326441023;-2.56356277021832
47940;-5819424.9764574;-2121904.14351442;-3392373.17936137;4338.87304895532;-3542.90740369171;-4778.64294888667;6794238.57185307;0.0491042720762812;0.0178423980949521;0.959665435507779;-0.0441548886659974;-2.53269687980227
47970;-5686315.76180147;-2227092.14095692;-3533974.96776993;4534.40780929015;-3468.99703868054;-4660.61942396135;6793894.51759783;0.0491537689614019;0.0183099436990275;0.959645987890836;-0.0441726608952492;-2.50186182726225
48000;-5547401.51159796;-2330006.47545032;-3671959.33057627;4725.84243572042;-3391.33791158033;-4537.49485820574;6793542.26422568;0.0492018589696996;0.0188631100069066;0.959626162646876;-0.0441919903789544;-2.47105244426903
48030;-5402808.19546411;-2430535.42349502;-3806174.48471853;4912.97933181204;-3309.97984491464;-4409.35321818099;6793182.96199599;0.0492481441060066;0.0194987302099604;0.959606032895442;-0.044212913352938;-2.44026286303731
48060;-5252667.70046709;-2528568.80447899;-3936471.23463147;5095.62161504601;-3224.97588732225;-4276.28305316751;6792817.80753925;0.0492922380577981;0.0202129214820289;0.959585673812441;-0.0442354610333551;-2.40948653493093
48090;-5097117.80805943;-2623998.07854921;-4062703.11118333;5273.57322841793;-3136.38238637157;-4138.37759247197;6792448.04228411;0.0493337693179803;0.021001105652873;0.959565162435522;-0.0442596594138658;-2.37871625346217
48120;-4936302.16750283;-2716716.44669157;-4184726.51355569;5446.63906302409;-3044.25906292555;-3995.73484425001;6792074.9506391;0.0493723842704624;0.0218580340802987;0.959544577456575;-0.0442855290694358;-2.3479441815766
48150;-4770370.26544333;-2806618.95306108;-4302400.85410503;5614.62509214332;-2948.66908675278;-3848.45769537422;6791699.85790826;0.0494077502229659;0.0227778166301482;0.959523999001013;-0.0443130849679122;-2.31716188313444
48180;-4599477.39128524;-2893602.58959516;-4415588.70622959;5777.33851731586;-2849.67915305439;-3696.65401183998;6791324.12791974;0.0494395583710759;0.0237539546963854;0.959503508393611;-0.0443423362906207;-2.2863603585223
48210;-4423784.59799662;-2977566.40293191;-4524155.95524978;5934.58792691037;-2747.35955954841;-3540.43673916259;6790949.16034656;0.049467526676923;0.0247793782185363;0.959483187910681;-0.0443732862633345;-2.25553008435346
48240;-4243458.65796441;-3058411.60364457;-4627971.95229304;6086.18346765654;-2641.78428372471;-3379.92400217789;6790576.38769934;0.0494914026450969;0.025846486679392;0.959463120518489;-0.0444059319990546;-2.22466105724064
48270;-4058672.01350338;-3136041.6777909;-4726909.67115596;6231.93702960387;-2533.03105985256;-3215.2392036163;6790207.27197137;0.0495109659774273;0.0269471940904491;0.95944338959785;-0.0444402643541386;-2.19374284164867
48300;-3869602.72160934;-3210362.50076359;-4820845.86809683;6371.66244494649;-2421.18145529171;-3046.51112077534;6789843.30091747;0.0495260310871402;0.0280729779947198;0.959424078654989;-0.0444762677994043;-2.16276462185678
48330;-3676434.39253438;-3281282.45341354;-4909661.2444909;6505.17570112916;-2306.32094562431;-2873.87399957009;6789485.98394924;0.0495364494516213;0.029214932534402;0.959405271018804;-0.0445139203079161;-2.13171525807698
48360;-3479356.12174992;-3348712.54040297;-4993240.6122583;6632.2951686194;-2188.53898809101;-2697.46764519338;6789136.84763125;0.0495421117816226;0.0303638256429266;0.959387049524849;-0.04455319326124;-2.10058334678714
48390;-3278562.41485215;-3412566.51072934;-5071473.06195076;6752.84184369664;-2067.92909277914;-2517.43750856909;6788797.43076438;0.049542949983258;0.0315101604251329;0.959369496186415;-0.0445940513760184;-2.06935728534024
48420;-3074253.10495454;-3472760.98034386;-5144252.13335798;6866.63960656824;-1944.58889097449;-2333.93476773193;6788469.27904536;0.0495389388876027;0.0326442407842538;0.959352691853295;-0.044636452652774;-2.03802534090633
48450;-2866633.26210371;-3529215.55677033;-5211475.98846807;6973.51549507606;-1818.62020005117;-2147.11640321721;6788153.93929406;0.0495300977211856;0.0337562413376203;0.959336715858929;-0.0446803483488924;-2.00657572378575
48480;-2655913.09424749;-3581852.96561034;-5273047.58658757;7073.29999420428;-1690.12908423632;-1957.14526649273;6787852.95324375;0.0495164912892098;0.0348362816334532;0.959321645656803;-0.0447256829777624;-1.97499666510214
48510;-2442307.83927877;-3630599.17880097;-5328874.86139763;7165.82734153867;-1559.22591054835;-1764.19014041475;6787567.85089316;0.0494982308420387;0.0358745046364984;0.959307556447157;-0.0447723943360639;-1.9432764988385
48540;-2226037.64767514;-3675383.54446898;-5378870.89969072;7250.93584876015;-1426.02539916955;-1568.42579063914;6787300.14342352;0.0494754745944118;0.0368611593890694;0.959294520795232;-0.0448204135611829;-1.91140374811733
48570;-2007327.45525311;-3716138.91820298;-5422954.12150026;7328.46823917947;-1290.64666747593;-1370.03300686984;6787051.31568852;0.0494484278661315;0.0377866876752244;0.959282608242488;-0.0448696652207025;-1.87936721554654
48600;-1786406.84555645;-3752801.79554136;-5461048.46130064;7398.2720012357;-1153.21326691018;-1169.1986327788;6786822.81829073;0.0494173428126774;0.0386418144178998;0.95927188491242;-0.0449200674358648;-1.8471560773538
48630;-1563509.90140214;-3785312.4454483;-5493083.54991985;7460.19975778802;-1013.85321184793;-966.115583386188;6786616.05926337;0.0493825177144953;0.0394176414217098;0.959262413112807;-0.0449715320408155;-1.81475998091421
48660;-1338875.04511395;-3813615.04452481;-5518994.89676984;7514.10965092789;-872.698999572902;-760.982848646817;6786432.39538303;0.0493442957946881;0.0401057439372176;0.959254250936451;-0.0450239647793352;-1.78216914513836
48690;-1112744.86698356;-3837657.81167415;-5538724.0719614;7559.86574192644;-729.887620444859;-554.005481950477;6786273.12314558;0.0493030635366557;0.040698269367572;0.959247451862654;-0.0450772655406178;-1.74937446303184
48720;-885365.941512298;-3857393.14291342;-5552218.88783121;7597.33842581023;-585.560557314745;-345.394572209442;6786139.46944475;0.0492592484760026;0.0411880372663169;0.959242064361909;-0.0451313286354884;-1.71636760556449
48750;-656988.631004097;-3872777.74599422;-5559433.57936851;7626.40485992648;-439.863773215968;-135.367198178477;6786032.58200033;0.0492133164449075;0.0415686395896262;0.959238131506497;-0.0451860431142406;-1.683141125801
48780;-427866.876101184;-3883772.77446577;-5560328.98298754;7646.94940571698;-292.9476863392;75.8536363689207;6785953.51959112;0.0491657682522203;0.0418345399709533;0.959235690589855;-0.0452412931270368;-1.64968856204836
48810;-198257.972879881;-3890343.96078396;-5554872.71305082;7658.86408276778;-144.967131281768;288.039087997707;6785903.24215581;0.0491171357889379;0.041981170587089;0.9592347727578;-0.0452969583275325;-1.61600453857564
48840;31577.6638457455;-3892461.74803927;-5543039.33550635;7662.04903404056;3.91869444772522;500.954580895922;6785882.60083301;0.0490679775564592;0.0420050249890728;0.959235402654863;-0.0453529143200753;-1.58208486226522
48870;261376.751329304;-3890101.41984583;-5524810.53795983;7656.41300102021;153.546299692526;714.359937474569;6785892.3280207;0.0490188736241668;0.0419037450872791;0.959237598089128;-0.0454090331504749;-1.54792661336935
48900;490873.40408284;-3883243.22790337;-5500175.29546218;7641.8738073338;303.747985697391;928.009533652631;6785933.02754275;0.0489704200334049;0.0416762003187345;0.959241369719152;-0.0454651838399569;-1.51352822838396
48930;719799.413683074;-3871872.51671323;-5469130.03125128;7618.35884920851;454.351949950622;1141.65248016601;6786005.16501912;0.0489232226767309;0.0413225568955166;0.959246720766593;-0.0455212329614902;-1.47888957292141
48960;947884.543371376;-3855979.84489997;-5431678.77164802;7585.80559094193;605.182408801598;1355.03283119354;6786109.05854324;0.0488778906942525;0.0408443349497137;0.95925364675832;-0.0455770452572271;-1.44401200237985
48990;1174856.83756795;-3835561.10256085;-5387833.29426814;7544.16206335803;756.059739803453;1567.88982153178;6786244.86977759;0.0488350294427055;0.0402444513630619;0.959262135301758;-0.0456324842953101;-1.40889840817853
49020;1400442.94635687;-3810617.62403775;-5337613.26867624;7493.38736301875;906.800644685265;1779.95813347156;6786412.59558485;0.0487952331073389;0.0395272461109366;0.959272165897288;-0.045687413163794;-1.37355324736954
49050;1624368.46492861;-3781156.29547992;-5281046.3885745;7433.45214975503;1057.21833380016;1990.96819443215;6786612.06031702;0.0487590770412808;0.0386984900700011;0.95928370979143;-0.0457416951989004;-1.3379825535551
49080;1846358.28789048;-3747189.65654124;-5218168.49458921;7364.33913987572;1207.12273282408;2200.64650629205;6786842.90888952;0.0487271099313683;0.0377653724443331;0.959296729874485;-0.0457951947442778;-1.30219392724493
49110;2066136.97827329;-3708735.99553414;-5149023.68669165;7286.04359220962;1356.320712394;2408.71600721828;6787104.60076983;0.0486998459029103;0.0367364662613881;0.959311180626167;-0.0458477779373855;-1.26619650408404
49140;2283429.15097389;-3665819.4373427;-5073664.42526837;7198.57378393842;1504.6163412729;2614.89646663694;6787396.40501168;0.0486777566879208;0.0356216707758566;0.959327008112545;-0.0458993135185619;-1.23000089976776
49170;2497959.87027941;-3618470.02338195;-4992151.61983925;7101.9514729889;1651.81116351232;2818.90491380715;6787717.39646494;0.0486612639914097;0.0344321300932023;0.95934415003739;-0.0459496736577857;-1.19361913093438
49200;2709455.06101932;-3566723.78287786;-4904554.70441074;6996.21234357567;1797.70449994971;3020.45610025716;6788066.45328915;0.0486507321977495;0.0331801278742544;0.959362535850689;-0.045998734793602;-1.1570645118754
49230;2917641.93278648;-3510622.79473484;-4810951.6984474;6881.40643132344;1942.09377422895;3219.26299611582;6788442.25589346;0.0486464615633947;0.031878958592891;0.959382086916744;-0.0460463784781704;-1.12035152751384
49260;3122249.41655938;-3450215.23925435;-4711429.25244739;6757.59852425539;2084.77486336673;3415.03732012509;6788843.28741902;0.0486486820428404;0.0305427764699989;0.959402716743814;-0.0460924922219086;-1.08349568375291
49290;3323008.6129442;-3385555.43896997;-4606082.67711811;6624.86853581412;2225.5424727059;3607.49010284996;6789267.83586997;0.0486575478913087;0.0291864238731677;0.959424331276793;-0.046136970330771;-1.04651333696362
49320;3519653.25113895;-3316703.88787234;-4495015.95516679;6483.31184598972;2364.1905349006;3796.33228231378;6789713.99798719;0.0486731331800444;0.0278252416247256;0.959446829253866;-0.0461797147288144;-1.00942150503389
49350;3711920.1576034;-3243727.26831078;-4378341.73474876;6333.03960656816;2500.51263236697;3981.2753309791;6790179.68494412;0.0486954283482306;0.0264748642712824;0.959470102627474;-0.0462206357583833;-0.972237663012876
49380;3899549.73329799;-3166698.4548791;-4256181.3036533;6174.17900648743;2634.30244240952;4162.03191267095;6790662.62992664;0.0487243378995666;0.0251510039057583;0.959494037049281;-0.0462596529500025;-0.934979526923303
49410;4082286.43823503;-3085696.50461987;-4128664.54335386;6006.87349330261;2765.35420399829;4338.31656770237;6791160.39763905;0.0487596793318181;0.0238692265711825;0.95951851241816;-0.0462966957538999;-0.89766482975356
49440;4259879.28196617;-3000806.63291628;-3995929.86210726;5831.28294681729;2893.46320492808;4509.8464241151;6791670.39575603;0.0488011833646804;0.0226447255914661;0.95954340348945;-0.0463317042250169;-0.860311093959054
49470;4432082.31851304;-2912120.17448209;-3858124.10635387;5647.58380104165;3018.42628784027;4676.34193259453;6792189.88831566;0.0488484955057674;0.0214920963510155;0.959568580543023;-0.0463646296533929;-0.822935404980179
49500;4598655.14413525;-2819734.52890986;-3715402.44974986;5455.96911078896;3140.04237333352;4837.52762226267;6792716.01102258;0.0489011789672532;0.0204251170733062;0.959593910106917;-0.0463954351319503;-0.78555419031437
49530;4759363.39622203;-2723753.0902946;-3567928.25925135;5256.6485594257;3258.11299813466;4993.13287419994;6793245.78840186;0.0489587189175546;0.0194565400272034;0.95961925573251;-0.0464240960539631;-0.748183008560222
49560;4913979.25149285;-2624285.1605145;-3415872.93777027;5049.84840454616;3372.44286604948;5142.89270920141;6793776.15271552;0.0490205280243361;0.0185978973258314;0.959644478816436;-0.0464506005328572;-0.710836352589751
49590;5062281.92160034;-2521445.84582282;-3259415.74303139;4835.81135865227;3482.84040916756;5286.54858594191;6794303.96452328;0.0490859532179681;0.0178593250912027;0.959669439463733;-0.0464749497374841;-0.673527470615499
49620;5204058.14414617;-2415355.93648398;-3098743.5823797;4614.79640228258;3589.11835656188;5423.84920541147;6794826.03473944;0.0491542835792015;0.0172494092590118;0.959693997385929;-0.0464971581366154;-0.636268208422801
49650;5339102.66705021;-2306141.76927318;-2934050.78341553;4387.07852744983;3691.09430750406;5554.55131719602;6795339.14800815;0.0492247592319457;0.0167750557188615;0.959718012827165;-0.0465172536471292;-0.599068875460856
49680;5467218.72415596;-2193935.07275145;-2765538.84047198;4152.94840971306;3788.59130601685;5678.42052292184;6795840.08719067;0.0492965811022631;0.016441386853361;0.959741347510792;-0.0465352776811936;-0.561938136857117
49710;5588218.49991235;-2078872.79532563;-2593416.13709238;3912.71200772268;3881.43841340907;5795.23207196341;6796325.65873191;0.0493689213884399;0.0162516658853247;0.959763865598359;-0.0465512850886923;-0.524882932768013
49740;5701923.58094583;-1961096.91620638;-2417897.64481597;3666.69008963345;3969.47127528999;5904.77164433854;6796792.71864868;0.049440934574521;0.0162072497931252;0.959785434652456;-0.0465653439921686;-0.48790842583265
49770;5808165.39232687;-1840754.23948355;-2239204.5987338;3415.21768637299;4052.53267944314;6006.83611558624;6797238.19886116;0.0495117688111242;0.0163075709359935;0.959805926594484;-0.0465775355126769;-0.451017976880782
49800;5906785.61634418;-1717996.17164873;-2057564.15043454;3158.64347237774;4130.47310085846;6101.23429834781;6797659.13357143;0.0495805774826283;0.0165501469639131;0.959825218648211;-0.046587953386116;-0.414213148482062
49830;5997636.59162798;-1592978.48300618;-1873208.9991185;2897.32907505532;4203.15123017883;6187.78765535354;6798052.68537954;0.049646530778786;0.0169306180871028;0.9598431942598;-0.0465967034708467;-0.377493735426851
49860;6080581.69051121;-1465861.05352609;-1686377.00181678;2631.64831489456;4270.43448181503;6266.33097855925;6798416.17081889;0.0497088270911899;0.0174428103574761;0.959859743984999;-0.0466039031486671;-0.340857820809116
49890;6155495.67258527;-1336807.60380561;-1497310.76380873;2361.98637881205;4332.19947802545;6336.71302928163;6798747.08498981;0.0497667040604874;0.0180788232737714;0.959874766334279;-0.0466096806224975;-0.304301856044067
49920;6222265.01249452;-1205985.41191356;-1306257.21048278;2088.73892998842;4388.33250534243;6398.79713435;6799043.12497163;0.0498194491083869;0.0188291397626037;0.959888168566971;-0.0466141741153982;-0.267820762896465
49950;6280788.2001213;-1073565.01700079;-1113467.14203232;1812.31115809681;4438.7299398591;6452.46173352425;6799302.21170215;0.0498664092989792;0.0196827564044868;0.95989986742579;-0.0466175309767946;-0.231408055414943
49980;6330976.01143942;-939719.910660749;-919194.772516025;1533.11677445155;4483.29863806664;6497.60087372472;6799522.51002648;0.0499070003862806;0.0206273316582649;0.959909789803688;-0.0466199067029759;-0.195055979554526
50010;6372751.74845925;-804626.217120553;-723697.254940949;1251.5769571958;4521.95629015247;6534.12464597571;6799702.44663663;0.0499407149188495;0.021649349778648;0.959917873335543;-0.0466214638800635;-0.158755668213071
50040;6406051.4468492;-668462.363431934;-527234.194143142;968.119252192471;4554.63173293156;6561.95956137777;6799840.72564825;0.0499671292875065;0.022734298106831;0.959924066907999;-0.0466223710586811;-0.12249730939475
50070;6430824.04999584;-531408.740911728;-330067.149344562;683.176435774918;4581.2652198848;6581.04886288997;6799936.34159022;0.0499859096182957;0.0238668554305871;0.959928331081562;-0.0466228015704861;-0.0862703252319222
50100;6447031.54845628;-393647.359152428;-132459.128353874;397.185345942402;4601.80864611442;6591.35277021593;6799988.58961769;0.0499968164296748;0.0250310891450266;0.959930638420056;-0.0466229322975212;-0.0500635596332062
50130;6454649.08395952;-255361.493983571;65325.9245482578;110.585688944071;4616.22572639442;6592.84865563973;6799997.07279718;0.0499997079902512;0.0262106589868183;0.959930973723528;-0.046622942406006;-0.013865472368467
50160;6453665.01732613;-116735.33081357;263023.64494283;-176.181171523765;4624.49212488737;6585.53114924255;6799961.70635396;0.049994542331113;0.0273890251530271;0.959929334161802;-0.0466230120566903;0.0223356625591116
50190;6444080.95989573;22046.3951817532;460369.766690581;-462.673435083141;4626.59553551268;6569.41217253899;6799882.71881584;0.0499813778847755;0.0285496586431292;0.959925729307032;-0.0466233211042323;0.0585515563755512
50220;6425911.76827614;160798.760533572;657100.640280451;-748.45008786573;4622.53571237972;6544.52090019504;6799760.65003281;0.0499603727409101;0.0296762516739026;0.959920181064743;-0.0466240477982334;0.0947937049432778
50250;6399185.50245502;299337.015115987;852953.748953644;-1033.07212056778;4612.32445013469;6510.90365011767;6799596.34609766;0.0499317825272446;0.0307529260091469;0.95991272350405;-0.0466253674985534;0.131073190230674
50280;6363943.34754078;437476.942444109;1047668.22046661;-1316.10373386994;4595.98551450752;6468.62370283038;6799390.95123826;0.0498959569422947;0.0317644370198278;0.959903402588904;-0.0466274514173519;0.16740048598819
50310;6320239.49962255;575035.217149994;1240985.3323929;-1597.11352387358;4573.55452377676;6417.7610516594;6799145.8967959;0.0498533349847643;0.0326963712483348;0.959892275813369;-0.0466304653999466;0.203785269817612
50340;6268141.01645608;711829.758180005;1432649.00891844;-1875.67564044034;4545.07878229036;6358.41208584351;6798862.88744567;0.0498044389425042;0.033535335198826;0.959879411744981;-0.0466345687560625;0.240236243873583
50370;6207727.63389132;847680.076297401;1622406.30715675;-2151.37091163604;4510.61706758254;6290.68920923727;6798543.8848534;0.0497498672216714;0.0342691330225715;0.959864889481344;-0.046639913152374;0.276760966490616
50400;6139091.54915583;982407.614525913;1810007.89109824;-2423.7879278691;4470.23937300524;6214.72039779544;6798191.08899788;0.049690286114046;0.0348869307230313;0.959848798025969;-0.046646641576424;0.313365697074399
50430;6062337.17229367;1115836.08023292;1995208.49141114;-2692.52407976961;4424.02660814248;6130.64869949861;6797806.91741707;0.0496264206171221;0.035379404482565;0.959831235590307;-0.0466548873810598;0.350055256620641
50460;5977580.84723044;1247791.76762372;2177767.34942718;-2957.1865443692;4372.07025959191;6038.6316808;6797393.98266164;0.0495590444373338;0.0357388707240884;0.959812308829587;-0.046664773417476;0.386832906215189
50490;5884950.54409011;1378103.86950032;2357448.64377376;-3217.39321470682;4314.4720149772;5938.84082403683;6796955.06825858;0.0494889693213085;0.0359593955805928;0.959792132020752;-0.0466764112638008;0.423700245811647
50520;5784585.52452652;1506604.7772274;2534021.89825183;-3472.7735685891;4251.3433532936;5831.46088055252;6796493.10350074;0.0494170338729773;0.0360368815654997;0.959770826191248;-0.0466899005549529;0.460657135464962
50550;5676635.98195092;1633130.36794489;2707262.36970524;-3722.96947286862;4182.80510488533;5716.68918451576;6796011.13738633;0.0493440920253688;0.0359691294294587;0.959748518207812;-0.0467053284182255;0.497701641009322
50580;5561262.6586366;1757520.27816717;2876951.41477946;-3967.63592025674;4108.98698450655;5594.73493259855;6795512.31203389;0.0492710013444916;0.0357558734620432;0.959725339834622;-0.0467227690177603;0.534830005898437
50610;5438636.44176089;1879618.16301478;3042876.83462432;-4206.44169635105;4030.02710102569;5465.81843478636;6794999.83589482;0.049198611348501;0.0353987888553797;0.959701426770282;-0.0467422832097734;0.572036650570476
50640;5308937.94050471;1999271.94043228;3204833.19675463;-4439.06997521979;3946.07144739806;5330.17034164266;6794476.95707643;0.0491277520279098;0.0349014701908774;0.959676917673084;-0.0467639183091099;0.609314200258602
50670;5172357.04636953;2116334.01985476;3362622.13344191;-4665.21884253851;3857.27337455319;5188.03085333745;6793946.93707485;0.0490592227515956;0.0342693806345313;0.959651953183843;-0.0467877079664479;0.646653541646631
50700;5029092.47889242;2230661.51489518;3516052.6161691;-4884.60174590799;3763.79305282457;5039.64891567959;6793413.02519891;0.0489937817384925;0.0335097720197413;0.959626674955307;-0.0468136721542775;0.684043908178783
50730;4879351.31894158;2342116.43973247;3664941.20583548;-5096.94787258999;3665.79692449179;4885.28140826926;6792878.43394416;0.0489321362659673;0.032631576642262;0.959601224696787;-0.0468418172586464;0.72147299318972
50760;4723348.53175912;2450565.88898611;3809112.27854995;-5302.0024554709;3563.45715091172;4725.1923297145;6792346.31555137;0.0488749337729149;0.0316452722671256;0.959575743242175;-0.0468721362726213;0.758927089348725
50790;4561306.48188528;2555882.20096564;3948398.22699621;-5499.527008598;3456.95105759051;4559.65198463963;6791819.73995621;0.0488227539986932;0.0305627225257629;0.959550369648914;-0.0469046090864606;0.796391252236307
50820;4393454.44205068;2657943.1042816;4082639.63749136;-5689.29949412234;3346.4605803939;4388.9361769593;6791301.6743078;0.0487761022784468;0.0293969955330133;0.9595252403349;-0.0469392028686584;0.833849485222819
50850;4220028.09806125;2756631.84789778;4211685.44298938;-5871.1144229242;3232.17171591538;4213.32541360625;6790794.9642034;0.048735404091593;0.0281621641478668;0.959500488259565;-0.0469758725312839;0.871284942227123
50880;4041269.05162618;2851837.31479253;4335393.05240213;-6044.78289158776;3114.27397882267;4033.10412258813;6790302.31675559;0.048701000933893;0.0268730918081439;0.959476242154635;-0.0470145612724388;0.908680144429552
50910;3857424.32299431;2943454.11947786;4453628.45672176;-6210.13255872953;2992.95986878818;3848.55988891751;6789826.2855782;0.0486731475553933;0.0255452082622503;0.959452625809328;-0.047055201188165;0.946017206622824
50940;3668745.85516953;3031382.68970027;4566266.31252943;-6367.00756397072;2868.42434938145;3659.98271161227;6789369.25774669;0.0486520105774471;0.0241942797781031;0.959429757413907;-0.047097713945774;0.983278068629849
50970;3475490.0213735;3115529.33271496;4673190.00356619;-6515.26839307547;2740.86434106597;3467.6642846094;6788933.44276055;0.0486376684729908;0.022836178517134;0.959407748964746;-0.0471420115103255;1.02044472711164
51000;3277917.13731574;3195806.28658539;4774291.6811214;-6654.79169295795;2610.47823020219;3271.89730407714;6788520.8635081;0.0486301128661952;0.0214866557123126;0.959386705733245;-0.0471879969158568;1.05749946313936
51030;3076290.97971759;3272131.7570143;4869472.28406357;-6785.47004039216;2477.46539571693;3072.97480425379;6788133.34920872;0.048629251081454;0.0201611230868202;0.959366725800179;-0.0472355650729529;1.09442506110858
51060;2870878.31242045;3344429.94025766;4958641.53939694;-6907.2116683418;2342.02575485984;2871.18952359174;6787772.53028543;0.0486349098482741;0.0188744466046638;0.959347899656307;-0.047284603604334;1.13120501492064
51090;2661948.42129042;3412631.03271288;5041717.94427532;-7019.94015386737;2204.3593292325;2666.83330264414;6787439.83509978;0.0486468400486474;0.0176407561746716;0.959330309869358;-0.0473349937003237;1.16782371782724
51120;2449772.65901254;3476671.22780417;5118628.73044295;-7123.59407156621;2064.66583204827;2460.19651480482;6787136.48846377;0.0486647223774699;0.0164732743593095;0.959314030816849;-0.0473866109863356;1.20426663290543
51150;2234624.0007498;3536492.70081364;5189309.81210073;-7218.12661646286;1923.14427736283;2251.56753070063;6786863.51182848;0.0486881737748625;0.0153841664996564;0.959299128483588;-0.0474393263948602;1.24052044177133
51180;2016776.6115255;3592043.58232587;5253705.7182157;-7303.50520019585;1779.99261180823;2041.23221674233;6786621.72503675;0.0487167544819511;0.0143844139868853;0.959285660322146;-0.0474930070348506;1.27657316982249
51210;1796505.42607361;3643277.92096644;5311769.51030261;-7379.71102424648;1635.40736916906;1829.47346806739;6786411.74951763;0.0487499755687383;0.0134837117217877;0.959273675174086;-0.047547517051873;1.3124142869884
51240;1574085.74179117;3690155.6361226;5363462.68670979;-7446.73863382912;1489.58334795818;1616.57077585615;6786234.01279351;0.0487873067838979;0.0126903901348583;0.959263213249321;-0.0476027184728987;1.34803478363783
51270;1349792.8253205;3732642.46133628;5408755.0744372;-7504.59545591643;1342.71331198343;1402.7998287737;6786088.75416589;0.0488281845812436;0.0120113615167436;0.959254306160569;-0.047658472030161;1.3834272219149
51300;1123901.53318701;3770709.87905716;5447624.70950427;-7553.30132470796;1194.98771374492;1188.43214808218;6785976.03144355;0.048872020185767;0.0114520898525202;0.959246977009606;-0.0477146379590675;1.41858576333189
51330;896685.946821932;3804335.04743652;5480057.70686827;-7592.88799767347;1046.59444036596;973.734755784544;6785895.72857684;0.0489182075729109;0.0110165828786047;0.959241240521733;-0.0477710767657392;1.45350617392167
51360;668419.022208139;3833500.71983198;5506048.12087273;-7623.39866511356;897.718581639246;758.96987499771;6785847.56406285;0.0489661312475159;0.0107074046976728;0.959237103224705;-0.0478276499603329;1.48818580863572
51390;439372.254301763;3858195.15767888;5525597.79717884;-7644.88745598538;748.542219662933;544.394661613266;6785831.09999001;0.0490151737230243;0.0105257069982392;0.959234563668249;-0.0478842207528851;1.52262357696199
51420;209815.356302966;3878412.03736697;5538716.21710278;-7657.41894254133;599.244239448599;330.260966183516;6785845.75159503;0.0490647226164287;0.0104712767303395;0.959233612680198;-0.0479406547089831;1.5568198919319
51450;-19984.0462242212;3894150.35174133;5545420.33524873;-7661.06764612759;450.000159804425;116.815124871163;6785890.79721086;0.0491141772895768;0.0105425979819676;0.959234233655264;-0.047996820363123;1.5907766047918
51480;-249760.706450502;3905414.3068244;5545734.41129077;-7655.91754628878;300.981983730882;-95.7022217804412;6785965.38849145;0.0491629549822939;0.0107369257733551;0.959236402872473;-0.0480525897881403;1.62449692764108
51510;-479252.032727238;3912213.21433243;5539689.83671892;-7642.06159512686;152.358067512699;-307.056283563217;6786068.56080649;0.0492104963969678;0.0110503695275998;0.959240089837366;-0.0481078391195987;1.65798534629735
51540;-708198.350564127;3914561.38053453;5527324.95732463;-7619.60123866897;4.29300764867671;-517.018250160811;6786199.24370745;0.0492562707074407;0.011477984073909;0.959245257645145;-0.0481624490344903;1.69124752555009
51570;-936343.150372864;3912477.99197597;5508684.89215956;-7588.64594681077;-143.052455270782;-725.365396932783;6786356.27137484;0.0492997799770395;0.0120138661814816;0.959251863361092;-0.0482163051840337;1.72429020882199
51600;-1163433.32125528;3905986.99856069;5483821.34965985;-7549.31275322111;-289.521516650589;-931.881168333202;6786538.39296547;0.0493405629812079;0.0126512547958022;0.959259858414716;-0.0482692985807527;1.7571211140823
51630;-1389219.37115339;3895116.99446022;5452792.44158573;-7501.72580642058;-434.961372867861;-1136.35524037772;6786744.28278711;0.0493781984393919;0.0133826333430025;0.959269189004298;-0.0483213259403734;1.78974882766185
51660;-1613455.63371274;3879901.0972882;5415662.49538365;-7446.01593308214;-579.2232720698;-1338.58356357003;6786972.55023678;0.0494123076685798;0.0141998326720713;0.95927979650865;-0.0483722899794002;1.82218269741436
51690;-1835900.46223942;3860376.82595217;5372501.86553627;-7382.32021444655;-722.162551722172;-1538.3683876858;6787221.74944777;0.0494425566772272;0.0150941334107239;0.959291617903167;-0.0484220996695077;1.85443272646154
51720;-2056316.41115579;3836585.97756595;5323386.74442379;-7310.78157659944;-863.638663830446;-1735.51826979171;6787490.38859812;0.0494686577232915;0.0160563667107967;0.959304586177421;-0.0484706704501307;1.88650946855858
51750;-2274470.40538019;3808574.503779;5268398.97317932;-7231.54839522057;-1003.51518874277;-1929.84806684888;6787776.93884214;0.0494903703638703;0.0170770125481322;0.95931863075179;-0.0485179244008362;1.91842392592657
51780;-2490133.89807252;3776392.38685183;5207625.85298081;-7144.77411528914;-1141.65983842659;-2121.17891421694;6788079.8428332;0.0495075020265916;0.0181462949160181;0.959333677890858;-0.0485637903752325;1.95018745022331
51810;-2703083.01719993;3740093.51577994;5141159.95718345;-7050.61688611204;-1277.94445008938;-2309.33819133561;6788397.52281375;0.0495199081345967;0.0192542734069835;0.959349651111507;-0.0486082040983044;1.98181164716722
51840;-2913098.70138659;3699735.56274359;5069098.94465833;-6949.23921193433;-1412.24497098957;-2494.15947581876;6788728.38825467;0.0495274918178101;0.0203909308142973;0.959366471583894;-0.0486511082291683;2.01330828519173
51870;-3119966.82551771;3655379.86013488;4991545.37466727;-6840.80761829282;-1544.44143525646;-2675.48248714959;6789070.84303226;0.0495302032433577;0.0215462565005074;0.959384058523681;-0.0486924523913118;2.04468920839057
51900;-3323478.31657123;3607091.27839038;4908606.52356842;-6725.49233418403;-1674.41793350902;-2853.15302111784;6789423.29213666;0.0495280385975937;0.0227103253765537;0.959402329574129;-0.0487321931724318;2.07596625391732
51930;-3523429.26015177;3554938.10483359;4820394.20361392;-6603.46699003698;-1802.06257603252;-3027.02287608992;6789784.1479103;0.0495210387513617;0.0238733724116778;0.959421201176855;-0.0487702940960037;2.10715117392495
51960;-3719620.99819988;3498991.9237096;4727024.58406891;-6474.90833140786;-1927.26745024005;-3196.94977215189;6790151.83581961;0.0495092876389602;0.0250258626527106;0.95944058893025;-0.0488067255667153;2.1382555620721
51990;-3911860.21834618;3439327.49757298;4628618.01485068;-6339.99594824899;-2049.92857311356;-3362.79726411399;6790524.79976688;0.0494929103798891;0.0261585567736535;0.959460407934726;-0.0488414647918761;2.16929078457964
52020;-4099959.03537473;3376022.65016933;4525298.85285808;-6198.91201954558;-2169.94583928578;-3524.43464931354;6790901.50695258;0.0494720711709418;0.0272625722031428;0.959480573124155;-0.0488744956808753;2.20026791579354
52050;-4283735.06525273;3309158.15093197;4417195.29113364;-6051.84107306326;-2287.22296539137;-3681.73687110215;6791280.45230156;0.0494469709746221;0.0283294398916422;0.959500999582998;-0.0489058087247076;2.23119767819532
52080;-4463011.49217574;3238817.60119649;4304439.19097536;-5898.96975990353;-2401.66743128275;-3834.58441885215;6791660.16246866;0.0494178450282955;0.0293511567830036;0.959521602848768;-0.0489354008575182;2.26209038679768
52110;-4637617.12906733;3165087.32221884;4187165.91709062;-5740.48664352558;-2513.19041867318;-3982.86322526802;6792039.19944141;0.0493849601969567;0.0303202340488904;0.959542299199635;-0.0489632753020425;2.29295589786869
52140;-4807386.47196176;3088056.24506602;4065514.17586191;-5576.58200285848;-2621.70674773809;-4126.46456173967;6792416.16375927;0.0493486121910907;0.0312297411307742;0.959563005927056;-0.0489894414007274;2.32380356194075
52170;-4972159.74868641;3007815.80243306;3939625.85677263;-5407.44764909925;-2727.13481217392;-4265.28493242774;6792789.69736977;0.0493091226698025;0.0320733456154255;0.959583641593447;-0.0490139144342285;2.35464218107919
52200;-5131782.962248;2924459.82242548;3809645.87702127;-5233.27675576724;-2829.39651318356;-4399.22596772539;6793158.4861431;0.049266836248267;0.0328453489469867;0.959604126275024;-0.0490367154288786;2.38547997040731
52230;-5286107.92931374;2838084.42433281;3675722.0293335;-5054.26370156508;-2928.41719282801;-4528.19431769709;6793521.2620672;0.0492221174275801;0.0335407179541572;0.959624381789979;-0.0490578709546206;2.41632452390913
52260;-5434992.31416464;2748787.91640578;3538004.83296443;-4870.60392557961;-3024.12556715527;-4652.10154605322;6793876.80514568;0.049175347464302;0.0341551121459486;0.959644331912275;-0.0490774129147923;2.44718278455524
52290;-5578299.65848384;2656670.69563827;3396647.38786701;-4682.49379434254;-3116.45365949039;-4770.86402517851;6794223.94502116;0.0491269211963711;0.0346849067056755;0.959663902571379;-0.0490953783290429;2.47806101882124
52320;-5715899.40732865;2561835.14954359;3251805.23198785;-4490.13048026002;-3205.33673424419;-4884.40283269436;6794561.56234622;0.0490772438416128;0.0351272110915954;0.95968302203831;-0.0491118091105604;2.50896479568825
52350;-5847666.93161972;2464385.5599045;3103636.20163743;-4293.71185091242;-3290.71323157338;-4992.64364999818;6794888.58992422;0.0490267277847788;0.0354798831351572;0.95970162109843;-0.049126751838677;2.53989897023306
52380;-5973483.54746596;2364428.00846683;2952300.2948694;-4093.43636871986;-3372.52470320081;-5095.51666318845;6795204.01364144;0.0489757893688955;0.0357415385154936;0.959719633211414;-0.0491402575278212;2.57086767192657
52410;-6093236.53262857;2262070.28453741;2797959.53779164;-3889.50300046512;-3450.71574968193;-5192.95646675125;6795506.87321152;0.048924845706658;0.0359115554825032;0.959736994658891;-0.049152381393685;2.60187429776588
52440;-6206819.14041229;2157421.79443908;2640777.85372087;-3682.11113616398;-3525.23395938233;-5284.90197035286;6795796.26275254;0.0488743115276589;0.0359900747012366;0.959753644680247;-0.0491631826173724;2.63292151036439
52470;-6314130.61125648;2050593.47276751;2480920.93508297;-3471.46051677216;-3596.02984941057;-5371.29630905398;6796071.33121611;0.0488245960773427;0.0359779940986328;0.959769525597077;-0.0491727241082083;2.66401124111585
52500;-6415076.18228369;1941697.69538799;2318556.11795191;-3257.7511702189;-3663.0568087315;-5452.08675723337;6796331.282687;0.0487761000837215;0.0358769586093704;0.959784582926812;-0.0491810722657929;2.69514469853224
52530;-6509567.09504769;1830848.19410338;2153852.25911202;-3041.18335525909;-3726.2710436672;-5527.22464648283;6796575.37657103;0.0487292128080113;0.0356893447419402;0.959798765486012;-0.0491882967418035;2.72632238183106
52560;-6597520.60170812;1718159.97291894;1986979.61552083;-2821.95751263809;-3785.63152597557;-5596.66528771113;6796802.92768745;0.0486843091954463;0.0354182399180835;0.959812025483818;-0.0491944702019649;2.75754409981517
52590;-6678859.9698434;1603749.22582382;1818109.72604294;-2600.27422306702;-3841.09994368044;-5660.36789767154;6797013.30628177;0.0486417471425497;0.0350674165787023;0.95982431860605;-0.0491996680885354;2.7888089950483
52620;-6753514.48609882;1487733.2560045;1647415.29531935;-2376.33417150966;-3892.64065481227;-5718.29553010629;6797205.93797305;0.048601864897053;0.0346413010962286;0.959835604090402;-0.0492039683835846;2.82011557328239
52650;-6821419.45885182;1370230.39640044;1475070.07963086;-2150.33811728627;-3940.22064420399;-5770.41501168103;6797380.30364925;0.0485649786064467;0.0341449375865672;0.959845844793197;-0.0492074513732731;2.85146173803963
52680;-6882516.22006137;1251359.93150837;1301248.7746098;-1922.48686950378;-3983.80948347352;-5816.69688286356;6797535.93932272;0.0485313800307702;0.0335839467718545;0.959855007248093;-0.0492101994132886;2.88284483019379
52710;-6936752.12645417;1131242.02033781;1126126.90464939;-1692.98126732615;-4023.37929431168;-5857.11534388334;6797672.43595704;0.0485013344346994;0.0329644801068735;0.95986306171715;-0.0492122966955332;2.91426167233379
52740;-6984080.56018547;1009997.62041711;949880.713856637;-1462.02216460281;-4058.90471518251;-5891.64820589147;6797789.43927503;0.048475078673247;0.0322931694456693;0.959869982234604;-0.0492138290161128;2.94570861762882
52770;-7024460.92909815;887748.412745919;772687.058391092;-1229.81041837716;-4090.36287153205;-5920.27684742531;6797886.64955702;0.0484528194844437;0.0315770725887365;0.95987574664368;-0.0492148835446322;2.97718160285001
52800;-7057858.66668937;764616.727587805;594723.300028982;-996.546880801279;-4117.73334959067;-5942.98617626681;6797963.82143694;0.0484347320012213;0.0308236151133024;0.959880336626737;-0.0492155485947633;3.00867620514206
52830;-7084245.2318798;640725.470993922;416167.200789711;-762.43239398585;-4140.9981738445;-5959.76459676961;6798020.76370294;0.0484209584933714;0.0300405289478886;0.959883737728993;-0.04921591339602;3.04018770207885
52860;-7103598.10866655;516198.051946641;237196.818459738;-527.667787318258;-4160.14178824169;-5970.60398271643;6798057.33910824;0.0484116073489165;0.029235788205609;0.959885939376061;-0.0492160678666436;3.07171113448442
52890;-7115900.8057269;391158.310010266;57990.402847161;-292.453876783921;-4175.15104119028;-5975.49965575547;6798073.46419647;0.0484067523025358;0.0284175428367783;0.959886934885462;-0.0492161023874827;3.10324137145388
52920;-7121142.85602586;265730.443374332;-121273.707400951;-56.9914658284852;-4186.01517439551;-5974.45036945188;6798069.10914499;0.0484064319168411;0.0275940506990075;0.959886721472263;-0.0492161075767321;3.13477317697183
52950;-7119319.81646703;140038.937173677;-300417.18758731;178.518652699868;-4192.72581557625;-5967.45829897864;6798044.29762863;0.0484106493203509;0.0267736086705907;0.959885300248948;-0.0492161740653801;-3.11688402968191
52980;-7110433.26761207;14208.4919684474;-479261.829528646;413.87569398757;-4195.27697509165;-5954.52903645899;6797999.1067049;0.048419372203985;0.0259644834498642;0.959882676219565;-0.0492163922732107;-3.08536487730884
53010;-7094490.8134808;-111636.04773366;-657629.644065016;648.878878531232;-4193.665046501;-5935.67159196113;6797933.666721;0.0484325330758402;0.0251748426886679;0.959878858268185;-0.0492168521851987;-3.05385981829718
53040;-7071506.08142951;-237369.765031142;-835342.963683614;883.327429710559;-4187.88881107208;-5910.89840013434;6797848.16124184;0.0484500297719426;0.0244126871018933;0.959873859141655;-0.0492176431281425;-3.02237383331094
53070;-7041498.72209206;-362867.742377005;-1012224.54542602;1117.02057211813;-4177.94944624478;-5880.2253324639;6797742.82699695;0.0484717262186653;0.0236857841775768;0.959867695426563;-0.0492188535473811;-2.99091167348549
53100;-7004494.40935391;-488005.133640326;-1188097.67424695;1349.75753110669;-4163.8505380489;-5843.67171511066;6797617.95384365;0.0484974534405616;0.0230016040836419;0.959860387520353;-0.0492205707834595;-2.95947779765288
53130;-6960524.8403156;-612657.236599541;-1362786.26699145;1581.33753401636;-4145.59809746691;-5801.26035228893;6797473.8847421;0.048527010805542;0.0223672583292007;0.959851959596415;-0.0492228808486166;-2.92807631233874
53160;-6909627.73518862;-736699.565985586;-1536114.97715572;1811.55981354638;-4123.20058072365;-5753.01755512416;6797311.01573756;0.0485601674976567;0.021789441691513;0.959842439563008;-0.049225868202997;-2.89671091504661
53190;-6851846.8370519;-860007.927192313;-1707909.30059502;2040.22361373883;-4096.66891347673;-5698.97317591919;6797129.79594348;0.0485966642062447;0.0212743778658392;0.959831859015774;-0.0492296155305107;-2.86538484129134
53220;-6787231.91138385;-982458.490770694;-1877995.68233968;2267.12819904509;-4066.01651887169;-5639.16064774441;6796930.72751836;0.0486362150189027;0.0208277692361631;0.959820253183624;-0.0492342035142972;-2.83410081578389
53250;-6715838.74527025;-1103927.8678221;-2046201.62467739;2492.07286694942;-4031.25934941728;-5573.61702925351;6796714.36562828;0.048678509504621;0.0204547511020231;0.959807660867697;-0.0492397106117866;-2.80286100810743
53280;-6637729.14617402;-1224293.18640445;-2212355.79665703;2714.85696462818;-3992.41592262548;-5502.38305461167;6796481.31838564;0.0487232149725427;0.0201598506322601;0.959794124373091;-0.049246212829392;-2.77166699315958
53310;-6552970.94013875;-1343432.16906329;-2376288.14516543;2935.27991012751;-3949.50736035096;-5425.50318840763;6796232.246754;0.0487699788911115;0.0199469507523364;0.959779689433013;-0.0492537834969113;-2.74051971657208
53340;-6461637.96928288;-1461223.21159748;-2537830.00772437;3153.14121854716;-3902.55743175317;-5343.02568540488;6795967.86440752;0.0488184314518771;0.0198192591095881;0.959764405124999;-0.0492624930417711;-2.70941946525614
53370;-6363810.08842735;-1577545.46316714;-2696814.22715083;3368.24053372246;-3851.59259979258;-5255.00265496954;6795688.93753277;0.0488681882619298;0.0197792822022485;0.959748323778797;-0.0492724087632973;-2.67836584316368
53400;-6259573.16068389;-1692278.90784813;-2853075.26821792;3580.37766590169;-3796.64207115986;-5161.49012999422;6795396.28455938;0.0489188531487772;0.0198288047043055;0.959731500875501;-0.0492835946072605;-2.64735775230049
53430;-6149019.05181692;-1805304.44773452;-3006449.33644848;3789.35263592052;-3737.73784952341;-5062.54814011734;6795090.77580517;0.0489700210614734;0.0199688739708631;0.959713994937518;-0.0492961109410095;-2.61639337897983
53460;-6032245.62317641;-1916503.98768673;-3156774.49916695;3994.9657263796;-3674.91479196616;-4958.24078901621;6794773.33302049;0.0490212810519044;0.0201997896681737;0.95969586740892;-0.0493100143295738;-2.58547018526452
53490;-5909356.72298399;-2025760.52181872;-3303890.80892818;4197.01754033598;-3608.21066846733;-4848.63633553026;6794444.92881529;0.0490722193203057;0.020521098439829;0.95967718252573;-0.049325357313195;-2.5545849055126
53520;-5780462.17573916;-2132958.22181339;-3447640.42943396;4395.30906802191;-3537.66622426822;-4733.80727834616;6794106.58595188;0.0491224223093092;0.0209315934958288;0.959658007175688;-0.0493421881868221;-2.52373354791691
53550;-5645677.76949713;-2237982.52714998;-3587867.76404002;4589.64176210837;-3463.32524494393;-4613.83044395199;6793759.37648533;0.0491714798310305;0.0214293189947252;0.959638410747057;-0.0493605507821914;-2.49291140091181
53580;-5505125.24075402;-2340720.23732182;-3724419.58694663;4779.81762203179;-3385.23462398373;-4488.78707753984;6793404.42073267;0.0492189882119226;0.0220115790804232;0.959618464966005;-0.0493804842531971;-2.46211304431215
53610;-5358932.25665988;-2441059.60611635;-3857145.17715624;4965.63928790429;-3303.44443266334;-4358.76293650794;6793042.88605157;0.0492645534402552;0.0226749514341208;0.959598243722168;-0.0494020228653497;-2.43133236504745
53640;-5207232.39426412;-2538890.4380228;-3985896.45527041;5146.91014452653;-3218.00799197085;-4223.84838618275;6792675.98540838;0.0493077943011479;0.0234153052077306;0.959577822881952;-0.0494251957902127;-2.40056257736061
53670;-5050165.11648255;-2634104.18682523;-4110528.12318668;5323.43443602095;-3128.98194632565;-4084.13849734906;6792304.97571519;0.0493483454840325;0.024227823217183;0.959557280089233;-0.0494500269058024;-2.36979624735174
53700;-4887875.74445968;-2726594.05643044;-4230897.80674284;5495.01739159895;-3036.42633880572;-3939.73314514233;6791931.15591514;0.0493858606472381;0.0251070282910163;0.959536694553096;-0.0494765346040347;-2.33902532176461
53730;-4720515.42598468;-2816255.10397157;-4346866.2013425;5661.46536296985;-2940.40468757351;-3790.73710882112;6791555.86479511;0.0494200154240516;0.0260468136909418;0.959516146822331;-0.0495047316063988;-2.30824116093431
53760;-4548241.09960411;-2902984.34521823;-4458297.22058052;5822.58597389079;-2840.98406316366;-3637.26017189992;6791180.47850505;0.0494505103541182;0.0270404775450084;0.959495718546455;-0.049534624789137;-2.27743457583798
53790;-4371215.45406;-2986680.86231365;-4565058.14787099;5978.18828234582;-2738.23516626797;-3479.41722208301;6790806.40776335;0.0494770737233578;0.0280807612594313;0.95947549222309;-0.0495662150193082;-2.24659586921569
53820;-4189606.88266714;-3067245.913848;-4667019.79106265;6128.0829558278;-2632.23240562329;-3317.32835039821;6790435.09472842;0.0494994642947361;0.0291598919005922;0.959455550931614;-0.0495994970032046;-2.21571488075374
53850;-4003589.43222968;-3144583.04726458;-4764056.64000842;6272.0824601789;-2523.05397557709;-3151.11894888654;6790068.00951708;0.0495174739112038;0.0302696285626718;0.959435978053067;-0.0496344591486852;-2.18478103634578
53880;-3813342.7460836;-3218598.21358249;-4856047.02703537;6410.00126242366;-2410.78193287329;-2980.91980615859;6789706.64635188;0.0495309299509407;0.0314013127572686;0.959416856976436;-0.0496710834430771;-2.15378340146783
53910;-3619052.00083928;-3289199.88440502;-4942873.29024026;6541.65604800224;-2295.50227216725;-2806.86720008228;6789352.51932056;0.0495396976137199;0.0325459228772731;0.959398270791495;-0.0497093453483738;-2.12271073871864
53940;-3420907.83638622;-3356299.17116801;-5024421.93951295;6666.86595278044;-2177.30499974398;-2629.10298681857;6789007.15773278;0.0495436820157823;0.0336941327969858;0.959380301968564;-0.049749213715534;-2.09155156958586
53970;-3219106.27871158;-3419809.94656571;-5100583.82516571;6785.45281017691;-2056.28420487804;-2447.77468537305;6788672.10106146;0.049542830069099;0.0348363746714909;0.959363032025615;-0.0497906507197486;-2.06029424049896
54000;-3013848.65507431;-3479648.96807471;-5171254.30902096;6897.24141370551;-1932.53812823655;-2263.03555678129;6788348.89345856;0.0495371321193694;0.0359629059894672;0.959346541183369;-0.0498336118185907;-2.02892699322053
54030;-2805341.5010686;-3535736.00347767;-5236333.43778237;7002.05979518274;-1806.16922668926;-2075.04467699533;6788039.07783827;0.0495266233155968;0.0370638809127476;0.95933090800912;-0.049878045735007;-1.99743803960577
54060;-2593796.45910366;-3587993.95826907;-5295726.11848593;7099.73951879499;-1677.28423385169;-1883.96700248789;6787744.18952392;0.0495113846826751;0.0381294259012497;0.959316209050247;-0.0499238944671233;-1.96581564072485
54090;-2379430.16782181;-3636349.00480444;-5349342.29579698;7190.11599115782;-1545.99421564877;-1689.97342754052;6787465.74945905;0.0494915438671908;0.0391497195718132;0.959302518458504;-0.049971093326848;-1.93404819029166
54120;-2162464.14197403;-3680730.71303243;-5397097.13088772;7273.02878742989;-1412.41462014825;-1493.24083213128;6787205.25698746;0.049467275525686;0.0401150766725574;0.959289907606402;-0.050019571009235;-1.90212430227522
54150;-1943124.64227142;-3721072.18262607;-5438911.18159616;7348.32199346538;-1276.66532087519;-1293.95211928944;6786964.18221202;0.0494388013240408;0.0410160359689671;0.959278444697174;-0.0500692496945315;-1.87003290248333
54180;-1721642.53473259;-3757310.17630555;-5474710.58353313;7415.84456390225;-1138.8706527817;-1092.29624073696;6786743.95794761;0.0494063895165347;0.0418434517336915;0.95926819437002;-0.0501200451847704;-1.8377633238032
54210;-1498253.13905183;-3789385.25411903;-5504427.2317675;7475.45069598764;-999.159440010056;-888.46820959229;6786545.97128933;0.0493703540736604;0.0425885884081632;0.959259217302546;-0.0501718670766776;-1.80530540465916
54240;-1273196.06552003;-3817241.90842216;-5527998.96268268;7527.00021883641;-857.665014553576;-682.669098870532;6786371.55482385;0.0493310533290144;0.0432432178612015;0.9592515698125;-0.0502246189725421;-1.77264959010335
54270;-1046715.04004148;-3840828.69926939;-5545369.73555886;7570.35899770368;-714.525224887394;-475.106024476769;6786221.97751843;0.0492888881177181;0.0437997185088157;0.959245303461157;-0.050278198730548;-1.73978703479386
54300;-819057.716803896;-3860098.38990169;-5556489.81339577;7605.39935272747;-569.882433612948;-265.992111357212;6786098.43532969;0.0492442993819578;0.0442511753827728;0.959240464660865;-0.0503324987558815;-1.70670970693685
54330;-590475.478177452;-3875008.08198672;-5561315.94245035;7632.00049146231;-423.883503134679;-55.5464414466833;6786002.04158174;0.0491977652234956;0.0445914800462444;0.959237094289525;-0.0503874063337086;-1.67341049207909
54360;-361223.221441028;-3885519.35023716;-5559811.52992253;7650.04895438;-276.679768366927;156.006017968004;6785933.8171713;0.0491497973885092;0.0448154290580291;0.959235227314934;-0.0504428040048656;-1.63988329543977
54390;-131559.131960974;-3891598.3760031;-5551946.81918083;7659.43907235827;-128.426995453708;368.434506859778;6785894.68066589;0.0491009371769564;0.0449188194885447;0.959234892432114;-0.050498569984813;-1.60612314127092
54420;98255.5575205269;-3893216.07940329;-5537699.06187749;7660.07343501394;20.7146745250998;581.5025874402;6785885.43836903;0.0490517507768704;0.0448985397984902;0.959236111716952;-0.0505545786260801;-1.57212626754266
54450;327956.821793515;-3890348.24952959;-5517052.6862615;7651.86336856324;170.580797889691;794.968282887658;6785906.77443514;0.0490028240336031;0.0447526542141489;0.959238900299576;-0.0506107009240629;-1.5378902140718
54480;557278.112548512;-3882975.6722279;-5489999.46095647;7634.72942170969;321.0027177609;1008.58424118492;6785959.24112485;0.0489547566749853;0.0444804785818675;0.95924326606107;-0.0506668050656412;-1.50341390205969
54510;785950.642420963;-3871084.25492841;-5456538.65343008;7608.60185787022;471.807671532885;1222.09792539042;6786043.24929929;0.0489081560255683;0.0440826455700432;0.959249209357195;-0.0507227570196487;-1.46869770289039
54540;1013703.68387421;-3854665.1479684;-5416677.18234303;7573.42115185383;622.818917400272;1435.25183161699;6786159.05925946;0.0488636302563627;0.0435611570214585;0.959256722772876;-0.0507784211677714;-1.433743493974
54570;1240264.88302376;-3833714.86182141;-5370429.76292762;7529.13848890579;773.855880885947;1647.78373592475;6786306.77204366;0.0488217812305373;0.0429194212541402;0.959265790911229;-0.0508336609739535;-1.39855469941425
54600;1465360.58844004;-3808235.3796193;-5317819.0445119;7475.71626382542;924.734322267431;1859.42697125047;6786486.32130176;0.0487831970200433;0.0421622731762822;0.959276390220901;-0.0508883396898799;-1.36313631334658
54630;1688716.19489471;-3778234.26432755;-5258875.73927234;7413.12857765974;1075.26652573847;2069.91073539201;6786697.46587045;0.0487484441826617;0.0412959752286675;0.959288488865447;-0.0509423210935692;-1.32749490393981
54660;1910056.501938;-3743724.75990998;-5193638.74126988;7341.36172926932;1225.26151106734;2278.96043094335;6786939.78317685;0.048718059903033;0.0403281974044865;0.959302046638345;-0.0509954702575613;-1.29163859629089
54690;2129106.08710994;-3704725.88579783;-5122155.23479907;7260.41469886127;1374.5252684235;2486.2980379314;6787212.66360079;0.0486925441142711;0.0392679749232842;0.959317014927107;-0.0510476543426327;-1.25557703276829
54720;2345589.69349865;-3661262.52395919;-5044480.79105996;7170.29962038837;1522.86101693879;2691.64251973975;6787515.30592598;0.0486723517281907;0.0381256425524296;0.959333336729741;-0.0510987434124139;-1.21932130977619
54750;2559232.63126266;-3613365.49784996;-4960679.45214787;7071.04223952712;1670.06948744856;2894.71026271651;6787846.71400971;0.0486578851113715;0.0369127450697791;0.959350946726517;-0.0511486112637394;-1.18288389041172
54780;2769761.19263325;-3561071.64251576;-4870823.80134695;6962.68235377428;1815.94922972026;3095.21554965297;6788205.69479712;0.0486494869506845;0.035641923932352;0.959369771409703;-0.0511971362670294;-1.1462784930586
54810;2976903.07980635;-3504423.86510757;-4774995.01871165;6845.27423104463;1960.29694432355;3292.87106708687;6788590.85780033;0.0486474336549524;0.0343267808422458;0.959389729273503;-0.0512442022105031;-1.10951995658705
54840;3180387.84502326;-3443471.19507165;-4673282.92092514;6718.887003016;2102.90783912593;3487.38844612949;6789000.61615529;0.0486519294386986;0.0329817195584435;0.959410731066016;-0.0512896991415505;-1.07262408348769
54870;3379947.34202456;-3378268.8232774;-4565785.98443685;6583.60502935603;2243.576010212;3678.47883624034;6789433.18935843;0.0486631012291276;0.0316217679674688;0.959432680104512;-0.0513335241981783;-1.0356074629318
54900;3575316.1879449;-3308878.12935618;-4452611.35090311;6439.5282288811;2382.09484682355;3865.85351107805;6789886.60777206;0.048680994528432;0.0302623830662827;0.959455472654745;-0.0513755824230759;-0.998487276391287
54930;3766232.23459644;-3235366.69653894;-4333874.81398554;6286.77237364724;2518.25745970303;4049.22450524335;6790358.71897233;0.0487055703502555;0.0289192420986888;0.959478998374442;-0.0514157875525554;-0.961281089040832
54960;3952437.04796895;-3157808.31330283;-4209700.78660217;6125.46934195804;2651.85713199517;4228.30528040184;6790847.19599477;0.0487367033318761;0.0276080235922179;0.959503140820404;-0.0514540627724028;-0.924006630670751
54990;4133676.39465381;-3076282.96116562;-4080222.24777702;5955.76732630108;2782.68779162358;4402.81141893386;6791349.54751228;0.0487741811028171;0.0263441824405698;0.95952777801799;-0.0514903414325443;-0.886681570239021
55020;4309700.73378106;-2990876.78800301;-3945580.66829422;5777.83099229378;2910.54450381243;4572.46134290922;6791863.12995686;0.0488177049667091;0.0251427234460828;0.959552783090989;-0.0515245677123969;-0.849323288461307
55050;4480265.71294214;-2901682.06630751;-3805925.91443468;5591.84158483731;3035.22398217053;4736.97705582991;6792385.16157182;0.0488668919270677;0.0240179778632211;0.959578024949159;-0.0515566972288437;-0.811948652966087
55080;4645132.66645979;-2808797.13585915;-3661416.12915483;5397.99697784379;3156.52511649952;4896.08490422899;6792912.73835365;0.0489212780600163;0.0229833874612146;0.959603369029909;-0.0515866975789466;-0.774573800520855
55110;4804069.11426029;-2712326.3303368;-3512217.5901599;5196.51166412099;3274.24951523276;5049.51635586291;6793442.85181481;0.0489803232088069;0.0220513004533427;0.959628678089852;-0.0516145488098071;-0.737213930666642
55140;4956849.25950492;-2612379.88746596;-3358504.54442719;4987.61668227115;3388.20206015973;5197.00879089366;6793972.40846903;0.0490434169471656;0.0212327833315353;0.959653813041184;-0.0516402438083925;-0.699883114791443
55170;5103254.48304794;-2509073.84237256;-3200459.01884776;4771.55947778608;3498.19147084774;5338.30630213105;6794498.25091077;0.0491098857318978;0.0205374522152789;0.959678633827101;-0.0516637886046749;-0.662594124245702
55200;5243073.83270937;-2402529.90389363;-3038270.60677752;4548.60369590032;3604.03087594063;5473.1605001009;6795017.18033073;0.0491790011406228;0.0199733267958703;0.959703000329769;-0.0516852025820769;-0.625358280577475
55230;5376104.5052841;-2292875.31368353;-2872136.2304199;4319.02890419517;3705.53838829926;5601.33131842763;6795525.98028005;0.0492499890686733;0.0195467093578081;0.959726773303712;-0.0517045185899788;-0.588185330368218
55260;5502152.31915557;-2180242.68804852;-2702259.87910161;4083.13024342725;3802.53768075326;5722.58781477494;6796021.4414677;0.0493220397405753;0.0192620907180056;0.959749815326876;-0.0517217829539114;-0.551083346511707
55290;5621032.1753446;-2064769.84254189;-2528852.32364852;3841.21800558192;3894.85855906363;5836.7089623832;6796500.38735;0.0493943183765595;0.0191220842691711;0.95977199176113;-0.0517370553800288;-0.514058657127003
55320;5732568.50480193;-1946599.59945623;-2352130.80722036;3593.61713871946;3982.33752855422;5943.48442708125;6796959.70024738;0.0494659763433997;0.0191273886737966;0.95979317171353;-0.0517504087515161;-0.477115802659336
55350;5836595.69974957;-1825879.57845719;-2172318.71311833;3340.66667878576;4064.81835076175;6042.71532453919;6797396.34770384;0.0495361626116038;0.0192767791533871;0.959813228989352;-0.0517619288157235;-0.440257521123826
55380;5932958.52688996;-1702761.97071396;-1989645.21023748;3082.7191091905;4142.15258638148;6134.21495247165;6797807.40878802;0.0496040353375255;0.0195671267728441;0.959832043027672;-0.0517717137620189;-0.403484760905159
55410;6021512.52033657;-1577403.29699389;-1804344.87699507;2820.13964960923;4214.20012075294;6217.80949250276;6798190.10002321;0.0496687733890861;0.0199934446464559;0.959849499810189;-0.0517798736915948;-0.366796720055766
55440;6102124.35217244;-1449964.15030133;-1616657.30472341;2553.3054761302;4280.8296681387;6293.33867646566;6798541.80062678;0.0497295876372298;0.0205489595974845;0.959865492734003;-0.0517865299817398;-0.330190910643439
55470;6174672.17861739;-1320608.92375245;-1426826.68167121;2282.60487553478;4341.91925110216;6360.65641203564;6798860.07673792;0.0497857318416229;0.021225207490966;0.959879923439212;-0.0517918145483612;-0.293663246389731
55500;6239045.959878;-1189505.52448741;-1235101.35890758;2008.43633716116;4397.35665138775;6419.6313627848;6799142.70431659;0.0498365129680443;0.0220121502267384;0.959892702582492;-0.0517958690118131;-0.257208151610611
55530;6295147.75186752;-1056825.07452695;-1041733.39956675;1731.20758644418;4447.03982884985;6470.14747799983;6799387.6904064;0.0498813007860545;0.0228983122204556;0.959903750548241;-0.0517988437723147;-0.220818689314098
55560;6342891.96811534;-922741.599581465;-846978.113006458;1451.3345648405;4490.87730516443;6512.10446792003;6799593.29246971;0.0499195366084243;0.0238709341053797;0.959912998089379;-0.0518008970024176;-0.184486706217115
55590;6382205.61033533;-787431.706915278;-651093.575578071;1169.24036142614;4528.78850928874;6545.41822042804;6799758.03552427;0.0499507410481791;0.0249161413448634;0.95992038689062;-0.0518021935650807;-0.1482029924031
55620;6413028.46628936;-651074.253455781;-454340.139818913;885.35410198408;4560.70408190666;6570.02115565695;6799880.72683719;0.0499745206845873;0.0260191254424533;0.959925870047766;-0.0518029038669091;-0.111957453340983
55650;6435313.27376384;-513850.005415506;-256979.933976515;600.109801873251;4586.5661364083;6585.86251545918;6799960.4679636;0.0499905735457843;0.0271643354599601;0.959929412457472;-0.0518032026570045;-0.0757392920113419
55680;6449025.84967238;-375941.290763573;-59276.3538581396;313.945189378614;4606.32847429719;6592.90858520904;6799996.66395293;0.0499986933327092;0.0283356775916258;0.959930991112913;-0.0518032677826224;-0.0395371989248724
55710;6454145.18350375;-237531.645940649;138506.45093349;27.3005065776551;4619.95675329386;6591.14284597462;6799989.02958534;0.0499987723265074;0.0295167205833183;0.959930595301817;-0.0518032789134457;-0.00333954786036066
55740;6450663.49454949;-98805.4582575206;336104.094267256;-259.382704984375;4627.42860680335;6580.56605568791;6799937.5925432;0.0499908029393449;0.0306909048204145;0.959928226704467;-0.0518034162467276;0.0328654048149166
55770;6438586.25256707;40052.3945488631;533252.472110542;-545.662826344841;4628.73371383318;6561.196258556;6799842.69346694;0.0499748778866135;0.0318417529296367;0.959923899390376;-0.0518038592058451;0.0690893193571833
55800;6417932.16176003;178856.906107059;729688.280359661;-831.099383347351;4623.87381887853;6533.06872258184;6799704.98289033;0.0499511889766813;0.0329530797442453;0.959917639713575;-0.051804785144909;0.105343572500842
55830;6388733.10818328;317423.30304774;925149.529722959;-1115.25426148791;4612.86270172873;6496.23580569099;6799525.41509564;0.0499200245325942;0.0340091994670288;0.959909486107581;-0.0518063680720162;0.141639060081046
55860;6351034.07090711;455567.40498766;1119376.05553003;-1397.69290592266;4595.72609758562;6450.76675158146;6799305.23897464;0.0498817654783795;0.0349951278326537;0.959899488782286;-0.051808777403486;0.177986004582512
55890;6304892.99749492;593105.98138157;1312110.02038302;-1677.98549935258;4572.50156831377;6396.7474170178;6799045.98602404;0.0498368801407789;0.035896777024221;0.959887709326159;-0.0518121767610169;0.214393769820189
55920;6250380.64456444;729857.103793571;1503096.40762653;-1955.70811075989;4543.23832605893;6334.27993286972;6798749.45564506;0.0497859178352161;0.0367011410449587;0.959874220218183;-0.0518167228231263;0.250870685012213
55950;6187580.38440815;865640.492182475;1692083.50368969;-2230.44380830868;4507.9970108676;6263.48230174013;6798417.69795356;0.0497295013224574;0.0373964691940053;0.959859104254989;-0.0518225642415142;0.287423880558698
55980;6116587.97884328;1000277.85385039;1878823.36744724;-2501.78373013176;4466.84942431257;6184.48793553169;6798052.99434048;0.0496683182395743;0.0379724252562971;0.959842453899529;-0.0518298406321282;0.324059137880308
56010;6037511.32164311;1133593.21376911;2063072.28485368;-2769.32810720026;4419.87822147073;6097.4451367562;6797657.83605015;0.0496031116252319;0.0384202300033661;0.959824370558487;-0.0518386816497274;0.360780755685472
56040;5950470.15106754;1265413.23507389;2244591.20722501;-3032.68723300262;4367.17656390679;6002.51652779357;6797234.90106734;0.0495346696747385;0.0387327846277253;0.959804963796285;-0.0518492061536501;0.397591435011164
56070;5855595.73416058;1395567.52859811;2423146.17167394;-3291.48237533677;4308.84773658567;5899.87843265082;6796787.02962083;0.0494638148743576;0.0389047728119701;0.959784350494151;-0.0518615214713216;0.434492185305913
56100;5753030.52461427;1523888.95041336;2598508.70234553;-3545.34662613343;4245.00473186477;5789.7202160542;6796317.19862333;0.0493913926767668;0.0389327392772941;0.959762653963177;-0.051875722764798;0.471482253682463
56130;5642927.79611121;1650213.88643699;2770456.19124849;-3793.92568586906;4175.76980390287;5672.24358492623;6795828.4953728;0.0493182598897893;0.0388151428751706;0.95974000302058;-0.0518918925043653;0.508559079250993
56160;5525451.25315147;1774382.52327154;2938772.25763151;-4036.87857978451;4101.27399696399;5547.66185745458;6795324.09084048;0.0492452729582626;0.0385523825879832;0.959716531038618;-0.0519101000519113;0.54571827414443
56190;5400774.62144329;1896239.10454631;3103247.08501169;-4273.87830378891;4021.65665119229;5416.19920505009;6794807.21286558;0.0491732763236725;0.0381467951928003;0.95969237497563;-0.0519304013554887;0.582953632461739
56220;5269081.21999033;2015632.17213957;3263677.73512167;-4504.61239858833;3937.06488948782;5278.08987251975;6794281.11956558;0.0491030910475997;0.0376026238154336;0.959667674398618;-0.0519528387552098;0.620257167884984
56250;5130563.51704273;2132414.79176916;3419868.4382014;-4728.78345122674;3847.6530891247;5133.57738174896;6793749.07325608;0.0490355038827639;0.0369259571523077;0.959642570506583;-0.0519774408993745;0.657619180178441
56280;4985422.67209379;2246444.76254789;3571630.85921826;-4946.10952385264;3753.58234172445;4982.91372409916;6793214.31515444;0.048971256969237;0.036124639752099;0.959617205163531;-0.0520042227685526;0.695028350166548
56310;4833868.0661009;2357584.81020805;3718784.3397534;-5156.32451012264;3655.01990513072;4826.35854658725;6792680.04111867;0.0489110383231355;0.0352081544089934;0.959591719949629;-0.0520331858042443;0.732471862130476
56340;4676116.82208828;2465702.76380373;3861156.11544141;-5359.17842021524;3552.1386506306;4664.17833672536;6792149.37864676;0.0488554732707635;0.0341874784001612;0.959566255238506;-0.0520643181377148;0.769935551885213
56370;4512393.31825209;2570671.71580176;3998581.50899357;-5554.43759594895;3445.11650883507;4496.64561067071;6791625.36533387;0.0488051169629642;0.0330749159741632;0.959540949308067;-0.0520975949136973;0.807404078127771
56400;4342928.69563635;2672370.16556839;4130904.09897039;-5741.88485797432;3334.1359173714;4324.03810906998;6791110.92895482;0.0487604480826964;0.0318839101337765;0.959515937491573;-0.0521329787028416;0.844861114013032
56430;4167960.3623826;2770682.1463515;4257975.86459638;-5921.31958743566;3219.38327335707;4146.63800468711;6790608.86930888;0.0487218638340796;0.0306288373254992;0.959491351374974;-0.0521704199961081;0.882289555347629
56460;3987731.49647837;2865497.33594337;4379657.30702799;-6092.55774487289;3101.04839342181;3964.73112558442;6790121.84193306;0.0486896762740707;0.029324789119542;0.959467318045765;-0.0522098577737278;0.919671741323161
56490;3802490.54884177;2956711.15128969;4495817.54759359;-6255.43182945625;2979.32398382679;3778.60619728926;6789652.34375957;0.0486641100193183;0.0279873453137919;0.959443959397826;-0.0522512201409139;0.956989683362724
56520;3612490.74848222;3044224.82738274;4606334.40362221;-6409.79078191536;2854.40512300039;3588.55410702883;6789202.70076364;0.0486453013315236;0.0266323431029318;0.959421391495914;-0.0522944250221833;0.994225297449233
56550;3417989.61137356;3127945.48084329;4711094.44256487;-6555.49983474079;2726.48875857334;3394.86719275946;6788775.05761955;0.0486332985557753;0.0252756470090763;0.959399724002683;-0.0523393809059436;1.03136063525082
56580;3219248.45456517;3207786.15865438;4809993.0151888;-6692.44031340164;2595.77322075592;3197.83855935832;6788371.36935649;0.0486280638587625;0.0239329241680418;0.959379059670304;-0.0523859876309182;1.0683781094627
56610;3016531.91694342;3283665.87256187;4902934.26869038;-6820.50939243913;2462.45775365859;2997.76142399099;6787993.39498129;0.0486294761884193;0.0226194293123668;0.959359493898006;-0.0524341372059998;1.10526070903952
56640;2810107.48793787;3355509.61970106;4989831.14062804;-6939.61981036627;2326.7420659198;2794.92849232031;6787642.69301326;0.0486373353541957;0.0213498034011558;0.959341114356107;-0.0524837146552494;1.1419922003848
56670;2600245.04534912;3423248.39004621;5070605.33462105;-7049.69954733059;2188.82590177167;2589.63136688542;6787320.61885697;0.0486513671084406;0.0201378893388833;0.959324000676431;-0.0525345988799758;1.17855731107305
56700;2387216.40335586;3486819.16131018;5145187.2787952;-7150.6914694844;2048.90863344952;2382.15998865767;6787028.32392181;0.0486712290947713;0.0189965676269474;0.959308224208329;-0.0525866635301272;1.21494189327993
56730;2171294.87164141;3546164.88194541;5213516.06798196;-7242.55294395844;1907.18887563625;2172.80211247419;6786766.7563833;0.0486965175190694;0.0179376141324638;0.959293847838964;-0.0526397778776031;1.25113306475562
56760;1952754.82646431;3601234.44291512;5275539.39069432;-7325.25542825429;1763.86412242898;1961.84281676331;6786536.66346972;0.0487267743929473;0.0169715814709962;0.95928092587594;-0.0526938076845261;1.28711932586542
56790;1731871.29438415;3651982.63891524;5331213.44191092;-7398.78403776288;1619.13040712457;1749.56404771004;6786338.59514881;0.0487614951980382;0.0161077048128905;0.95926950398993;-0.0527486160600007;1.32289065190881
56820;1508919.54924532;3698370.11973388;5380502.82270084;-7463.13709498401;1473.18198494391;1536.24419776486;6786172.90908311;0.0488001368219885;0.0153538322662155;0.959259619214493;-0.0528040642994133;1.35843856058552
56850;1284174.72291545;3740363.33243637;5423380.42771509;-7518.32566386992;1326.21103865236;1322.15771817725;6786039.77671882;0.0488421256231252;0.0147163793859212;0.959251299999962;-0.0528600127008786;1.39375615508053
56880;1057911.43017593;3777934.45506;5459827.32155822;-7564.37307254734;1178.40740688598;1107.57476503538;6785939.19037112;0.0488868654898981;0.0142003068281344;0.959244566317971;-0.0529163213540188;1.42883814377078
56910;830403.408066373;3811061.32249538;5489832.60503519;-7601.3144274917;1029.95833486081;892.760878116331;6785870.97116961;0.0489337457727462;0.0138091197236466;0.959239429812968;-0.0529728508968406;1.46368083800097
56940;601923.169895776;3839727.3452194;5513393.27224549;-7629.19612203681;881.048247024604;677.976691695943;6785834.7777296;0.0489821489793757;0.0135448869928375;0.959235893996914;-0.0530294632370662;1.49828212972761
56970;372741.674049561;3863921.42153016;5530514.05946879;-7648.0753419067;731.858541107021;463.477676333896;6785830.11541849;0.0490314581389312;0.0134082785675649;0.959233954483216;-0.0530860222348507;1.53264145108655
57000;143128.007643964;3883637.84391667;5541207.28675511;-7658.01957025651;582.56740293558;249.513910536209;6785856.34609212;0.0490810637556164;0.0133986183213633;0.959233599255938;-0.0531423943443848;1.56675971810326
57030;-86650.9149922535;3898876.20017562;5545492.69309834;-7659.10609450819;433.349641308726;36.3298811038451;6785912.69818147;0.0491303702874226;0.0135139504305908;0.959234808970268;-0.0531984492124271;1.60063926084298
57060;-316330.639094412;3909641.26986574;5543397.26603465;-7651.42151706714;284.376542154727;-175.835689099328;6785998.27701799;0.0491788021003163;0.0137511168868632;0.959237557280293;-0.05325406023233;1.6342837422996
57090;-545649.441642095;3915942.91666592;5534955.06646881;-7635.06127180939;135.815741154254;-386.749987284298;6786112.07529299;0.0492258088621415;0.0141058439432776;0.959241811190196;-0.053309105052613;1.66769806825933
57120;-774348.58914196;3917795.97717824;5520207.04949069;-7610.12914803703;-12.1688860351971;-596.186232148105;6786252.98355534;0.0492708703533193;0.0145728353916996;0.959247531425087;-0.0533634660395956;1.70088829025949
57150;-1002172.58126036;3915220.14669068;5499200.88190291;-7576.73682341388;-159.417316844249;-803.923771954537;6786419.80066009;0.0493135006829861;0.0151458707227086;0.959254672817831;-0.0534170306940207;1.73386150360768
57180;-1228869.38059565;3908239.86238715;5471990.75713838;-7535.00340721513;-305.773459057244;-1009.74816069575;6786611.2440897;0.0493532519093695;0.0158179064021544;0.9592631847084;-0.0534696920219862;1.76662574224333
57210;-1454190.6289174;3896884.18446497;5438637.20820408;-7485.05499505409;-451.085213201349;-1213.45121375008;6786825.96007802;0.0493897170719124;0.0165811786970854;0.959273011352439;-0.0535213488608454;1.7991898720239
57240;-1677891.85023228;3881186.67559233;5399206.91924511;-7427.02423608759;-595.204520985993;-1414.83104444483;6787062.53347646;0.049422532649922;0.017427306690073;0.959284092335977;-0.0535719061610438;1.83156348381075
57270;-1899732.64106417;3861185.27911019;5353772.53628068;-7361.04991354935;-737.987400716781;-1613.69208291737;6787319.49730978;0.0494513804683924;0.018347394325763;0.959296362993378;-0.0536212752251265;1.86375678752401
57300;-2119476.84835906;3836922.19635567;5302412.47762284;-7287.2765393174;-879.293970599346;-1809.84507864468;6787595.34197746;0.049475989076217;0.0193321305308979;0.959309754825889;-0.0536693739053805;1.89578050813733
57330;-2336892.7354449;3808443.76345675;5245210.74444729;-7205.8539630886;-1018.98846083491;-2003.10708798166;6787888.52406436;0.0494961346253847;0.0203718866336052;0.959324195918339;-0.0537161267617698;1.92764578439801
57360;-2551753.13649151;3775800.32792108;5182256.73194672;-7116.93699660954;-1156.93921539117;-2193.30144801286;6788197.47473171;0.0495116412820635;0.0214568104760641;0.959339611351799;-0.053761465181974;1.95936407088853
57390;-2763835.59992762;3739046.1253158;5113645.04145792;-7020.68505329895;-1293.01868431032;-2380.25773798259;6788520.60766651;0.0495223812018685;0.0225769167640794;0.959355923610202;-0.0538053274654716;1.99094704389532
57420;-2972922.52128041;3698239.15630952;5039475.29391708;-6917.26180349211;-1427.10340739118;-2563.81172952425;6788856.32657365;0.0495282741022092;0.0237221733269523;0.95937305297919;-0.0538476588736963;2.02240651141985
57450;-3178801.26590858;3653441.06432308;4959851.94496139;-6806.83484544198;-1559.07399005498;-2743.80532686342;6789203.03220113;0.0495292864645741;0.0248825830700735;0.959390917935623;-0.0538884116483604;2.053754327557
57480;-3381264.28210241;3604717.01401178;4874884.10196088;-6689.57539212476;-1688.81507217519;-2920.08649812017;6789559.12889378;0.0495254303990405;0.0260482614922714;0.959409435526448;-0.0539275450000781;2.08500231137539
57510;-3580109.20502486;3552135.5707789;4784685.34323119;-6565.65797381919;-1816.21529062076;-3092.50919878595;6789923.03067598;0.0495167622023385;0.0272095097103078;0.959428521735772;-0.0539650250694308;2.11616217036305
57540;-3775138.9519654;3495768.58149815;4689373.53964648;-6435.26015635816;-1941.16723623063;-3260.93328839928;6790293.16686778;0.0495033806395523;0.0283568829853751;0.959448091839217;-0.0540008248626106;2.14724542844864
57570;-3966161.80937451;3435691.05660179;4589070.67884198;-6298.56227488792;-2063.56740590463;-3425.22444139263;6790667.98724289;0.0494854249780898;0.0294812547834664;0.95946806074479;-0.0540349241637509;2.17826335857054
57600;-4152991.51214088;3371981.05367118;4483902.69216685;-6155.74718291444;-2183.31615046314;-3585.25405303158;6791045.96673984;0.0494630728010084;0.0305738764235097;0.959488343319668;-0.0540673094260051;2.2092269197433
57630;-4335447.31556598;3304719.56264713;4373999.28452171;-6007.00001636677;-2300.31761889506;-3740.89914131625;6791425.60974068;0.0494365376251919;0.0316264323772821;0.959508854702478;-0.0540979736433788;2.24014669856058
57660;-4513354.06048195;3233990.39275964;4259493.76718921;-5852.50797236378;-2414.47969958086;-3892.04224566432;6791805.4539337;0.0494060663483128;0.0326310912846668;0.959529510600742;-0.0541269162052473;2.27103285507278
57690;-4686542.23194863;3159880.06125939;4140522.89374284;-5692.46010233329;-2525.71395904524;-4038.57132314605;6792184.07377843;0.0493719365470223;0.0335805527386704;0.959550227573346;-0.05415414273541;2.30189507298679
57720;-4854848.01195476;3082477.68401705;4017226.69909624;-5527.0471190998;-2633.93557876245;-4180.37964299348;6792560.08359306;0.0493344536474322;0.0344680898790745;0.959570923297975;-0.0541796649174429;2.33274251414976
57750;-5018113.32653616;3001874.86804151;3889748.34173465;-5356.4612175295;-2739.06329050602;-4317.36568005913;6792932.14028492;0.0492939479877135;0.0352875878130566;0.959591516823542;-0.0542035003080145;2.3635837772991
57780;-5176185.8877113;2918165.60595366;3758233.94915043;-5180.89590829777;-2841.01931070505;-4449.43300785503;6793298.94574612;0.0492507717915558;0.0360335778576336;0.959611928807785;-0.054225672139729;2.39442686108378
57810;-5328919.23062099;2831446.17243887;3622832.46648626;-5000.54586432502;-2939.72927423984;-4576.49019175895;6793659.24893643;0.0492052960703286;0.0367012675737357;0.959632081740234;-0.0542462091149585;2.4252791313864
57840;-5476172.74624538;2741815.02268895;3483695.50837287;-4815.60677941076;-3035.12216808175;-4698.45068293365;6794011.84767602;0.049157907471045;0.0372865665372126;0.959651900150839;-0.0542651451920166;2.45614729300006
57870;-5617811.71005684;2649372.69283252;3340977.213932;-4626.27523858327;-3127.13026515508;-4815.23271346491;6794355.59017066;0.0491090050866808;0.0377861077687613;0.959671310804625;-0.0542825193649234;2.48703736573644
57900;-5753707.30695306;2554221.70234174;3194834.10490116;-4432.74859967215;-3215.68905877334;-4926.75919318646;6794689.37629164;0.0490589972449923;0.0381972647250668;0.959690242882742;-0.0542983754379013;2.51795466506106
57930;-5883736.65279928;2456466.45839314;3045424.94682285;-4235.22488560379;-3300.7371979772;-5032.95760862363;6795012.15863241;0.0490082982917477;0.0385181637374016;0.959708628150372;-0.05431276179564;2.54890378736766
57960;-6007782.81289402;2356213.16215113;2892910.61322859;-4033.90268691481;-3382.21642407831;-5133.7599244539;6795322.94336353;0.0489573253841483;0.0387476917741015;0.959726401111945;-0.054325731170264;2.57988860001256
57990;-6125734.8176571;2253569.71693337;2737453.95273697;-3828.98107397504;-3460.07150869076;-5229.1024878495;6795620.79090654;0.0489064953102308;0.0388854993989701;0.959743499154148;-0.054337340405837;2.61091223623463
58020;-6237487.67582359;2148645.6382097;2579219.65897372;-3620.65951841008;-3534.25019351081;-5318.92593603758;6795904.81644704;0.0488562213500905;0.0389319988012022;0.959759862677234;-0.0543476502211411;2.64197709508208
58050;-6342942.38541209;2041551.96537842;2418374.14321309;-3409.13782321354;-3604.70313208571;-5403.1751073838;6796174.19030586;0.0488069101948952;0.0388883567832084;0.959775435215137;-0.0543567249713756;2.6730848464569
58080;-6442005.94272037;1932401.17525686;2255085.40963014;-3194.61606103978;-3671.38383379323;-5481.79895627886;6796428.13818694;0.0487589589397878;0.0387564826116635;0.959790163544887;-0.0543646324093346;2.70423644136795
58110;-6534591.3495861;1821307.09721677;2089522.93304635;-2977.29452016998;-3734.24861023615;-5554.75047208163;6796665.94131889;0.0487127521668939;0.0385390106642639;0.959803997785859;-0.054371443446534;2.73543212745704
58140;-6620617.61913542;1708384.82988943;1921857.53904307;-2757.37365764738;-3793.25652423887;-5621.98660234871;6796886.93650663;0.0486686591347194;0.0382392778396296;0.959816891489305;-0.0543772319146868;2.76667146982661
58170;-6700009.78022676;1593750.6593595;1752261.28631122;-2535.0540590804;-3848.36934161766;-5683.46818055792;6797090.51610833;0.0486270310901988;0.0378612957404218;0.959828801718689;-0.0543820743278447;2.79795337715535
58200;-6772698.88078266;1477521.97876234;1580907.35109954;-2310.53640461661;-3899.55148588118;-5739.15985851206;6797276.1279515;0.0485881987195343;0.0374097176889333;0.959839689121253;-0.0543860496454624;2.82927613303845
58230;-6838621.99018707;1359817.20919444;1407969.91361836;-2084.02144059407;-3946.76999600408;-5789.03004358956;6797443.27520148;0.0485524697536825;0.0368898006896103;0.959849517991264;-0.0543892390365723;2.86063743243398
58260;-6897722.20091135;1240755.72184295;1233624.0462513;-1855.70995638132;-3989.99448740327;-5833.05084099014;6797591.51619397;0.0485201267439099;0.0363073625124126;0.959858256325347;-0.054391725645203;2.89203442303738
58290;-6949948.62951717;1120457.76123643;1058045.60342308;-1625.80276592094;-4029.19711623395;-5871.19800110622;6797720.46424255;0.0484914250222185;0.0356687341335789;0.959865875870287;-0.0543935943571216;2.92346375134321
58320;-6995256.41717024;999044.369515558;881411.112967714;-1394.50069349637;-4064.35254711131;-5903.45087213406;6797829.78743047;0.0484665908606185;0.0349807078341861;0.95987235216365;-0.0543949315679318;2.95492161308958
58350;-7033606.72978453;876637.311619607;703897.668838674;-1162.00456324506;-4095.43792435232;-5929.79235802381;6797919.2083956;0.0484458198422033;0.0342504813203746;0.959877664567533;-0.054395824952519;2.9864038077168
58380;-7064966.75790201;753359.001281808;525682.824999294;-928.515191945314;-4122.43284682197;-5950.20888185225;6797988.50411563;0.0484292754557556;0.0334855982901499;0.959881796295732;-0.0543963632357966;3.0179057964112
58410;-7089309.71639939;629332.427724311;346944.490329808;-694.233384607274;-4145.31934645834;-5964.69035468857;6798037.50569989;0.048417087924197;0.0326938859285069;0.959884734434572;-0.0543966359646761;3.04942276324764
58440;-7106614.84409872;504681.082941402;167860.824385268;-459.359932401544;-4164.08187054144;-5973.23015001012;6798066.09819304;0.0484093532755861;0.031883389863452;0.959886469957598;-0.0543967332811578;3.08094967889379
58470;-7116867.40334509;379528.889457767;-11389.8661628132;-224.095612461662;-4178.70726776188;-5975.82508371221;6798074.22039469;0.0484061326636245;0.0310623071585904;0.959886997734299;-0.0543967456964164;3.11248136629598
58500;-7120058.67960087;254000.128447113;-190629.230569445;11.3588109014281;-4189.18477813657;-5972.47539974384;6798061.86469787;0.0484074519427335;0.0302389179519739;0.959886316533004;-0.0543967638657428;-3.13917273944736
58530;-7116185.98109163;128219.368095109;-369678.976712861;246.802584033126;-4195.50602681041;-5963.18476138916;6798029.07694854;0.048413301500786;0.0294215163746477;0.959884429018014;-0.0543968783641873;-3.10764729458494
58560;-7105252.63852573;2311.39208959503;-548360.973614472;482.034961276409;-4197.66502177452;-5947.96024820274;6797975.95632675;0.0484236363505317;0.0286183413949891;0.959881341741045;-0.0543971794627485;-3.07613282192926
58590;-7087268.00489524;-123598.871879797;-726497.35395165;716.855202279355;-4195.65815552363;-5926.81235859525;6797902.65524956;0.0484383764786894;0.0278375082360924;0.959877065126975;-0.054397756904947;-3.0446344148505
58620;-7062247.45535246;-249386.423731021;-903910.616732661;951.06256972797;-4189.48421066711;-5899.75501805422;6797809.37929433;0.0484574074496308;0.0270869410030218;0.959871613453863;-0.0543986996836292;-3.01315697838313
58650;-7030212.38714229;-374926.262826722;-1080423.73030244;1184.45632796403;-4179.14436950004;-5866.80559297335;6797696.3871401;0.0484805812585919;0.0263743071351234;0.959865004827174;-0.0544000958178524;-2.98170516498725
58680;-6991190.21955701;-500093.460157861;-1255860.2358469;1416.83574294903;-4164.64222753269;-5827.98491005165;6797563.99052393;0.0485077174274517;0.0257069542664316;0.959857261148097;-0.0544020321297192;-2.95028331273202
58710;-6945214.39386626;-624763.230992491;-1430044.35156212;1648.00008403719;-4145.98381096846;-5783.31728121195;6797412.55420761;0.048538604334354;0.0250918500356542;0.959848408075806;-0.0544045940210441;-2.9188953864471
58740;-6892324.37316075;-748811.008107875;-1602801.07765316;1877.74862802295;-4123.1775981117;-5732.83053397558;6797242.49594952;0.0485730007668347;0.0245355253375535;0.959838474983483;-0.0544078652497604;-2.88754492233845
58770;-6832565.64203469;-872112.515723453;-1773956.30232499;2105.88066593126;-4096.23454467818;-5676.55604721747;6797054.28647502;0.0486106376866933;0.0240440214514916;0.959827494907865;-0.0544119277060035;-2.85623497650883
58800;-6765989.7060174;-994543.844251227;-1943336.90892567;2332.19551302256;-4065.16811297184;-5614.52879221215;6796848.44943799;0.0486512201936112;0.0236228414220554;0.959815504492082;-0.0544168611878375;-2.82496807776221
58830;-6692654.09065068;-1115981.52597888;-2110770.88439904;2556.49252248791;-4029.9943048817;-5546.78737886724;6796625.56136491;0.0486944296734996;0.023276906003138;0.959802543921478;-0.0544227431766338;-2.79374618500795
58860;-6612622.34009387;-1236302.61179939;-2276087.42920071;2778.5711033142;-3990.73169864277;-5473.37410702617;6796386.25157188;0.0487399261167361;0.0230105144121708;0.9597886568521;-0.0544296486121481;-2.76257064951586
58890;-6525964.01512451;-1355384.74909917;-2439117.06882756;2998.23074280376;-3947.40148929431;-5394.33502270595;6796131.20204388;0.0487873505908455;0.0228273100776306;0.959773890331506;-0.0544376496673956;-2.7314421822093
58920;-6432754.69038735;-1473106.26091438;-2599691.76710654;3215.27103423729;-3900.02753275703;-5309.71997911934;6795861.14726471;0.0488363278517573;0.022730251501725;0.959758294711524;-0.0544468155234708;-2.70036082612265
58950;-6333075.95073021;-1589346.2264628;-2757645.04138376;3429.49171017384;-3848.63639343933;-5219.58270231301;6795576.87398482;0.0488864690775275;0.0227215883032348;0.959741923552554;-0.0544572121445209;-2.66932593409214
58980;-6227015.38645011;-1703984.56315545;-2912812.07974974;3640.69268188665;-3793.25739526921;-5123.98086123434;6795279.22091324;0.0489373747083284;0.0228028424539689;0.959724833519007;-0.054468902053141;-2.63833615169746
59010;-6114666.58725789;-1816902.11018928;-3065029.86043043;3848.67408543784;-3733.92267603541;-5022.97614201946;6794969.07831911;0.04898863737654;0.0229747946772153;0.959707084265442;-0.0544819441065281;-2.60738940542649
59040;-5996129.13475476;-1927980.71381791;-3214137.27346743;4053.23633489989;-3670.66724490606;-4916.63432627376;6794647.38752692;0.0490398449109131;0.0232374759389057;0.959688738312961;-0.0544963932738002;-2.57648289599755
59070;-5871508.59319856;-2037103.31439392;-3359975.24480336;4254.18018323544;-3603.52904297804;-4805.02537309316;6794315.14028911;0.0490905833989696;0.0235901639324528;0.95966986091542;-0.0545123004149657;-2.54561309674381
59100;-5740916.49832238;-2144154.03527101;-3502386.86288056;4451.30679135082;-3532.54900669302;-4688.22350455011;6793973.37801843;0.0491404402920347;0.0240313844363154;0.959650519914993;-0.0545297120621061;-2.51477575694234
59130;-5604470.34395236;-2249018.27364938;-3641217.50785265;4644.41780584105;-3457.77113393871;-4566.30729434243;6793623.19086189;0.0491890075375146;0.0245589174098785;0.959630785586654;-0.0545486702034222;-2.48396590995657
59160;-5462293.56615647;-2351582.79344195;-3776314.98349884;4833.31544594616;-3379.24255263455;-4439.35975927563;6793265.71659741;0.0492358847232334;0.0251698076873903;0.959610730471135;-0.054569212070877;-2.45317788605509
59190;-5314515.52463972;-2451735.82023268;-3907529.6519208;5017.80260023909;-3297.01359158075;-4307.46845321968;6792902.13933345;0.0492806822187509;0.0258603801311242;0.959590429195948;-0.0545913699322657;-2.42240532977062
59220;-5161271.48108643;-2549367.13839132;-4034714.57109055;5197.68293356478;-3211.13785332823;-4170.72556315085;6792533.68799168;0.0493230242986249;0.026626259113274;0.959569958284079;-0.0546151708886314;-2.39164122167138
59250;-5002702.57413398;-2644368.19040128;-4157725.63530559;5372.7610047475;-3121.67228880369;-4029.22800685563;6792161.63455214;0.0493625522324846;0.0274623922100227;0.959549395949987;-0.0546406366780447;-2.36087790443054
59280;-4838955.79064746;-2736632.17844896;-4276421.71859441;5542.84239557933;-3028.67727340004;-3883.07753183976;6791787.29204007;0.0493989273265475;0.0283630780099465;0.959528821882595;-0.0546677834868603;-2.3301071130978
59310;-4670183.93294911;-2826054.1683139;-4390664.82110129;5707.73385159575;-2932.21668421645;-3732.38081494833;6791412.0122339;0.0494318339008289;0.0293219979612949;0.959508317015011;-0.0546966217696633;-2.29932000949948
59340;-4496545.5816414;-2912531.19558909;-4500320.21846369;5867.24343513554;-2832.35797810513;-3577.24956216482;6791037.18307346;0.0494609821857334;0.0303322522073645;0.95948796328076;-0.0547271560792139;-2.2685072207175
59370;-4318205.05364802;-2995962.37425018;-4605256.61417921;6021.18069116986;-2729.17227015339;-3417.80060801671;6790664.22574842;0.0494861111209824;0.0313863993848666;0.95946784335639;-0.054759384907796;-2.23765888162301
59400;-4135332.35508259;-3076249.00758074;-4705346.29494118;6169.3568263701;-2622.73441219947;-3254.15601397308;6790294.59144704;0.0495069910389311;0.0324765003852273;0.959448040390404;-0.0547933005414694;-2.20676468146523
59430;-3948103.12854102;-3153294.70144811;-4800465.28890296;6311.58490186525;-2513.12307094906;-3086.44316517613;6789929.75774673;0.0495234262132486;0.0335941661019485;0.959428637718545;-0.0548288889288141;-2.17581391453842
59460;-3756698.5944005;-3227005.47991092;-4890493.52681038;6447.68004011629;-2400.42080522685;-2914.79486480304;6789571.22462871;0.0495352572527119;0.034730609206392;0.95940971856557;-0.0548661295658395;-2.14479553496905
59490;-3561305.48569541;-3297289.90312506;-4975315.00592014;6577.45964630761;-2284.71414186307;-2739.34942530781;6789220.51010081;0.0495423633185015;0.0358767000084657;0.959391365733762;-0.0549049953988111;-2.11369821567841
59520;-3362115.97612913;-3364059.18749909;-5054817.9565989;6700.74364462296;-2166.09364968013;-2560.2507557446;6788879.14541434;0.0495446641419327;0.0370230264654243;0.959373661278569;-0.0549454527468122;-2.08251041158235
59550;-3159327.60077011;-3427227.32803366;-5128895.01147254;6817.35472973558;-2044.65401100755;-2377.64844432482;6788548.66986325;0.0495421218180345;0.0381599584000166;0.959356686171866;-0.054987461245922;-2.05122042708726
59580;-2953143.16897142;-3486711.2227617;-5197443.37696971;6927.11863379789;-1920.49409011679;-2191.6978353101;6788230.6251565;0.0495347423488578;0.0392777159762598;0.959340519953521;-0.0550309738169332;-2.01981648792746
59610;-2743770.66904505;-3542430.7991875;-5260365.0070752;7029.86440916649;-1793.71699792896;-2002.56009929284;6787926.5493578;0.0495225769089233;0.040366442455704;0.959325240372076;-0.0550759366585666;-1.98828681736347
59640;-2531423.16421621;-3594309.14260252;-5317566.77908029;7125.42472704045;-1664.43015231052;-1810.40229586513;6787637.97039048;0.0495057228038619;0.0414162812174625;0.959310923015546;-0.055122289268155;-1.95661971672018
59670;-2316318.67937817;-3642272.62613493;-5368960.67108581;7213.63619212675;-1532.74533323292;-1615.3974276264;6787366.3991094;0.0494843240921544;0.0424174569693092;0.959297640933508;-0.0551699644917658;-1.92480365018699
59700;-2098680.07816621;-3686251.0423674;-5414463.94098192;7294.33967337403;-1398.77873203389;-1417.72448443067;6787113.32194643;0.0494585718390413;0.0433603610042668;0.959285464251846;-0.0552188886057049;-1.89282733372873
59730;-1878734.92986889;-3726177.73633431;-5453999.30659455;7367.38065073526;-1262.65099397971;-1217.56847672573;6786880.1931412;0.0494287039712361;0.044235640265337;0.95927445978172;-0.0552689814313006;-1.86067982786317
59760;-1656715.36569745;-3761989.73968492;-5487495.12665354;7432.60957783031;-1124.48725329082;-1015.12045679037;6786668.42657434;0.0493950047011797;0.0450342898701725;0.959264690624516;-0.0553201564847901;-1.82835063394948
59790;-1432857.92393959;-3793627.90577333;-5514885.58220101;7489.8822602805;-984.417159757061;-810.577526632219;6786479.38722676;0.04935780349032;0.0457477486171647;0.95925621577477;-0.0553723211640302;-1.7958297935008
59820;-1207403.38353223;-3821037.04540951;-5536110.85802058;7539.06024937949;-842.574896035073;-604.142831268533;6786314.38229491;0.0493174735224413;0.0463679968453883;0.95924908972324;-0.0554253769736263;-1.76310798988376
59850;-980596.585599545;-3844166.06297775;-5551117.32362938;7580.01125064625;-699.099184688709;-396.025536076827;6786174.65199916;0.0492744296605227;0.0468876558543695;0.959243362062522;-0.0554792197899068;-1.73017665160113
59880;-752686.242518327;-3862968.09260036;-5559857.71333493;7612.60954667827;-554.133284005339;-186.440786871704;6786061.36012982;0.049229125864108;0.0473000879085842;0.959239077097834;-0.0555337401669792;-1.69702805617089
59910;-523924.734092052;-3877400.63399525;-5562291.30481813;7636.73643358487;-407.824971596288;24.3903486594547;6785975.58438302;0.049182052048842;0.0475994956594884;0.959236273465758;-0.0555888236848708;-1.66365543342275
59940;-294567.890438916;-3887425.68764554;-5558384.09566231;7652.28067013247;-260.326514770081;236.240959545705;6785918.30654696;0.0491337303757753;0.0477810196201466;0.959234983763952;-0.0556443513404929;-1.63005306683389
59970;-64874.7612274492;-3893009.8888692;-5548108.97720704;7659.13893857567;-111.794626652915;448.878391537955;6785890.40260702;0.0490847109653253;0.0478408321308152;0.959235234195018;-0.0557001999818658;-1.59621639132849
60000;164892.629073381;-3894124.64034564;-5531445.90506299;7657.21631598036;37.6095929769698;662.064369919499;6785892.63284667;0.0490355670394677;0.0477762260659159;0.95923704422786;-0.055756242785702;-1.56214208577631
60030;394469.540224248;-3890746.24262502;-5508382.06558325;7646.42675466878;187.720733174818;875.555146496829;6785925.63202935;0.0489868895057828;0.0475856963642081;0.959240426280048;-0.0558123497780749;-1.52782815825654
60060;623588.789776517;-3882856.02211546;-5478912.03754531;7626.6935702316;338.369164660641;1089.1016721195;6785989.89975461;0.0489392810083646;0.0472690123239849;0.959245385424763;-0.0558683883974875;-1.49327402201186
60090;851981.041365574;-3870440.4560124;-5443037.94825813;7597.94993535978;489.381151004918;1302.44979603738;6786085.79108948;0.0488933494831492;0.0468272785068071;0.95925191912606;-0.0559242240992192;-1.45848055991875
60120;1079375.10788235;-3853491.29360481;-5400769.62327006;7560.13937755136;640.57897914974;1515.34049334787;6786213.50758335;0.0488497012687566;0.0462629820474867;0.959260017006177;-0.0559797209993543;-1.42345017525339
60150;1305498.26960757;-3832005.67336389;-5352124.72881736;7513.21627854488;791.781110207486;1727.51012171287;6786373.0887812;0.0488089338381572;0.045580024187025;0.959269660648664;-0.0560347425563994;-1.38818682655092
60180;1530076.60732573;-3805986.23519245;-5297128.90611815;7457.14637312606;942.80235142778;1938.69070843515;6786564.40435563;0.0487716282310076;0.0447837339391574;0.9592808234411;-0.0560891522878758;-1.35269604444884
60210;1752835.35036219;-3775441.22718728;-5235815.89658653;7391.90724474764;1093.45405015882;2148.61026887339;6786787.1469827;0.048738341280905;0.0438808619788048;0.95929347046105;-0.0561428145187371;-1.31698492858267
60240;1973499.23940665;-3740384.60624342;-5168227.65701322;7317.48881519768;1243.54431055039;2356.99315704565;6787040.82608998;0.0487095977455577;0.042879553107254;0.95930755840882;-0.0561955951579083;-1.28106212286804
60270;2191792.90390068;-3700836.13180781;-5094414.46373633;7233.89382535076;1392.87823365199;2563.56044911948;6787324.76260687;0.0486858824604038;0.0417892960067139;0.959323035590407;-0.0562473624986934;-1.24493776786058
60300;2407441.25367472;-3656821.45207219;-5014435.00480745;7141.13830384346;1541.25818145026;2768.03036031383;6787638.08484715;0.0486676326469181;0.0406208494421758;0.959339841953765;-0.0562979880382444;-1.20862342933036
60330;2620169.88442267;-3608372.18188031;-4928356.45914498;7039.25202033231;1688.4840652643;2970.11869554275;6787979.72565209;0.0486552305151346;0.0393861445936308;0.959357909181256;-0.0563473473107439;-1.17213200271236
60360;2829705.49649927;-3555525.97161437;-4836254.5616604;6928.27891982351;1834.35365877566;3169.53933391296;6788348.42091817;0.0486489963052155;0.0380981637930856;0.959377160840801;-0.056395320728436;-1.13547759368614
60390;3035776.32641784;-3498326.56631924;-4738213.65334308;6808.27753441254;1978.66293581156;3366.0047469475;6788742.70962718;0.0486491819146925;0.0367707965791089;0.959397512597811;-0.0564417944241481;-1.09867537577602
60420;3238112.5903141;-3436823.8543224;-4634326.71529702;6679.32136864179;2121.20643282524;3559.22655014621;6789160.93548776;0.0486559652559289;0.0354186746434147;0.959418872489539;-0.0564866610884951;-1.0617414265255
60450;3436446.93852644;-3371073.90461187;-4524695.38573869;6541.49925458064;2261.77763582739;3748.91608721175;6789601.25028626;0.0486694454821155;0.0340569879019687;0.959441141262958;-0.0565298207945619;-1.02469254445807
60480;3630514.92032477;-3301138.99224474;-4409429.95898996;6394.91567265772;2400.16939131705;3934.78504596902;6790061.61903049;0.0486896392096285;0.0327012845480807;0.959464212776673;-0.0565711818025137;-0.987546049661968
60510;3820055.45770061;-3227087.61107594;-4288649.36553365;6239.69103423487;2536.17434054191;4116.54610468763;6790539.82695415;0.0487164778499589;0.03136725850627;0.95948797446678;-0.05661066133632;-0.950319571399107
60540;4004811.32701028;-3148994.47312015;-4162481.13224335;6075.9619219093;2669.58537618663;4293.91360718516;6791033.48843001;0.0487498061459018;0.0300705281768992;0.959512307875865;-0.0566481863245881;-0.913030826610241
60570;4184529.64714332;-3066940.49389073;-4031061.32195243;5903.88128356949;2800.19612034645;4466.60426474456;6791540.05781884;0.0487893819847883;0.0288264107168254;0.959537089243674;-0.0566836940974011;-0.87569739354516
60600;4358962.37277006;-2981012.76309713;-3894534.45159198;5723.61857631402;2927.80142239421;4634.33788252834;6792056.8422573;0.0488348775368413;0.0276496963229777;0.959562190157191;-0.0567171330310596;-0.838336484969749
60630;4527866.79110765;-2891304.50012819;-3753053.38820172;5535.35985647455;3052.19787509421;4796.83810781644;6792581.01636219;0.0488858817400267;0.0265544270614622;0.959587478257138;-0.0567484631327249;-0.80096472547908
60660;4691006.02053317;-2797914.99380185;-3606779.22220391;5339.30781216648;3173.18434705964;4953.83319704112;6793109.6388009;0.0489419041249068;0.0255536847114245;0.959612817997135;-0.0567776565571842;-0.763597937374124
60690;4848149.50926923;-2700949.52592256;-3455881.11742599;5135.68173502579;3290.56252939466;5105.05679824365;6793639.67064941;0.0490023799448955;0.0246593918739906;0.959638071450949;-0.0568046980482854;-0.726250939342763
60720;4999073.53227083;-2600519.27825652;-3300536.1374641;4924.71742807884;3404.13749411179;5250.24874524162;6794167.99542937;0.0490666765498535;0.0238821302454783;0.959663099162577;-0.0568295852980414;-0.688937361836851
60750;5143561.68435593;-2496741.22261065;-3140929.04809608;4706.66704703426;3513.71826167327;5389.15585947558;6794691.44068589;0.0491341009150245;0.0232309794890479;0.9596877610331;-0.0568523292169711;-0.651669482574285
60780;5281405.36754666;-2389737.99378408;-2977252.09557749;4481.79887268101;3619.1183747765;5521.53275520817;6795206.80093805;0.049203908213641;0.0227133795847764;0.95971191723763;-0.0568729541099297;-0.61445808504342
60810;5412404.27052512;-2279637.74525094;-2809704.76078858;4250.39701252357;3720.15647529224;5647.14264348095;6795710.86180523;0.0492753113007509;0.022335018922889;0.959735429164986;-0.056891497752479;-0.577312342274433
60840;5536366.83805885;-2166573.98752841;-2638493.48934119;4012.76103027994;3816.65688107458;5765.75813000282;6796200.42508508;0.0493474909584364;0.0220997497571518;0.959758160372205;-0.05690801136375;-0.540239727497239
60870;5653110.72821823;-2050685.40928532;-2463831.39790261;3769.20550240828;3908.45015919753;5877.16200195178;6796672.33453392;0.0494196067389025;0.0220095319847674;0.959779977545477;-0.0569225594727532;-0.503245952657677
60900;5762463.25519094;-1932115.68135188;-2285937.95714604;3520.05950140682;3995.37369203943;5981.14799852745;6797123.50207777;0.0494908082320789;0.02206440559072;0.95980075145874;-0.0569352196761773;-0.466334935138155
60930;5864261.81550091;-1811013.24389995;-2105038.6518939;3265.66600624503;4077.272232536;6077.52155999755;6797550.93416379;0.0495602465784149;0.0222624915114979;0.959820357920845;-0.0569460822868748;-0.429508792448789
60960;5958354.29545869;-1687531.07717504;-1921364.61917848;3006.38124092258;4153.99844485981;6166.10054994352;6797951.75794674;0.0496270860452959;0.0226000201522202;0.959838678702036;-0.0569552498734521;-0.392767864137079
60990;6044599.45771036;-1561826.45627357;-1735152.2651032;2742.57394281062;4225.41342676111;6246.71594543131;6798323.24699538;0.0496905154867803;0.0230713863447306;0.959855602430451;-0.0569628366926323;-0.356110759720612
61020;6122867.30481167;-1434060.69057177;-1546642.86154504;2474.62456309646;4291.38720982464;6319.21248991642;6798662.846198;0.0497497595107852;0.0236692291681394;0.95987102544939;-0.056968968017339;-0.319534431083994
61050;6193039.41783352;-1304398.84852442;-1356082.12389198;2202.92440231948;4351.79923396069;6383.44930383841;6798968.19554733;0.0498040891851202;0.0243845347687038;0.959884852626315;-0.056973779364721;-0.283034267499428
61080;6255009.26810464;-1173009.46866005;-1163719.77115804;1927.87468464301;4406.53879255791;6439.30044807062;6799237.15249042;0.0498528321234503;0.0252067601093583;0.959896998104888;-0.0569774156295968;-0.246604211226415
61110;6308682.50031627;-1040064.2577047;-969809.069959418;1649.885575143;4455.50544487956;6486.65543566472;6799467.8125411;0.0498953818039991;0.0261239754428692;0.959907385991767;-0.0569800301300086;-0.21023689151226
61140;6353977.18535104;-905737.776865534;-774606.363967173;1369.37514499978;4498.60939248395;6525.41968766525;6799658.52786988;0.0499312059872085;0.0271230232263916;0.95991595097053;-0.0569817835727272;-0.173923774741218
61170;6390824.04135365;-770207.117399189;-578370.590572767;1086.76829004438;4535.77181669178;6555.51492916328;6799807.92360936;0.0499598541133036;0.028189691167043;0.959922638835759;-0.0569828429476161;-0.137655328454142
61200;6419166.62173224;-633651.566674325;-381362.786611366;802.495608624717;4566.9251744059;6576.8795222067;6799914.91164092;0.0499809635764767;0.0293088970950263;0.959927406941134;-0.0569833803607246;-0.101421196969369
61230;6438961.46896525;-496252.266014491;-183845.585081683;516.992245211989;4592.01344990899;6589.46873268163;6799978.70166201;0.0499942647889722;0.0304648833898886;0.959930224556327;-0.0569835718168281;-0.0652103863663603
61260;6450178.2332873;-358191.861673095;13917.2951201583;230.696706554563;4610.99236061789;6593.25492881895;6799998.80936987;0.0499995849654987;0.0316414187248433;0.959931073128476;-0.0569835959628315;-0.0290114566344027
61290;6452799.75553655;-219654.150347382;211661.564373439;-55.9503425007744;4623.8295151556;6588.22770955418;6799975.06163833;0.0499968505759589;0.0328220049330878;0.95992994644506;-0.0569836328040161;0.00718728117110338
61320;6446822.11366332;-80823.7206814449;409122.880288855;-342.507296168348;4630.50452250647;6574.39396156988;6799907.59860769;0.0499860884323726;0.0339900868302541;0.959926850696191;-0.0569838624054964;0.0433975648911709
61350;6432254.63262298;58114.4077609873;606037.366298354;-628.532830364538;4631.00905144286;6551.77784446856;6799796.87265209;0.0499674253939325;0.0351292628424369;0.959921804435423;-0.0569844635914833;0.0796309804550559
61380;6409119.85760173;196975.146555351;802142.128722275;-913.587123270662;4625.34683984447;6520.42070415147;6799643.6442351;0.0499410866923496;0.036223494286198;0.959914838439401;-0.0569856126549998;0.115898762414643
61410;6377453.49075107;335573.70000321;997175.770168931;-1197.23306628666;4613.53365396938;6480.38091510507;6799448.97470947;0.049907392897901;0.0372573111248751;0.959905995467844;-0.0569874820905689;0.152211597956745
61440;6337304.29183053;473725.924752268;1190878.89715214;-1479.03745796054;4595.59719817144;6431.73365291345;6799214.2161617;0.0498667555648399;0.0382160119866479;0.959895329926482;-0.0569902393621006;0.188579436567903
61470;6288733.94337854;611248.685975594;1382994.61986068;-1758.57217368027;4571.57697598538;6374.5705989117;6798940.99844429;0.0498196716129581;0.0390858561790205;0.959882907436707;-0.056994045717735;0.225011307577703
61500;6231816.88124304;747960.208670086;1573269.04207994;-2035.41530419841;4541.5241039132;6308.99957946382;6798631.21357834;0.0497667165200079;0.0398542453793792;0.959868804316726;-0.0569990550627781;0.261515147862601
61530;6166640.09150648;883680.422680137;1761451.73934816;-2309.15225641956;4505.50107963622;6235.14414288125;6798286.99774482;0.0497085364172203;0.0405098926316871;0.959853106979992;-0.0570054129010933;0.298097642043095
61560;6093302.87503073;1018231.30010972;1947296.22352828;-2579.37681031087;4463.58150674195;6153.14307748674;6797910.7111142;0.0496458391971132;0.0410429762472179;0.95983591125756;-0.0570132553544075;0.334764077540736
61590;6011916.5810239;1151437.18385393;2130560.39208752;-2845.69212628727;4415.84977838824;6063.14987476683;6797504.91579083;0.0495793847589382;0.0414452762052482;0.959817321651808;-0.0570227082679693;0.371518216865255
61620;5922604.31119316;1283125.10605809;2311006.96050158;-3107.71169796887;4362.40072262529;5965.33214194006;6797072.35216929;0.0495099745321389;0.0417102906915337;0.959797450529623;-0.0570338864098761;0.408362189462192
61650;5825500.59619134;1413125.09539846;2488403.87633494;-3365.0602457965;4303.33921235501;5859.87096859185;6796615.91401561;0.0494384404317784;0.0418333305114802;0.959776417263671;-0.0570468927701913;0.445296405354514
61680;5720751.04619165;1541270.47217095;2662524.71369227;-3617.37454761446;4238.77974312536;5746.96025228901;6796138.6225955;0.0493656334116361;0.0418115892829501;0.959754347330816;-0.0570618179647157;0.482319492646135
61710;5608511.97753183;1667398.1302731;2833149.04688672;-3864.3042029762;4168.8459821317;5626.80598828487;6795643.60017596;0.0492924117901585;0.0416441875604925;0.959731371377004;-0.0570787397469909;0.519428260710925
61740;5488950.01745638;1791348.80526804;3000062.80232615;-4105.51232858818;4093.67029192778;5499.62552855961;6795134.04322436;0.0492196295312577;0.0413321893743933;0.959707624258091;-0.057097722630804;0.556617690561918
61770;5362241.68905325;1912967.327825;3163058.58777698;-4340.67618297065;4013.39323243597;5365.64681551048;6794613.19562206;0.0491481246656561;0.0408785900860113;0.959683244066072;-0.0571188176241735;0.593880953480107
61800;5228572.97852908;2032102.86194019;3321935.99832512;-4569.48771907097;3928.16304488916;5225.10759561516;6794084.32219718;0.0490787080387056;0.0402882749622029;0.959658371150116;-0.0571420620745206;0.631209458483796
61830;5088138.88699531;2148609.12745026;3476501.89851234;-4791.65406420656;3838.13512133857;5078.25461834084;6793550.68286459;0.0490121525670514;0.0395679484464632;0.959633147141508;-0.0571674796235164;0.668592928647497
61860;4941142.96894688;2262344.60645955;3626570.68028347;-5006.89792733278;3743.4714633234;4925.3428254661;6793015.5076401;0.0489491831789406;0.0387260347379978;0.959607713991294;-0.0571950802689331;0.706019505648737
61890;4787796.85960644;2373172.73340901;3771964.49653219;-5214.95793421809;3644.34013322291;4766.63453582652;6792481.97277187;0.0488904676013134;0.0377725509609954;0.959582213028968;-0.0572248605297524;0.743475881252942
61920;4628319.79328119;2480962.06861867;3912513.47018109;-5415.58889165883;3540.91470170279;4602.39863029319;6791953.1782055;0.0488366081411406;0.036718954889774;0.959556784049989;-0.0572568037098017;0.780947453766037
61950;4462938.11483775;2585586.45523606;4048055.87887186;-5608.56198237297;3433.37369452809;4432.90974155161;6791432.12657;0.0487881345889722;0.0355779698615851;0.959531564439312;-0.0572908802543065;0.818418506821071
61980;4291884.78634443;2686925.15961859;4178438.31547497;-5793.66489267328;3321.90004184958;4258.44745297247;6790921.70384226;0.0487454983498089;0.0343633901273314;0.959506688337414;-0.0573270481929813;0.855872407249379
62010;4115398.89086053;2784862.99526833;4303515.82475208;-5970.70187543025;3206.68053288232;4079.29551056223;6790424.6618165;0.0487090678807267;0.0330898704304549;0.95948228585459;-0.057365253662632;0.893291818249392
62040;3933725.13527211;2879290.43052218;4423152.01661932;-6139.49375119472;3087.9052786888;3895.74105165498;6789943.60247456;0.0486791254869359;0.0317727040377725;0.959458482338507;-0.0574054315017181;0.930658923635122
62070;3747113.3539822;2970103.68027864;4537219.1565644;-6299.87785065531;2965.76718555838;3708.07385366524;6789480.96432261;0.0486558654989856;0.0304275937500758;0.959435397699205;-0.0574475059089165;0.967955658644609
62100;3555818.01516476;3057204.78211332;4645598.23386476;-6451.70790185923;2840.46144124406;3516.58560586856;6789039.01073067;0.0486393938245688;0.0290704205773558;0.959413145794954;-0.0574913911574486;1.00516394263372
62130;3360097.73118541;3140501.65720012;4748179.00833762;-6594.85386582567;2712.18501608017;3321.56920681929;6788619.82028351;0.0486297288397965;0.0277170147649573;0.959391833881558;-0.0575369923567717;1.04226590898117
62160;3160214.77468067;3219908.15651173;4844860.0364257;-6729.20172433138;2581.13618076422;3123.31808965713;6788225.27912593;0.04862680355786;0.026382933702346;0.959371562126919;-0.0575842062531842;1.07924412768717
62190;2956434.60167277;3295344.09282308;4935548.67748462;-6854.65322375036;2447.51404234676;2922.12557720107;6787857.07526161;0.0486304689885333;0.0250832509435304;0.95935242319192;-0.0576329220609532;1.11608181645209
62220;2749025.38297913;3366735.25908428;5020161.08118982;-6971.12557888636;2311.51809973608;2718.28426838472;6787516.69474362;0.0486404985807482;0.0238323601337408;0.959334501877956;-0.0576830223157326;1.1527630364577
62250;2538257.54505762;3434013.43376521;5098622.15702231;-7078.55114075155;2173.34781979493;2512.08545725468;6787205.41967623;0.0486565936230813;0.0226437970940858;0.959317874840757;-0.0577343837422833;1.18927286961741
62280;2324403.32131002;3497116.37380274;5170865.52682447;-7176.87703222126;2033.20223488365;2303.81858543627;6786924.3279315;0.0486783894638277;0.0215300826920298;0.959302610369537;-0.0577868781288382;1.22559757468682
62310;2107736.31474928;3555987.79580434;5236833.46143983;-7266.06475543619;1891.27956249287;2093.77072867123;6786674.29447125;0.0487054624035991;0.0205025884516455;0.959288768229887;-0.0578403732008465;1.26172472030092
62340;1888531.07282101;3610577.3461777;5296476.80246437;-7346.08977473444;1747.77684740872;1882.22611775178;6786455.9941543;0.04873733710907;0.0195714261654286;0.959276399568369;-0.0578947334872912;1.29764329369655
62370;1667062.67505813;3660840.5608668;5349754.87014295;-7416.94107878037;1602.88962666642;1669.4656939162;6786269.90590114;0.0487734943964152;0.0187453620885517;0.959265546876251;-0.0579498211732714;1.33334378456081
62400;1443606.33413932;3706738.81537957;5396635.35844263;-7478.62072541872;1456.81161737547;1455.76669853348;6786116.31808269;0.0488133792367862;0.018031755654298;0.959256244009476;-0.0580054969330824;1.36881824408782
62430;1218437.01081872;3748239.2657927;5437094.21832632;-7531.14337262551;1309.73442734071;1241.40229668995;6785995.33499684;0.0488564088433877;0.0174365220680537;0.959248516261608;-0.0580616207385905;1.40406031990841
62460;991829.043095375;3785314.78141443;5471115.53023548;-7574.535798755;1161.84728826033;1026.64123409815;6785906.88429544;0.0489019807097515;0.0169641176337937;0.959242380486246;-0.0581180526382798;1.43906526806016
62490;764055.789897856;3817943.86977764;5498691.36677075;-7608.8364150981;1013.33681115289;811.747526578364;6785850.72522563;0.0489494804810693;0.0166175462528198;0.959237845265162;-0.058174653502937;1.47382994357969
62520;535389.289472018;3846110.59462372;5519821.64653462;-7634.09477357573;864.386763551427;596.980181214998;6785826.45755176;0.0489982895542683;0.0163983852146746;0.959234911118312;-0.0582312857345261;1.50835277161846
62550;306099.93257779;3869804.4875217;5534513.98007118;-7650.37107219275;715.177867903343;382.592948163247;6785833.53102901;0.0490477923173053;0.0163068281755179;0.959233570751746;-0.0582878139353816;1.54263370120744
62580;76456.1505253901;3889020.45374956;5542783.50880582;-7657.73566067821;565.887620528821;168.834101974606;6785871.25530465;0.0490973829533157;0.0163417430850479;0.959233809339408;-0.058344105535409;1.57667414393013
62610;-153275.881988532;3903758.67304374;5544652.73785238;-7656.26854853698;416.690130418325;-44.0537487777159;6785938.81013006;0.0491464717503;0.0165007427717315;0.959235604834838;-0.0584000313755208;1.61047689981357
62640;-382832.529348039;3914024.49580046;5540151.36351742;-7646.05891753916;267.755977089759;-255.833824862114;6786035.25577355;0.0491944908715118;0.0167802659175512;0.959238928308815;-0.0584554662460478;1.64404607272537
62670;-611952.962949444;3919828.33528839;5529316.09629217;-7627.20464047879;119.252086677785;-466.275314082384;6786159.54353256;0.0492408995553032;0.0171756662352093;0.959243744309083;-0.0585102893793433;1.67738697748197
62700;-840379.414810392;3921185.55640667;5512190.48008141;-7599.81180784343;-28.6583746094011;-675.15348468153;6786310.52625176;0.0492851887256136;0.0176813077909672;0.959250011238417;-0.0585643848962482;1.71050604074241
62730;-1067857.41711615;3918116.36149608;5488824.70837709;-7563.99426385275;-175.816090557789;-882.249775859138;6786486.96876281;0.0493268850054012;0.0182906645817659;0.959257681747423;-0.0586176422064903;1.74341069759563
62760;-1294136.02800382;3910645.67368387;5459275.43804203;-7519.87315314853;-322.065669449791;-1087.35186681727;6786687.5581702;0.0493655541349932;0.0189964226650244;0.95926670313866;-0.0586699563634643;1.77610928555843
62790;-1518968.0439212;3898803.01821563;5423605.60132667;-7467.57647925071;-467.255703920908;-1290.2537257502;6786910.91391636;0.049400803805563;0.019790583342202;0.959277017778839;-0.0587212283741732;1.80861093749798
62820;-1742110.19892787;3882622.40219948;5381884.21669926;-7407.23867573553;-611.238817093272;-1490.75564018379;6787155.59756809;0.0494322859247283;0.0206645661042579;0.959288563516087;-0.0587713654653997;1.84092547478438
62850;-1963323.35133282;3862142.19316067;5334186.19902841;-7339.00019094212;-753.871695904537;-1688.66423005206;6787420.12227481;0.0494596983366916;0.0216093102504024;0.959301274099445;-0.0588202813074373;1.87306330177478
62880;-2182372.65808464;3837404.99677706;5280592.16961508;-7263.00708687429;-895.015112540931;-1883.79244487323;6787702.96185705;0.0494827860234922;0.0226153742854657;0.959315079598027;-0.058867896196923;1.90503530253565
62910;-2399027.73734856;3808457.53413873;5221188.26653117;-7179.41065283378;-1034.53393486872;-2075.95954635542;6788002.55949158;0.0495013418169416;0.023673032380586;0.959329906817482;-0.0589141372004953;1.93685274052949
62940;-2613062.81971879;3775350.51884881;5156065.95568235;-7088.36703420041;-1172.29712673954;-2264.99107772528;6788317.33596661;0.0495152066527955;0.0247723673445008;0.959345679711618;-0.0589589382611475;1.96852716182848
62970;-2824256.88852542;3738138.53425628;5085321.84297435;-6990.0368766638;-1308.1777390227;-2450.71882103153;6788645.6974874;0.0495242693998191;0.0259033596954391;0.959362319787294;-0.0590022402692585;2.00007030227436
63000;-3032393.80970271;3696879.91108652;5009057.48792548;-6884.58498610872;-1442.05289219247;-2632.98074363029;6788986.04301868;0.0495284662967742;0.0270559725465518;0.959379746500887;-0.0590439911003646;2.03149399887961
63030;-3237262.45169017;3651636.60571092;4927379.21903229;-6772.18000426374;-1573.8037512706;-2811.62093501201;6789336.77115619;0.0495277800301076;0.0282202321204427;0.959397877644883;-0.0590841456217928;2.06281010566161
63060;-3438656.79584003;3602474.07927314;4840397.95116129;-6652.99410013805;-1703.31549389509;-2986.48953508013;6789696.2865246;0.0495222384844191;0.0293863037908303;0.959416629723311;-0.0591226656703001;2.09403041401828
63090;-3636376.03780399;3549461.17786721;4748229.00520729;-6527.20267719525;-1830.47727225522;-3157.44265494119;6790063.00570365;0.0495119131967038;0.0305445636139388;0.959435918314974;-0.0591595200028734;2.12516657768797
63120;-3830224.68036995;3492670.0139406;4650991.9302277;-6394.98409614469;-1955.18216960146;-3324.3422912144;6790435.36268867;0.0494969175440337;0.0316856653589892;0.959455658423594;-0.0591946842228223;2.15623004228919
63150;-4020012.61821443;3432175.84907496;4548810.32823269;-6256.51941316975;-2077.32715200614;-3487.0562348174;6790811.8138948;0.0494774046928595;0.0328006030786861;0.959475764814177;-0.05922814068327;2.1872319794032
63180;-4205555.21503062;3368056.9782771;4441811.68178329;-6111.99213335851;-2196.81301601827;-3645.45797513306;6791190.84271768;0.0494535653365303;0.0338807692786132;0.959496152335043;-0.05925987837009;2.2181832251439
63210;-4386673.37348385;3300394.61589436;4330127.184523;-5961.58797905439;-2313.54433282356;-3799.4266004116;6791570.96366561;0.0494256252460465;0.0349180087504177;0.959516736225157;-0.0592898927662784;2.24909422315271
63240;-4563193.59843741;3229272.7832502;4213891.57474373;-5805.49467280303;-2427.4293894878;-3948.84669521193;6791950.72608057;0.0493938426575131;0.0359046681301613;0.959537432406497;-0.0593181856996722;2.27997497195909
63270;-4734948.05388125;3154778.19807948;4093242.9720634;-5643.90173453508;-2538.38012783028;-4093.60823563731;6792328.71746714;0.0493585055183023;0.0368336412315812;0.959558157761333;-0.0593447651758399;2.31083497665826
63300;-4901774.61398483;3077000.16582651;3968322.71727061;-5477.00029259387;-2646.3120814424;-4233.60648307273;6792703.56644959;0.0493199286126005;0.0376984101864595;0.959578830394413;-0.0593696451978785;2.34168320487484
63330;-5063516.90868332;2996030.47285437;3839275.21537145;-5304.98290819016;-2751.14431133613;-4368.74187708507;6793073.94537877;0.0492784505858225;0.0384930824027603;0.959599369880132;-0.0593928455747528;2.37252804700185
63360;-5220024.36419335;2911963.2815995;3706247.78185395;-5128.04341284437;-2852.79934067733;-4498.91992810299;6793438.57261058;0.049234430886357;0.0392124233267261;0.959619697494869;-0.0594143917197091;2.40337728072889
63390;-5371152.23884112;2824895.02769275;3569390.49216839;-4946.37675835771;-2951.2030890303;-4624.05111045009;6793796.21447885;0.0491882466422557;0.0398518849703838;0.959639736434732;-0.0594343144401917;2.43423803989715
63420;-5516761.6545717;2734924.31905531;3428856.0344044;-4760.17887883931;-3046.28480651224;-4744.05075626442;6794145.68698497;0.0491402894898058;0.0404076301415173;0.959659412019033;-0.0594526497205808;2.46511678774325
63450;-5656719.62449393;2642151.83696677;3284799.56513118;-4569.64656430402;-3137.97700822977;-4858.83895079777;6794485.85722715;0.0490909623704187;0.0408765522910854;0.959678651879864;-0.0594694384989695;2.49601929461544
63480;-5790899.07680064;2546680.23909144;3137378.56835211;-4374.97734534688;-3226.21540934431;-4968.34042955135;6794815.64459141;0.0490406763119284;0.0412562908746252;0.959697386138177;-0.0594847264390824;2.52695062026367
63510;-5919178.87538901;2448614.06443916;2986752.71751254;-4176.36938839302;-3310.93886108885;-5072.48447766844;6795134.02172631;0.0489898472101897;0.0415452421101608;0.95971554756683;-0.0594985636983426;2.55791510081901
63540;-6041443.8374907;2348059.6402277;2833083.74048705;-3974.02140101771;-3392.08928803565;-5171.2048319716;6795440.01532283;0.0489388926267812;0.0417425650073193;0.959733071741074;-0.0595110046929868;2.58891634058517
63570;-6157584.74860635;2245124.99060474;2676535.28746143;-3768.13254682806;-3469.61162689218;-5264.43958599979;6795732.70671974;0.0488882286186468;0.0418481825406941;0.959749897176965;-0.0595221078610288;2.61995720876634
63600;-6267498.37502353;2139919.74717988;2517272.80161443;-3558.90236939693;-3543.45376708241;-5352.13109837107;6796011.23235471;0.0488382666155827;0.0418627778467106;0.95976596545822;-0.0595319354237801;2.65103984124922
63630;-6371087.47418216;2032555.06130944;2355463.39249503;-3346.53072473957;-3613.56649335028;-5434.22590476807;6796274.78407959;0.0487894103616125;0.0417877853368915;0.95978122135202;-0.0595405531465414;2.68216564754303
63660;-6468260.80313599;1923143.51807003;2191275.71198234;-3131.21772182502;-3679.90343060403;-5510.6746338171;6796522.60935833;0.0487420529364025;0.0416253766425131;0.959795612914272;-0.0595480300989941;2.71333532295929
63690;-6558933.12534361;1811799.05185068;2024879.8327077;-2913.16367061622;-3742.4209912026;-5581.43192710651;6796754.01136414;0.0486965738729903;0.0413784413354462;0.95980909158483;-0.0595544384157372;2.74454886608284
63720;-6643025.21600736;1698636.86348741;1856447.12881123;-2692.5690371358;-3801.0783248684;-5646.45636356669;6796968.34899196;0.0486533363881092;0.0410505624080938;0.959821612273171;-0.05955985305734;2.77580560154763
63750;-6720463.86616326;1583773.33885892;1686150.1588991;-2469.63440505791;-3855.83727139586;-5705.71038841184;6797165.03680114;0.0486126847413553;0.0406459865401491;0.959833133434992;-0.0595643515722077;2.8071042080856
63780;-6791181.88571046;1467325.96885703;1514162.55106183;-2244.56044333038;-3906.66231631003;-5759.16024682337;6797343.54490181;0.0485749417392388;0.0401695892317015;0.959843617140187;-0.0595680138594902;2.83844275176524
63810;-6855118.1055536;1349413.27064149;1340658.88980893;-2017.54787933534;-3953.52054961613;-5806.77592253488;6797503.39879792;0.0485404063998437;0.0396268349388743;0.959853029132626;-0.0595709219332031;2.86981872427942
63840;-6912217.37901703;1230154.7100842;1165814.60477069;-1788.79747710099;-3996.38162776793;-5848.53108146101;6797644.17919803;0.0485093517932966;0.0390237324091235;0.959861338882152;-0.0595731596876759;2.90122908608138
63870;-6962430.58267503;1109670.62530468;989805.86101381;-1558.51002008103;-4035.2177389706;-5884.40302049497;6797765.52180454;0.048482023072561;0.0383667854765206;0.959868519629145;-0.0595748126643876;2.93267031410414
63900;-7005714.616728;988082.151195169;812809.450814294;-1326.88629802261;-4070.00357192251;-5914.37262158351;6797867.11709043;0.0484586357081627;0.0376629396412946;0.959874548422025;-0.0595759678202092;2.96413845373478
63930;-7042032.40504001;865511.144830582;635002.686727632;-1094.12709744751;-4100.71628808913;-5938.42431117308;6797948.71007167;0.0484393739393646;0.0369195248205871;0.959879406147962;-0.0595767132970285;2.99562917465232
63960;-7071352.89493912;742080.111656349;456563.2957941;-860.43319527486;-4127.33549759257;-5956.54602510615;6798010.10008228;0.0484243894529989;0.0361441947171547;0.959883077557096;-0.0595771381927004;3.02713783007785
63990;-7093651.05686769;617912.132344323;277669.314714555;-626.005355116951;-4149.84323878997;-5968.72917903327;6798051.14055804;0.0484138002996737;0.0353448633074988;0.959885551280488;-0.0595773323332361;3.0586595189312
64020;-7108907.88395569;493130.790205211;98498.985830463;-391.044325782737;-4168.22396160509;-5974.96864439307;6798071.73883349;0.0484076900554211;0.0345296389990315;0.959886819841983;-0.0595773860461182;3.09018915033973
64050;-7117110.39157662;367860.099044062;-80769.3462594963;-155.75084152584;-4182.46451466818;-5975.26272999998;6798071.85595618;0.0484061072350269;0.0337067570457926;0.959886879664168;-0.0595773899346107;3.12172150990553
64080;-7118251.61693117;242224.431343835;-259957.337614939;79.6743764240791;-4192.55413631093;-5969.61316926709;6798051.50652061;0.048409064961369;0.0328845108425237;0.959885731068515;-0.05957743465292;-3.1299339800733
64110;-7112330.61869031;116348.446660808;-438886.747570703;315.030617506392;-4198.4844494547;-5958.02511307976;6798010.75852356;0.0484165408930737;0.0320711827366237;0.959883378269805;-0.0595776106820499;-3.09841196399356
64140;-7099352.47671569;-9642.979885447;-617379.541224808;550.117179109989;-4200.24946042203;-5940.50712832379;6797949.73324131;0.0484284774107372;0.0312749750059179;0.959879829364855;-0.0595780081061931;-3.06690292829653
64170;-7079328.29186136;-135624.829145572;-795257.991966998;784.733363947939;-4197.84556169365;-5917.07120206055;6797868.60512822;0.048444782059913;0.0305039416470126;0.959875096315545;-0.0595787163894988;-3.03541190583375
64200;-7052275.18584708;-261472.009616002;-972344.784217015;1018.67847798539;-4191.27153862468;-5887.73275132956;6797767.60173513;0.048465328247009;0.0297659216043532;0.959869194926118;-0.0595798241530646;-3.00394371757767
64230;-7018216.3011797;-387059.429375505;-1148463.11654099;1251.75182938072;-4180.5285801262;-5852.51063854781;6797647.00364481;0.0484899561823062;0.029068474044457;0.959862144814633;-0.0595814189520083;-2.97250290920842
64260;-6977180.80108547;-512262.068401634;-1323436.80531323;1483.75272890157;-4165.6202933097;-5811.42719246262;6797507.14442102;0.0485184740624399;0.0284188162439682;0.959853969378495;-0.0595835870524922;-2.94109369032979
64290;-6929203.86940182;-636955.051385829;-1497090.38908926;1714.48049227913;-4146.55272208391;-5764.50823460335;6797348.4105662;0.0485506594829882;0.0278237646154844;0.959844695753856;-0.0595864132085911;-2.90971987684261
64320;-6874326.71036366;-761013.721165485;-1669249.23385402;1943.7344449672;-4123.33436968481;-5711.78311116416;6797171.24148221;0.0485862610702604;0.0272896793428011;0.959834354768722;-0.0595899804389222;-2.878384836952
64350;-6812596.54820501;-884313.712890576;-1839739.63930706;2171.31392977511;-4095.9762251108;-5653.28473023731;6796976.12942722;0.0486250003200255;0.0268224130391738;0.959822980889516;-0.0595943698029818;-2.84709144122621
64380;-6744066.6264826;-1006731.02904146;-2008388.94634381;2397.01831784742;-4064.4917934256;-5589.0496043027;6796763.61946093;0.0486665736297662;0.0264272637800877;0.959810612160842;-0.0595996601771709;-2.81584201706331
64410;-6668796.2070139;-1128142.1154132;-2175025.64588903;2620.6470234674;-4028.89712988195;-5519.11789786522;6796534.30936911;0.0487106545101028;0.02610893279786;0.959797290138133;-0.0596059280305302;-2.78463830785718
64440;-6586850.56830768;-1248423.93818022;-2339479.48923513;2841.99952316525;-3989.2108778087;-5443.53348011597;6796288.84955768;0.0487568959602814;0.0258714870607807;0.959783059812882;-0.0596132472002499;-2.75348143708992
64470;-6498301.00335078;-1367454.06215319;-2501581.60003389;3060.87537961695;-3945.45431019327;-5362.34398247804;6796027.94290517;0.0488049329921047;0.025718326896721;0.959767969530066;-0.0596216886670687;-2.7223718775149
64500;-6403224.81659979;-1485110.73033782;-2661164.5880859;3277.07427082419;-3897.6513748797;-5275.6008608799;6795752.34456167;0.0488543852863133;0.0256521587611193;0.95975207089742;-0.0596313203307295;-2.69130942553441
64530;-6301705.320012;-1601272.94490269;-2818062.66506701;3490.39602507063;-3845.82874329044;-5183.3594625819;6795462.86168119;0.0489048599652636;0.0256749731943292;0.959735418686124;-0.0596422067857225;-2.66029318082109
64560;-6193831.82793482;-1715820.54966031;-2972111.7623254;3700.64066215475;-3790.01586256686;-5085.6790973619;6795160.35307331;0.0489559544656994;0.0257880279638678;0.959718070722506;-0.0596544090976035;-2.62932153118258
64590;-6079699.65065765;-1828634.31416222;-3123149.650877;3907.60844140404;-3730.24501100952;-4982.62311284566;6794845.72875936;0.0490072594954997;0.0259918363447467;0.959700087770326;-0.0596679845802508;-2.59839214262637
64620;-5959410.08641535;-1939596.0195051;-3271016.06372005;4111.09991697958;-3666.55135668429;-4874.25897374573;6794519.94941688;0.0490583620584489;0.0262861604562308;0.959681533403184;-0.0596829865744919;-2.56750195454708
64650;-5833070.41161672;-2048588.54594076;-3415552.82058223;4310.91600098425;-3598.9730190445;-4760.65834474926;6794184.02569585;0.0491088485312883;0.0266700095463411;0.95966247386662;-0.0596994642286101;-2.53664717993083
64680;-5700793.86905632;-2155495.96237787;-3556603.95520569;4506.85803489093;-3527.55113340224;-4641.89717677061;6793839.01738874;0.0491583077775484;0.0271416430968658;0.959642977929449;-0.059717462281325;-2.50582331045299
64710;-5562699.65385206;-2260203.61785841;-3694015.8452662;4698.72786980945;-3452.3299180637;-4518.05579625769;6793486.03243614;0.0492063342828748;0.0276985786106484;0.959623116723901;-0.0597370208479213;-2.47502512633427
64740;-5418912.89683577;-2362598.2350855;-3827637.34501314;4886.32795611291;-3373.35674392405;-4389.21899721362;6793126.22574881;0.0492525312967392;0.0283376039401004;0.959602963574129;-0.0597581752102947;-2.44424671081706
64770;-5269564.64510806;-2462568.00607322;-3957319.92070635;5069.46144294395;-3290.68220629672;-4255.47613556486;6792760.79782638;0.0492965139655194;0.0290547940197728;0.959582593812685;-0.0597809556117693;-2.41348146912751
64800;-5114791.83945328;-2560002.68998179;-4082917.78891413;5247.93228812045;-3204.36019872971;-4116.92122547576;6792390.99315259;0.0493379124419285;0.0298455318763323;0.959562084584581;-0.0598053870576415;-2.38272215179942
64830;-4954737.28829487;-2654793.71319363;-4204288.05772465;5421.54537895747;-3114.44798853851;-3973.65303717597;6792018.09834657;0.0493763749556339;0.0307045338050725;0.9595415146386;-0.0598314891224963;-2.35196088225103
64860;-4789549.63785592;-2746834.27167758;-4321290.87090894;5590.10666451675;-3021.0062937601;-3825.77519583202;6791643.4400494;0.049411570829629;0.0316258786224075;0.959520964105549;-0.0598592757654409;-2.3211891885262
64890;-4619383.33817444;-2836019.43567898;-4433789.55505949;5753.42329978855;-2924.09936120642;-3673.39628095704;6791268.38252544;0.0494431934264743;0.0326030409269987;0.959500514263204;-0.0598887551545;-2.29039803913413
64920;-4444398.60460814;-2922246.25676358;-4541650.76971239;5911.30380229998;-2823.79504526801;-3516.62992581393;6790894.32495782;0.0494709630079084;0.0336289283275394;0.959480247287787;-0.0599199295015097;-2.25957788294678
64950;-4264761.37444833;-3005413.87723208;-4644744.66044429;6063.55822163168;-2720.1648870895;-3355.5949162264;6790522.69841816;0.0494946294905414;0.0346959226208431;0.959460245991842;-0.0599527949089452;-2.22871869313855
64980;-4080643.25824906;-3085423.64191048;-4742945.0149169;6209.99832230784;-2613.28419370772;-3190.41528816971;6790154.96249131;0.0495139750793755;0.035795924928375;0.959440593548499;-0.0599873412302089;-2.19781001517646
65010;-3892221.48546316;-3162179.21230851;-4836129.42182264;6350.43778050495;-2503.23211671175;-3021.22042346887;6789792.60153668;0.0495288167597769;0.0369204048215579;0.959421373202191;-0.0600235519449915;-2.16684101889122
65040;-3699678.84396466;-3235586.68312481;-4924179.43266393;6484.692395;-2390.09172995044;-2848.14514288605;6789437.1205693;0.0495390086272421;0.0380604534836483;0.959402667966007;-0.0600614040514026;-2.13580055467622
65070;-3503203.61302404;-3305554.7010627;-5006980.72627637;6612.5803127501;-2273.95010577864;-2671.32979583192;6789090.0407453;0.0495444440329152;0.03920684096793;0.959384560305973;-0.0601008679766408;-2.10467721387303
65100;-3302989.48929219;-3371994.58590477;-5084423.27598258;6733.92226946156;-2154.89838929741;-2490.92034588713;6788752.89443857;0.0495450575213236;0.0403500776156702;0.959367131812678;-0.0601419075080374;-2.07345939340502
65130;-3099235.50533845;-3434820.45377721;-5156401.51923804;6848.54184546652;-2033.03187000685;-2307.06845127041;6788427.21989769;0.0495408265352792;0.0414804796918797;0.95935046286083;-0.0601844797463649;-2.04213536471477
65160;-2892145.94027917;-3493949.34251732;-5222814.52960389;6956.26573717986;-1908.45005025216;-2119.93153933989;6788114.55547539;0.0495317728613733;0.0425882392798602;0.959334632257442;-0.0602285350833391;-2.01069334704321
65190;-2681930.22202616;-3549301.33903811;-5283566.19085321;7056.92404435692;-1781.25670980563;-1929.67287416337;6787816.43342577;0.0495179637880552;0.0436634984453354;0.959319716879539;-0.0602740172052726;-1.97912158505739
65220;-2468802.82067817;-3600799.70856373;-5338565.37298786;7150.35057331291;-1651.55996588779;-1736.46161614263;6787534.37326851;0.0494995129469937;0.0446964276359643;0.959305791302445;-0.0603208631248443;-1.94740843078837
65250;-2252983.1325752;-3648371.02558798;-5387726.1099116;7236.38315619853;-1519.47232789267;-1540.47287262687;6787269.87472374;0.0494765808073718;0.0456773082205197;0.959292927419882;-0.0603690032429399;-1.9155424297781
65280;-2034695.35453328;-3691945.30638552;-5430967.77847257;7314.86398635122;-1385.11074604251;-1341.88773840071;6787024.41022554;0.0494493747920542;0.0465966189927284;0.95928119405732;-0.0604183614424861;-1.88351241125421
65310;-1814168.34777833;-3731456.14288152;-5468215.27855406;7385.63996965812;-1248.59665315979;-1140.89332488499;6786799.41702795;0.0494181489843058;0.0474451263666293;0.959270656580207;-0.0604688552161427;-1.85130758205281
65340;-1591635.49110071;-3766840.83766075;-5499399.21385701;7448.56309177476;-1110.05599870637;-937.68277684273;6786596.28892262;0.0493832033940475;0.0482139778729303;0.959261376498919;-0.0605203958296379;-1.81891762389086
65370;-1367334.52275854;-3798040.53987065;-5524456.07298058;7503.4908009417;-969.619274204518;-732.455275340198;6786416.36759397;0.0493448827536425;0.0488947984290895;0.959253411072469;-0.0605728885224168;-1.78633279345218
65400;-1141507.37066693;-3825000.3817465;-5543328.41036943;7550.28640603046;-827.42152912011;-525.416025674567;6786260.933644;0.0493035748150401;0.0494797887009418;0.959246812913241;-0.060626232747136;-1.7535440245955
65430;-914399.970423447;-3847669.61545803;-5555965.02665678;7588.81948932886;-683.602376257849;-316.776228945275;6786131.19732645;0.0492597081229036;0.0499618247019992;0.959241629595203;-0.0606803224493603;-1.72054303182002
65460;-686262.070736427;-3866001.74994846;-5562321.14789239;7618.96633344483;-538.305985690154;-106.753035918198;6786028.28903746;0.049213749242234;0.0503345575916682;0.959237903268283;-0.0607350463886135;-1.68732241393841
65490;-457347.025843815;-3879954.68740685;-5562358.60310376;7640.6103615666;-391.681066217945;104.430518189912;6785953.24961742;0.0491661994240929;0.0505925124392129;0.959235670281773;-0.0607902885016916;-1.65387575671155
65520;-227911.574535027;-3889490.85898455;-5556045.99959732;7653.64259016614;-243.880833342723;316.545599392791;6785907.02052741;0.0491175906994161;0.0507311845224269;0.959234960819823;-0.0608459283088694;-1.62019773300086
65550;1784.3945817051;-3894577.35933561;-5543358.89536485;7657.96209307139;-95.0629627162963;529.357682472376;6785890.43397126;0.0490684813986608;0.0507471315358103;0.959235798552245;-0.0609018413633198;-1.58628419879854
65580;231478.091889353;-3895186.07952971;-5524279.96791855;7653.47647566272;54.6104719717998;742.626681757409;6785904.20304297;0.049019451104172;0.050638059901009;0.959238200304052;-0.0609578997437125;-1.55213228331345
65610;460904.089932299;-3891293.83785549;-5498799.17883704;7640.10235776986;204.973077707909;956.107106509751;6785948.91198721;0.0489710950526491;0.0504029032124119;0.95924217574722;-0.061013972589577;-1.5177404711293
65640;689794.601184058;-3882882.50800037;-5466913.93326392;7617.76586365795;355.854238497728;1169.5482422544;6786025.00666871;0.0489240180168775;0.0500418907244591;0.95924772711833;-0.0610699266785934;-1.48310867432491
65670;917879.770598603;-3869939.14406312;-5428629.23356103;7586.40311729761;507.079230348956;1382.69435934388;6786132.78535381;0.0488788277087769;0.0495566037055552;0.9592548489658;-0.0611256270445268;-1.44823829236354
65700;1144887.98307424;-3852456.10182499;-5383957.82628087;7545.96074091382;658.469355872298;1595.2849499865;6786272.38991455;0.0488361277596015;0.0489500174590276;0.959263527930457;-0.0611809376340391;-1.41313225753325
65730;1370546.18589575;-3830431.15567683;-5332920.34158665;7496.39635460415;809.842099438112;1807.05499488982;6786443.79757188;0.0487965103474673;0.0482265268551166;0.959273742563205;-0.0612357220001077;-1.37779506376303
65760;1594580.22615126;-3803867.61057194;-5275545.42421551;7437.67907461115;961.011303771523;2017.73526057363;6786646.81329989;0.0487605485568998;0.0473919533396549;0.959285463183516;-0.0612898440292576;-1.34223277676049
65790;1816715.20304445;-3772774.40834936;-5211869.8550504;7369.79000762671;1111.7873688007;2227.05262829089;6786881.06301699;0.0487287885693059;0.046453531592714;0.95929865178236;-0.0613431686992667;-1.30645302362399
65820;2036675.83494143;-3737166.22774851;-5141938.66234007;7292.72273830253;1261.97747349043;2434.7304553579;6787145.98769302;0.0487017417966472;0.0454198743076237;0.959313261973073;-0.0613955628634605;-1.27046496037878
65850;2254186.84090336;-3697063.57741611;-5065805.22158468;7206.48380694177;1411.38582129538;2640.48896953678;6787440.83850212;0.0486798770825443;0.0443009139485769;0.959329238993455;-0.0614468960571536;-1.23427921627418
65880;2468973.33636263;-3652492.8811884;-4983531.34308818;7111.09317415609;1559.81390975378;2844.04569693322;6787764.67315064;0.0486636131049718;0.0431078208181027;0.959346519762133;-0.0614970413212522;-1.19790781415171
65910;2680761.24250093;-3603486.55491849;-4895187.34616746;7006.58466909293;1707.06082461256;3045.11592366965;6788116.35350703;0.0486533111220128;0.0418528973142081;0.959365032991939;-0.0615458760374979;-1.1613640667425
65940;2889277.70878352;-3550083.0741087;-4800852.11900399;6893.00641767393;1852.92355872847;3243.41319136923;6788494.54465543;0.0486492682062942;0.0405494488655919;0.959384699362647;-0.0615932827693237;-1.12466244936109
65970;3094251.54799451;-3492327.03160295;-4700613.16312599;6770.42124713947;1997.19735582701;3438.64982623878;6788897.71548788;0.0486517111142335;0.0392116326814762;0.959405431755031;-0.0616391501018152;-1.08781845011088
66000;3295413.68300548;-3430269.18459456;-4594566.62151996;6638.90706307213;2139.67607902199;3630.53750127097;6789324.14094035;0.0486607909327572;0.0378542861147617;0.959427135547657;-0.0616833734738408;-1.05084839937929
66030;3492497.60439302;-3363966.49021036;-4482817.28938836;6498.55719497605;2280.1526038037;3818.78783079742;6789771.90596561;0.0486765786384866;0.0364927370862257;0.959449708977347;-0.061725855995031;-1.01376928105014
66060;3685239.83790214;-3293482.12894423;-4365478.60659863;6349.4807064243;2418.41923499465;4003.11299631793;6790238.91132133;0.0486990616924973;0.0351425996225181;0.959473043563598;-0.0617665092399739;-0.976598528466442
66090;3873380.42063247;-3218885.51523108;-4242672.63090523;6191.80266575689;2554.26814694856;4183.22640220813;6790722.88123444;0.0487281417777954;0.0338195580935833;0.959497024596628;-0.06180525401175;-0.93935380871083
66120;4056663.38470349;-3140252.29447806;-4114529.99107341;6025.66437332125;2687.49184603403;4358.84335957155;6791221.37298286;0.0487636337669697;0.0325391441680369;0.959521531688021;-0.0618420210667739;-0.902052799204686
66150;4234837.24703552;-3057664.32590153;-3981189.81909098;5851.22354129887;2817.88365419986;4529.68179615566;6791731.78841367;0.0488052659845778;0.0313165108161;0.959546439382219;-0.0618767517928421;-0.864712960939421
66180;4407655.50376599;-2971209.65055887;-3842799.66072145;5668.65442226002;2945.23821216704;4695.46298989825;6792251.38739213;0.0488526818034017;0.0301662078622033;0.959571617826375;-0.0619093988323231;-0.827351312827448
66210;4574877.1277066;-2880982.44401113;-3699515.36373091;5478.14788273488;3069.35200053634;4855.91232331564;6792777.30314991;0.0489054425865635;0.0291019636142003;0.959596933495292;-0.0619399266425653;-0.789984211686818
66240;4736267.06713861;-2787082.95310798;-3551500.9432093;5279.91141828807;3190.02387684275;5010.76005559147;6793306.55947276;0.048963031959484;0.0281364769726582;0.959622249967422;-0.0619683119858576;-0.752627142251923
66270;4891596.74414189;-2689617.41644936;-3398928.42350678;5074.16910683386;3307.05562633232;5159.74210888028;6793836.08963892;0.0490248613677376;0.0272812241586642;0.959647428747136;-0.0619945443416445;-0.715294521339652
66300;5040644.55055954;-2588697.96814861;-3241977.65641504;4861.16149723459;3420.25252398744;5302.60086500834;6794362.75698988;0.0490902768498676;0.0265462838070979;0.959672330127699;-0.0620186262341898;-0.677999519911143
66330;5183196.33961679;-2484442.52459974;-3080836.11534286;4641.14543058273;3529.42390508677;5439.08596844216;6794883.37698492;0.0491585669290154;0.025940183675141;0.959696814088726;-0.0620405734694893;-0.640753906274404
66360;5319045.91114064;-2376974.6540363;-2915698.66536354;4414.39379197818;3634.38374136074;5568.95513110772;6795394.74056195;0.049228971504499;0.0254697716389123;0.959720741221156;-0.0620604152759569;-0.603567913098739
66390;5447995.48826812;-2266423.42876085;-2746767.30914807;4181.19519107416;3734.95121959605;5691.97493438698;6795893.6385983;0.0493006916048312;0.0251401130228012;0.959743973672238;-0.0620781943442397;-0.566450130286198
66420;5569856.1834865;-2152923.26002088;-2574250.90894163;3941.85357017373;3830.95131935875;5807.92162339935;6796376.88723878;0.0493728998475235;0.0249544156557444;0.959766376102439;-0.0620939667624563;-0.529407425097666
66450;5684448.45182067;-2036613.71560976;-2398364.88489067;3696.68773921188;3922.21538634768;5916.58188849884;6796841.35383408;0.0494447514386344;0.0249139834040399;0.959787816645741;-0.0621078018441812;-0.49244489028938
66480;5791602.52897148;-1917639.32037763;-2219330.89018156;3446.03083754762;4008.58169776424;6017.75362878903;6797283.98321123;0.0495153955364993;0.0250181983163714;0.95980816786445;-0.0621197818476098;-0.455565820404578
66510;5891158.85221611;-1796149.33994725;-2037376.4636095;3190.22972311283;4089.89601599238;6111.24669238194;6797701.82398065;0.0495839867993833;0.0252645309541133;0.959827307689369;-0.0621300015855165;-0.418771715805307
66540;5982968.46190729;-1672297.54804168;-1852734.66035464;2929.64429010966;4166.01212682958;6196.88358810794;6798092.05457074;0.0496496969357486;0.0256485779843443;0.959845120336059;-0.0621385679268504;-0.38206231353664
66570;6066893.38145404;-1546241.97794401;-1665643.66190092;2664.64671710988;4236.79235849688;6274.50016342449;6798452.00867264;0.049711726078175;0.0261641256939322;0.959861497187902;-0.0621455991920725;-0.3454356436994
66600;6142806.97373202;-1418144.65872187;-1476346.36618919;2395.62064807753;4302.1080776864;6343.9462433754;6798779.19977452;0.049769313807382;0.0268032377453802;0.959876337636781;-0.0621512244456185;-0.308888109672601
66630;6210594.27195749;-1288171.33696103;-1285089.9592483;2122.96030950085;4361.84015897996;6405.08622561926;6799071.34446683;0.0498217496608874;0.0275563652378232;0.95988954987245;-0.0621555826901401;-0.272414590272281
66660;6270152.28316406;-1156491.18486023;-1092125.4696941;1847.06956747121;4415.87942409317;6457.79962677713;6799326.38420789;0.0498683829712196;0.0284124769548944;0.959901051612028;-0.0621588219684185;-0.236008561754347
66690;6321390.26254598;-1023276.49564396;-897707.307624202;1568.36092917473;4464.12704756454;6501.98157564404;6799542.50525275;0.0499086318908979;0.0293592075664512;0.959910770761567;-0.0621610983800407;-0.199662237456802
66720;6364229.95707499;-888702.367347686;-702092.789565326;1287.2544938568;4506.49492572013;6537.54324916345;6799718.15646759;0.0499419914752441;0.0303830214923438;0.959918646002264;-0.0621625750210511;-0.163366722820259
66750;6398605.81695766;-752946.3761219;-505541.651246535;1004.17685886988;4542.90600599626;6564.4122474765;6799852.06477677;0.0499680407091682;0.0314693901212438;0.95992462729463;-0.0621634208558238;-0.12711218351255
66780;6424465.17367621;-616188.240284279;-308315.550075836;719.559986912523;4573.29457399622;6582.53290482249;6799943.24801913;0.0499864483800914;0.0326029800928852;0.959928676294778;-0.062163809531327;-0.0908880244005283
66810;6441768.38354562;-478609.476423278;-110677.559286556;433.840041002216;4597.60649598541;6591.86653357869;6799991.02502496;0.0499969777159347;0.0337678503852875;0.959930766677955;-0.0621639181447481;-0.0546830771469849
66840;6450488.93592195;-340393.048919939;87108.3442068491;147.456194090293;4615.79941489128;6592.39159927938;6799995.02276298;0.0499994897243628;0.0349476559882353;0.959930884365431;-0.0621639259761051;-0.0184857942517127
66870;6450613.52540834;-201723.014306953;284777.796147777;-139.150579484503;4627.84289826245;6584.10382503762;6799955.18044844;0.049993945187158;0.036125855980405;0.959929027652012;-0.0621640131979692;0.0177155526070234
66900;6442142.08762462;-62784.1619242694;482066.563337287;-425.538723300123;4633.71853705216;6567.01622440123;6799871.75054725;0.0499804052815185;0.0372859238525657;0.959925207232499;-0.0621643595747667;0.0539326720485174
66930;6425087.79833039;76238.3476417417;678711.06194098;-711.267321388118;4633.41999451664;6541.15906229693;6799745.2966562;0.0499590308182113;0.0384115579278295;0.959919446126674;-0.0621651431642877;0.0901770523919963
66960;6399477.03591797;215159.344833845;874448.873548272;-995.897316444973;4626.95300495454;6506.57974434472;6799576.68828547;0.0499300801047344;0.0394868897196415;0.959911779503492;-0.0621665390340274;0.12645976310428
66990;6365349.3075179;353794.012610791;1069019.25684721;-1278.99271621447;4614.33532245152;6463.3426354487;6799367.09261454;0.0498939054599188;0.040496688039284;0.959902254406392;-0.0621687180047986;0.162791260440701
67020;6322757.1391826;491958.245653526;1262163.65281438;-1560.12178067987;4595.59662022811;6411.52880918163;6799117.96333692;0.0498509484246245;0.0414265566203311;0.959890929382715;-0.0621718454337016;0.199181199472029
67050;6271765.93083174;629469.005823145;1453626.18137386;-1838.85818293156;4570.77834161298;6351.23573006889;6798831.02675042;0.0498017337312827;0.0422631229736027;0.959877874021382;-0.0621760800480166;0.235638254744783
67080;6212453.77685212;766144.672439804;1643154.12755081;-2114.78213688286;4539.93350407106;6282.57687143514;6798508.26528809;0.0497468621128609;0.0429942161311109;0.959863168403936;-0.0621815728409088;0.272169951878399
67110;6144911.25344455;901805.386000514;1830498.41523307;-2387.48148538834;4503.12645810093;6205.68127199592;6798151.89871952;0.0496870020492193;0.0436090308918411;0.959846902475066;-0.0621884660390186;0.308782512449703
67140;6069241.1739967;1036273.38401362;2015414.06675683;-2656.55274276832;4460.43260317299;6120.69303484942;6797764.36328197;0.0496228805655743;0.0440982761582231;0.95982917533952;-0.0621968921510604;0.345480714540722
67170;5985558.31393333;1169373.32769789;2197660.64664852;-2921.60208625185;4411.93806320516;6027.77077294462;6797348.28902533;0.0495552732136299;0.044454304963142;0.959810094493113;-0.0622069731054979;0.382267771316714
67200;5893989.10665189;1300932.61837337;2377002.687983;-3182.24629140971;4357.73932436093;5927.08700546699;6796906.47567444;0.0494849933805564;0.0446712238468938;0.959789774996104;-0.0622188194842158;0.419145229943817
67230;5794671.31229011;1430781.70245873;2553210.09995605;-3438.11360724886;4297.94283820409;5818.82750988628;6796441.86732558;0.0494128810840416;0.0447449793646118;0.959768338597761;-0.0622325298578849;0.456112893036883
67260;5687753.66119286;1558754.36408385;2726058.55541535;-3688.84456727081;4232.66459345109;5703.1906346528;6795957.52630156;0.049339791422703;0.0446734196985716;0.959745912821264;-0.0622481902274506;0.493168764636607
67290;5573395.47404674;1684688.00442633;2895329.85724637;-3934.09273344714;4162.02965972601;5580.38657770489;6795456.60649182;0.0492665828598185;0.0444563296252;0.95972263001835;-0.0622658735748751;0.530309022442295
67320;5451766.26073225;1808423.90698471;3060812.2826666;-4173.52537072762;4086.1717068426;5450.63663606347;6794942.32650022;0.0491941055241617;0.0440954374480325;0.959698626403189;-0.0622856395249605;0.567528017667872
67350;5323045.30000512;1929807.48810785;3222300.9046404;-4406.8240503575;4005.23250321367;5314.17243183897;6794417.94291394;0.0491231897143384;0.0435943929556553;0.959674041074969;-0.0623075341187878;0.604818303443789
67380;5187421.20216014;2048688.5322091;3379597.88978682;-4633.68518093418;3919.36139702086;5171.23511996472;6793886.72399348;0.0490546347920042;0.0429587159920904;0.959649015038487;-0.0623315896980553;0.64217069216193
67410;5045091.45685345;2164921.41120212;3532512.77231088;-4853.82046676763;3828.71478376923;5022.07458290212;6793351.92406506;0.04898919864447;0.042195715825112;0.959623690231776;-0.0623578248983919;0.679574341565496
67440;4896261.96826295;2278365.2878041;3680862.70364498;-5066.95729371862;3733.45556380386;4866.94861743973;6792816.75887515;0.0489275878882488;0.041314382147955;0.959598208569445;-0.0623862447485939;0.717016868738783
67470;4741146.57975282;2388884.30245758;3824472.6776377;-5272.83904326459;3633.75259328159;4706.12211853734;6792284.38214136;0.048870448972054;0.0403252492297105;0.959572711009865;-0.0624168408716801;0.754484490474846
67500;4579966.59017709;2496347.74372567;3963175.7312731;-5471.22533608034;3529.78013197477;4539.86626494987;6791757.86350677;0.0488183603207375;0.0392402354119665;0.95954733665382;-0.062449591782714;0.791962187819564
67530;4412950.26391144;2600630.20211446;4096813.12104191;-5661.89220691394;3421.71729113788;4368.4577111129;6791240.16807509;0.0487718256409492;0.0380724608040381;0.959522221881584;-0.0624844632774966;0.829433891938656
67560;4240332.33664202;2701611.70737084;4225234.47521588;-5844.63221298377;3309.74748449683;4192.17778948556;6790734.13767388;0.0487312684853661;0.0368360466254931;0.959497499534662;-0.062521408905502;0.866882687860449
67590;4062353.51886713;2799177.84939297;4348297.92239835;-6019.25447851753;3194.05788522813;4011.31172723469;6790242.47396194;0.0486970281458415;0.0355459001526588;0.959473298147709;-0.0625603705198252;0.904291032141793
67620;3879259.99898406;2893219.8829734;4465870.19683526;-6185.58467839675;3074.83889158551;3826.1478808121;6789767.72346648;0.0486693569175046;0.0342174896183961;0.959449741235358;-0.0626012788964209;0.94164098011431
67650;3691302.94773957;2983634.8166715;4577826.72107236;-6343.46496416008;2952.28360360837;3636.97699163047;6789312.26460558;0.0486484187466171;0.0328666136705681;0.959426946637872;-0.0626440544145534;0.978914418114292
67680;3498738.02572158;3070325.48618112;4684051.66663528;-6492.7538358556;2826.58731311456;3444.09146568855;6788878.29672261;0.0486342892458042;0.0315091700996255;0.959405025928759;-0.062688607790135;1.01609329599664
67710;3301824.89546173;3153200.61262218;4784437.99348921;-6633.32596341793;2697.9470089418;3247.78467963799;6788467.8311322;0.0486269570320942;0.0301609284936486;0.959384083886654;-0.0627348408535086;1.05315985528725
67740;3100826.73960632;3232174.84624015;4878887.46910432;-6765.07196138144;2566.56089916266;3048.35031542743;6788082.68415239;0.0486263263169494;0.0288373112723058;0.959364218033043;-0.0627826473632177;1.0900968485369
67770;2896009.78649708;3307168.79604538;4967310.66801191;-6887.89812082903;2432.62795175899;2846.08172530858;6787724.47207433;0.0486322206539886;0.0275531872009124;0.959345518236608;-0.0628319138474013;1.12688774579134
67800;2687642.84438571;3378109.04596547;5049626.95278464;-7001.72610252013;2296.3474550075;2641.27132864804;6787394.60800108;0.0486443877300889;0.0263226810105359;0.959328066384291;-0.0628825204646422;1.16351692456925
67830;2475996.84538749;3444928.15811806;5125764.43741256;-7106.49259514416;2157.9185986;2434.21004166073;6787094.30046891;0.048662505069533;0.0251590021751058;0.959311936118494;-0.0629343418763698;1.19996984031535
67860;2261344.40016147;3507564.66383845;5195659.93407538;-7202.14894261153;2017.54007630267;2225.18674086897;6786824.55374984;0.0486861865091769;0.0240742952508099;0.959297192639232;-0.0629872481232757;1.23623317494314
67890;2043959.36418819;3565963.04311786;5259258.88433108;-7288.66074422653;1875.40971075049;2014.48776079744;6786586.16972163;0.0487149892953823;0.02307951349821;0.959283892569475;-0.063041105498616;1.27229496176693
67920;1824116.41640201;3620073.69312273;5316515.27575229;-7366.00743148912;1731.72410077609;1802.39642614084;6786379.75118197;0.0487484216506038;0.0221843168143555;0.959272083881445;-0.06309577741175;1.30814468581691
67950;1602090.65082443;3669852.88647484;5367391.54504484;-7434.18182515019;1586.67829148957;1589.19261838876;6786205.70647657;0.0487859506588211;0.0213969943307418;0.959261805881184;-0.0631511252357785;1.34377335920262
67980;1378157.18173833;3715262.7199759;5411858.46867906;-7493.18967600083;1440.46546715646;1375.15237666196;6786064.25530625;0.0488270103240419;0.0207244114079835;0.95925308924833;-0.0632070091336997;1.37917357181556
68010;1152590.76284075;3756271.05445929;5449895.04205402;-7543.04919271421;1293.27666676647;1160.54753230668;6785955.43557576;0.0488710096643583;0.0201719802008951;0.959245956127754;-0.0632632888580694;1.4143395182189
68040;925665.42071511;3792851.44644624;5481488.34819812;-7583.79055988338;1145.3005220461;945.64537660874;6785879.11114691;0.0489173407149337;0.0197436524928561;0.959240420269442;-0.0633198245197409;1.44926700204704
68070;697654.10287224;3824983.07227462;5506633.4169881;-7615.45544921152;996.723017543081;730.708360825799;6785834.98036024;0.0489653863261873;0.0194419331155732;0.959236487212836;-0.0633764773218487;1.48395341962029
68100;468828.340523515;3852650.64535538;5525333.07584218;-7638.09652661786;847.727272300535;515.993827595767;6785822.58519273;0.0490145276576935;0.0192679119829887;0.959234154511702;-0.0634331102557854;1.51839772476707
68130;239457.926169846;3875844.32719598;5537597.7928129;-7651.77695782389;698.493342542542;301.753772658429;6785841.32092365;0.0490641512833211;0.019221312574592;0.959233411995544;-0.0634895887564945;1.55260037703904
68160;9810.60601604864;3894559.63281137;5543445.51297196;-7656.56991478444;549.198044710564;88.2346357273838;6785890.44618692;0.0491136558383412;0.0193005545989149;0.959234242063537;-0.0635457813149576;1.58656327560846
68190;-219848.212847705;3908797.33112229;5542901.4889429;-7652.55808512842;400.014798120858;-124.322880732365;6785969.09329481;0.0491624581541587;0.0195028285426161;0.959236620006984;-0.0636015600462854;1.62028968116202
68220;-449255.740617629;3918563.34091783;5535998.10639946;-7639.83318657637;251.11348645604;-335.68396612998;6786076.27872585;0.0492099988405565;0.0198241798544998;0.959240514356355;-0.0636568012123232;1.65378412806048
68250;-678152.068477656;3923868.62293488;5522774.70530725;-7618.49548810879;102.66033725848;-545.619831134249;6786210.91367788;0.0492557472885894;0.0202596006137914;0.95924588724909;-0.0637113856981526;1.68705232893287
68280;-906280.41805715;3924729.06858162;5503277.39764502;-7588.6533394714;-45.182181441625;-753.907813208879;6786371.81459578;0.0492992060792759;0.0208031266760742;0.959252694814439;-0.0637651994423079;1.72010107372918
68310;-1133387.37691659;3921165.38580578;5477558.88230006;-7550.42271042249;-192.255448255745;-960.331459707263;6786557.71359243;0.0493399147938875;0.0214479384657615;0.959260887571801;-0.0638181338209168;1.75293812507877
68340;-1359223.12037247;3913202.98258118;5445678.25778969;-7503.9267409543;-338.404760232549;-1164.68058994409;6786767.26869018;0.0493774532308301;0.0221864637797351;0.959270410839204;-0.0638700859863418;1.78557211160554
68370;-1583541.62000687;3900871.84845914;5407700.83341821;-7449.29530355532;-483.479390236189;-1366.75133765807;6786999.07381897;0.0494114440418595;0.023010481172279;0.959281205148735;-0.0639209591612125;1.81801242064406
68400;-1806100.83923728;3884206.43460319;5363697.93943655;-7386.66457842506;-627.332630825173;-1566.34617526765;6787251.66851598;0.0494415548066922;0.0239112226984075;0.959293206665976;-0.0639706628890208;1.85026909159322
68430;-2026662.91634666;3863245.53269852;5313746.73673007;-7316.17664240581;-769.821825544522;-1763.27392130083;6787523.54728013;0.0494674995700558;0.0248794749937571;0.959306347610697;-0.0640191132426944;1.88235271094167
68460;-2244994.33539542;3838032.15310018;5257930.02651894;-7237.97907225943;-910.808388533257;-1957.3497323526;6787813.16854234;0.0494890398689742;0.0259056778585943;0.959320556676303;-0.0640662329927666;1.9142743098093
68490;-2460866.08545317;3808613.40255724;5196336.06051526;-7152.2245627896;-1050.15781333389;-2148.39508088972;6788118.96322067;0.0495059852807159;0.0269800196882333;0.959335759445743;-0.0641119517369295;1.94604526467295
68520;-2674053.80860177;3775040.36182374;5129058.35194232;-7059.07056019245;-1187.73967177119;-2336.2377201841;6788439.34283607;0.0495181935235067;0.0280925292476945;0.959351878801827;-0.0641562059928915;1.97767720178835
68550;-2884337.93717091;3737367.96344162;5056195.48778334;-6958.67891090993;-1323.42760374477;-2520.7116376134;6788772.70717114;0.0495255701429411;0.0292331634249761;0.959368835330124;-0.0641989392565621;2.00918190568267
68580;-3091503.8206741;3695654.86995598;4977850.94259079;-6851.21552616107;-1457.0992987543;-2701.65699752167;6789117.45146075;0.0495280678171707;0.0303918907133415;0.959386547712834;-0.0642401020276603;2.04057123197514
68610;-3295341.84291697;3649963.35279858;4894132.89415202;-6736.8500622361;-1588.63646994876;-2878.92007478462;6789471.97310822;0.0495256853135325;0.0315587702685126;0.959404933112238;-0.0642796518048848;2.07185702468693
68640;-3495647.52975093;3600359.1720525;4805154.0412737;-6615.75561655626;-1717.92482146111;-3052.35318017441;6789834.67792637;0.0495184661284243;0.0327240264632143;0.959423907542522;-0.0643175530528076;2.1030510381239
68670;-3692221.64794435;3546911.45728829;4711031.42391518;-6488.10843942857;-1844.85400975955;-3221.81457856764;6790203.98590665;0.0495064968410621;0.0338781189195432;0.959443386229009;-0.0643537771426448;2.13416486335712
68700;-3884870.29564013;3489692.58964053;4611886.24587047;-6354.08766135841;-1969.31759971434;-3387.16840098878;6790578.33652398;0.049489905210354;0.0350118080411599;0.959463283953947;-0.0643883022690421;2.16520985928383
68730;-4073404.9848637;3428778.08527328;4507843.70016961;-6213.87503572428;-2091.21301604744;-3548.28455142947;6790956.19358763;0.0494688580425953;0.03611621609394;0.959483515388252;-0.0644211133449638;2.19619708822373
68760;-4257642.71653856;3364246.48036339;4399032.79734261;-6067.65469656645;-2210.44149079947;-3705.03860933294;6791336.04965215;0.0494435588561023;0.0371828838972495;0.959503995408687;-0.0644522018767269;2.22713725599194
68790;-4437406.04845863;3296179.21771184;4285586.19666337;-5915.61293119568;-2326.90800741624;-3857.31172858181;6791716.4300041;0.0494142453673129;0.0382038231907197;0.959524639400162;-0.0644815658211445;2.25804065638572
68820;-4612523.15665705;3224660.53507617;4167640.04046644;-5757.93796728802;-2440.5212420252;-4004.9905337779;6792095.89624272;0.0493811868213728;0.0391715647345163;0.959545363542958;-0.0645092094266725;2.28891712002919
68850;-4782827.89060049;3149777.35529989;4045333.79160677;-5594.81977409712;-2551.19350244027;-4147.96701455413;6792473.04947424;0.0493446811887895;0.0400792021876236;0.959566085084763;-0.0645351430603555;2.31977596753239
68880;-4948159.82262668;3071619.17829948;3918810.07411087;-5426.44987738559;-2658.8406654028;-4286.13841861099;6792846.53314062;0.0493050522484569;0.040920431789176;0.959586722597583;-0.0645593830222799;2.35062596694049
68910;-5108364.2920304;2990277.97495459;3788214.51704783;-5253.02118765206;-2763.38211253611;-4419.40714412483;6793215.0355045;0.0492626465762128;0.0416895878453344;0.959607196219618;-0.0645819513491393;2.38147529547072
68940;-5263292.44419016;2905848.08293333;3653695.60162998;-5074.72784120913;-2864.74066546188;-4547.6806321309;6793577.29181275;0.0492178304571292;0.0423816739994625;0.959627427882331;-0.0646028756084103;2.41233150555887
68970;-5412801.26511426;2818426.10447125;3515404.51153533;-4891.76505365016;-2962.84252049828;-4670.87125944172;6793932.08616129;0.0491709867389426;0.0429923902384882;0.959647341522969;-0.0646221886845362;2.44320149526176
69000;-5556753.61177073;2728110.80611076;3373494.98642795;-4704.32898522893;-3057.61718333265;-4788.89623262109;6794278.25308385;0.0491225116434149;0.0435181555648335;0.959666863282892;-0.0646399285584016;2.47409148308504
69030;-5695018.23855126;2635003.02039619;3228123.17863711;-4512.61661766479;-3148.99740403505;-4901.67748349539;6794614.67888744;0.0490728115519661;0.0439561262422024;0.959685921692082;-0.0646561380812809;2.5050069873264
69060;-5827469.8202045;2539205.54950894;3079447.51294254;-4316.82564187768;-3236.91911275457;-5009.14156664684;6794940.30275663;0.049022299781627;0.0443042095066903;0.959704447840278;-0.0646708647443315;2.5359528100409
69090;-5953988.97155912;2440823.07081754;2927628.54939989;-4117.15435615127;-3321.32135641576;-5111.21955929884;6795254.11764856;0.0489713933671955;0.0445610726227905;0.959722375535188;-0.0646841604446015;2.5669330257465
69120;-6074462.26434177;2339962.04430812;2772828.84912912;-3913.8015742182;-3402.14623671032;-5207.84696397012;6795555.17099979;0.0489205098654394;0.0447261471581088;0.95973964144827;-0.0646960812484207;2.59795097499345
69150;-6188782.24138017;2236730.62185223;2615212.84297721;-3706.96654275938;-3479.33884965739;-5298.9636142436;6795842.5652654;0.0488700641972271;0.0447996283519094;0.959756185248593;-0.0647066871529426;2.62900926291969
69180;-6296847.42846605;2131238.55826113;2454946.70295727;-3496.84886780808;-3552.84722698551;-5384.51358396596;6796115.45831001;0.0488204655435631;0.0447824694613166;0.959771949725266;-0.0647160418465143;2.66010976290533
69210;-6398562.34413726;2023597.12406838;2292198.21635644;-3283.64844955041;-3622.62227956968;-5464.44510016647;6796373.06366925;0.0487721143116334;0.0446763709858377;0.959786880898977;-0.0647242124684587;2.69125362542229
69240;-6493837.50762371;1913919.01997575;2127136.66239718;-3067.56542501491;-3688.61774313925;-5538.71045995754;6796614.65069949;0.0487253991870776;0.0444837646957166;0.959800928123133;-0.0647312693687689;2.72244129215026
69270;-6582589.44518588;1802318.29289136;1959932.69132879;-2848.80011814672;-3750.79012645447;-5607.26595165471;6796839.54463239;0.0486806942887826;0.0442077924225227;0.959814044175107;-0.0647372858681359;2.75367251539682
69300;-6664740.69506009;1688910.25348317;1790758.20581934;-2627.55299676434;-3809.09866213403;-5670.07178033096;6797047.12654988;0.0486383564424859;0.0438522796110885;0.959826185338083;-0.0647423380186504;2.78494638281897
69330;-6740219.8112095;1573811.3951658;1619786.24451204;-2404.02463590105;-3863.50526030012;-5727.09199799866;6797236.83329413;0.0485987225893793;0.0434217036792747;0.959837311473965;-0.0647465043654553;2.81626134739562
69360;-6808961.36606488;1457139.31443378;1447190.86760446;-2178.41568703658;-3913.9744651935;-5778.294438592;6797408.1573257;0.0485621073456568;0.0429211572858011;0.9598473860878;-0.064749865709556;2.84761526254689
69390;-6870905.95242464;1339012.63245011;1273147.04430446;-1950.92685272876;-3960.47341489754;-5823.65065790394;6797560.6465423;0.048528800728549;0.042356306664811;0.959856376384128;-0.0647525048719384;2.8790054222373
69420;-6926000.18466864;1219550.91779479;1097830.54201183;-1721.75886615926;-4002.9718042973;-5863.13587861381;6797693.90406921;0.0484990660638145;0.0417333452477039;0.95986425331567;-0.0647545064590887;2.91042860583824
69450;-6974196.6994261;1098874.61027467;921417.817071332;-1491.11247511151;-4041.44185138807;-5896.72894052468;6797807.58803128;0.0484731380888781;0.0410589428564289;0.959870991624699;-0.064755956629962;2.94188112746121
69480;-7015454.15582335;977104.945692473;744085.90693913;-1259.18842990284;-4075.85826703621;-5924.41225611416;6797901.41131553;0.0484512212648304;0.0403401908162104;0.959876569877439;-0.0647569428644008;2.97335888940946
69510;-7049737.23542295;854363.881470043;566012.323601848;-1026.18747479707;-4106.1982282847;-5946.17177148686;6797975.14133184;0.0484334883093358;0.0395845433973301;0.959880970491777;-0.064757553732969;3.00485743933405
69540;-7077016.64195143;730774.023018236;387374.948085114;-792.310342426754;-4132.44135528549;-5961.99693280299;6798028.59977875;0.0484200789611025;0.0387997560538586;0.959884179758548;-0.0647578786681317;3.03637203062205
69570;-7097269.10089907;606458.550743496;208351.925886317;-557.757750757972;-4154.5696919313;-5971.88065824357;6798061.6624194;0.0484110989850325;0.0379938209795574;0.959886187856626;-0.0647580077366841;3.06789768549195
69600;-7110477.35906097;481541.147579192;29121.563164749;-322.730402132902;-4172.56769025025;-5975.81931556029;6798074.25887253;0.0484066194254304;0.0371749005465394;0.959886988861983;-0.0647580314133109;3.09942926022649
69630;-7116630.18407466;356145.926927981;-150137.776478982;-87.428983927878;-4186.42219861778;-5973.81270524503;6798066.37242158;0.048406676112801;0.0363512592286651;0.959886580750884;-0.0647580403551387;3.13096151193605
69660;-7115722.36399609;230397.360899969;-329247.774803215;147.945829633687;-4196.12245383195;-5965.86404934235;6798038.03984431;0.0484112694277992;0.0355311946381603;0.959884965397297;-0.0647581251771319;-3.12069614095978
69690;-7107754.70694145;104420.208730179;-508030.261474678;383.193374972916;-4201.66007708974;-5951.97998591623;6797989.35126409;0.0484203643238634;0.0347229683194992;0.959882148564603;-0.0647583762281754;-3.08917832210369
69720;-7092734.040809;-21660.5547421639;-686307.316536757;618.112996410387;-4203.02907389396;-5932.1705691707;6797920.45002309;0.0484338906079951;0.0339347369487279;0.959878139891609;-0.0647588833676838;-3.05767547277175
69750;-7070673.21308109;-147719.81065079;-863901.37296606;852.504043643057;-4200.2258379121;-5906.44927521252;6797831.5325764;0.0484517434770993;0.0331744845789337;0.959872952872866;-0.0647597357425794;-3.02619255669758
69780;-7041591.09069273;-273632.367854769;-1040635.3194862;1086.16586990243;-4193.24915880074;-5874.83301343224;6797722.84840522;0.0484737843052812;0.032449956553752;0.959866604833221;-0.0647610215644902;-2.99473430246997
69810;-7005512.55993952;-399273.034985182;-1216332.6038069;1318.89783125434;-4182.10023400069;-5837.34214346855;6797594.699946;0.0484998416755817;0.0317685956812427;0.959859116896514;-0.0647628278870262;-2.96330514102335
69840;-6962468.52638365;-524516.692905189;-1390817.3364551;1550.49928750234;-4166.7826845001;-5794.00049770863;6797447.44253164;0.0485297126478308;0.0311374812212102;0.959850513948281;-0.0647652403830161;-2.93190914595813
69870;-6912495.91470294;-649238.367702372;-1563914.39536357;1780.76960515902;-4147.30257455422;-5744.83540926507;6797281.48433955;0.0485631642526424;0.0305632711912589;0.959840824592296;-0.0647683431216014;-2.90054997720098
69900;-6855637.66841392;-773313.30433179;-1735449.53137987;2009.50816295239;-4123.66843534204;-5689.87774535723;6797097.28634052;0.0485999352001069;0.03005214844229;0.959830081100737;-0.0647722183451165;-2.86923082846008
69930;-6791942.74938576;-896617.041027434;-1905249.47485697;2236.5143603374;-4095.89129253076;-5629.1619460116;6796895.36224118;0.0486397377904523;0.0296097708942948;0.959818319357744;-0.0647769462457119;-2.83795437887068
69960;-6721466.13704793;-1019025.48459877;-2073142.04348328;2461.58762948701;-4063.98469770997;-5562.72606798209;6796676.27841184;0.048682260012872;0.0292412262602145;0.959805578796074;-0.0647826047417153;-2.80672274916324
69990;-6644268.82717991;-1140414.98672774;-2238956.25150733;2684.5274512405;-4027.96476364741;-5490.61183377645;6796440.6537905;0.04872716781785;0.0289509915210116;0.959791902326567;-0.0647892692537663;-2.77553746262157
70020;-6560417.83015706;-1260662.42138011;-2402522.42050811;2905.13337549198;-3987.85020330776;-5412.86468565978;6796189.15975267;0.0487741075476521;0.028742897350964;0.95977733626007;-0.0647970124808057;-2.74439941103424
70050;-6469986.16851222;-1379645.26344289;-2563672.29185848;3123.2050465059;-3943.66237256505;-5329.53384448968;6795922.51993572;0.0488227085091988;0.0286200976301783;0.959761930221462;-0.0648059041760537;-2.71330882578065
70080;-6373052.8736577;-1497241.66869756;-2722239.14102402;3338.54223365192;-3895.4253165273;-5240.6723732205;6795641.51000542;0.0488725856732449;0.0285850441230519;0.9597457370554;-0.0648160109231637;-2.68226525413439
70110;-6269702.98159779;-1613330.55523611;-2878057.89383486;3550.94486805573;-3843.16581937985;-5146.3372448956;6795346.95735123;0.0489233424836753;0.0286394663481987;0.959728812723362;-0.0648273959128021;-2.65126754081373
70140;-6160027.52744674;-1727791.68642375;-3030965.24486209;3760.21308566777;-3786.91345764027;-5046.58941492695;6795039.74069616;0.048974573760738;0.0287843566185871;0.959711216191592;-0.0648401187199682;-2.62031381476158
70170;-6044123.53855202;-1840505.75550904;-3180799.77802412;3966.14727725584;-3726.70065670363;-4941.49389744058;6794720.78960577;0.0490258686821563;0.0290199601907884;0.959693009309482;-0.064854235082438;-2.58940148109797
70200;-5922094.02600769;-1951354.47197798;-3327402.08954141;4168.54814583253;-3662.56275054164;-4831.11984544408;6794391.08388015;0.0490768138262491;0.0293457704302852;0.959674256677973;-0.0648697966807921;-2.55852721815545
70230;-5794047.97432688;-2060220.64974452;-3470614.91335018;4367.21677203158;-3594.5380444031;-4715.54063454873;6794051.65281185;0.0491269962614234;0.0297605288758477;0.959655025507511;-0.0648868509205633;-2.52768697948396
70260;-5660100.32902731;-2166988.29726497;-3610283.24907754;4561.95468795087;-3522.6678803453;-4594.83394995321;6793703.57429181;0.0491760066666381;0.0302622300701506;0.959635385465134;-0.0649054407171252;-2.49687600069572
70290;-5520371.9818681;-2271542.70965858;-3746254.49267106;4752.56395998177;-3446.99670540816;-4469.08187636955;6793347.9737447;0.0492234424676523;0.0308481310159603;0.959615408510244;-0.064925604284027;-2.46608881101264
70320;-5374989.75346028;-2373770.56291025;-3878378.56976595;4938.8472811459;-3367.57214222222;-4338.37099054275;6792986.02287436;0.0492689109740203;0.0315147651167927;0.959595168718642;-0.0649473749255717;-2.43531924937794
70350;-5224086.37295813;-2473560.01022529;-4006508.07186199;5120.6080734603;-3284.44506182133;-4202.79245598569;6792618.93819961;0.0493120325018674;0.0322579604674277;0.959574742094455;-0.0649707808345236;-2.40456048500019
70380;-5067800.45452267;-2570800.78059842;-4130498.39537075;5297.65060085029;-3197.66965840792;-4062.44211951852;6792247.97936013;0.0493524434674268;0.0330728623721564;0.959554206369556;-0.0649958448959302;-2.37380504220992
70410;-4906276.47023304;-2665384.27965165;-4250207.88358044;5469.78009312601;-3107.30352579506;-3917.42060916797;6791874.44717189;0.0493897994361469;0.0339539599863533;0.959533640790187;-0.0650225844981355;-2.34304482952661
70440;-4739664.71910626;-2757203.69278681;-4365497.97157225;5636.8028815329;-3013.40773522436;-3767.83343294603;6791499.68141158;0.0494237781118309;0.034895116998197;0.959513125890474;-0.0650510113521611;-2.31227117285466
70470;-4568121.29187056;-2846154.09068924;-4476233.33410673;5798.52654637881;-2916.04691423187;-3613.79107799006;6791125.05830951;0.0494540822497811;0.035889606291869;0.959492743252638;-0.0650811313207285;-2.28147485275106
70500;-4391808.03112266;-2932132.53720868;-4582282.03648301;5954.76007722909;-2815.28932620611;-3455.40910950668;6790751.98773064;0.0494804424772424;0.0369301485590169;0.959472575253731;-0.0651129442582896;-2.25064614573261
70530;-4210892.48648456;-3015038.19963259;-4683515.6883558;6105.31404614797;-2711.20695025273;-3292.80826892049;6790381.91002418;0.0495026200035877;0.0380089548506649;0.959452704798829;-0.0651464438635289;-2.21977486961561
70560;-4025547.8643617;-3094772.4613548;-4779809.60047712;6250.00079444651;-2603.87556094902;-3126.11457058593;6790016.29252278;0.0495204092016748;0.0391177730858383;0.959433215040679;-0.0651816175458891;-2.18885043290434
70590;-3835952.97189055;-3171239.03692958;-4871042.94430912;6388.63463337658;-2493.37480753941;-2955.45939637535;6789656.62567363;0.0495336400406196;0.0402479385536569;0.959414189085928;-0.0652184463077576;-2.15786188826492
70620;-3642292.15465095;-3244344.08948717;-4957098.91443379;6521.03205918468;-2379.78829208871;-2780.97958741074;6789304.41878506;0.0495421803489235;0.0413904284616815;0.959395709688136;-0.065256904644031;-2.12679799013642
70650;-3444755.22770664;-3313996.35047189;-5037864.8936619;6647.011982909;-2263.20364607527;-2602.81753215834;6788961.19537404;0.0495459378854563;0.0425359205922663;0.959377858927918;-0.065296960460845;-2.09564725653964
70680;-3243537.39952628;-3380107.24164772;-5113232.62072005;6766.3959752676;-2143.71260486948;-2421.12125005719;6788628.48810244;0.0495448621943036;0.0436748561297631;0.959360717880697;-0.0653385750153182;-2.06439803514453
70710;-3038839.18832765;-3442590.99929918;-5183098.36036856;6879.00852694425;-2021.41107950611;-2236.04446980231;6788307.83329192;0.0495389462179579;0.0447975067119296;0.959344366272678;-0.0653817028782087;-2.03303857364681
70740;-2830866.33037893;-3501364.80053696;-5247363.0757762;6984.67732453098;-1896.39922512047;-2047.74670135342;6788000.76501106;0.0495282276418395;0.0458940457376173;0.959328882125817;-0.0654262919214169;-2.00155709448278
70770;-2619829.67978427;-3556348.89159832;-5305932.60294882;7083.23354233214;-1768.7815053799;-1856.39330068904;6787708.80873113;0.0495127899417383;0.0469546239277614;0.959314341392738;-0.0654722833322887;-1.96994187387528
70800;-2405945.09927539;-3607466.71801148;-5358717.82697902;7174.51215017328;-1638.66675220248;-1662.15552627564;6787433.47455143;0.0494927631045483;0.04796944908612;0.959300817582703;-0.0655196116566752;-1.93818132515255
70830;-2189433.34152788;-3654645.05647167;-5405634.8598521;7258.35223728923;-1506.16822001599;-1465.21058617119;6787176.24999914;0.0494683239917343;0.0489288699388653;0.959288381379951;-0.0655682048726867;-1.90626408621356
70860;-1970519.92051955;-3697814.14825324;-5446605.21951068;7334.59735228809;-1371.40363377066;-1265.74167463415;6786938.59241389;0.0494396963143904;0.0498234638464726;0.959277100255895;-0.0656179844970373;-1.87417911092703
70890;-1749434.97244978;-3736907.83395819;-5481556.00984543;7403.09585910225;-1234.49522988115;-1063.93799706152;6786721.92093252;0.0494071501886826;0.0506441280767942;0.959267038076893;-0.065668865725813;-1.84191576414581
70920;-1526413.10574263;-3771863.68937618;-5510420.10124372;7463.70130874244;-1095.56978923573;-859.994782035275;6786527.60809556;0.0493710012409911;0.0513821742041813;0.95925825470947;-0.0657207576114015;-1.80946391989345
70950;-1301693.23966383;-3802623.16220466;-5533136.31129053;7516.27282656625;-954.758661374957;-654.11327921508;6786356.97110318;0.0493316092333535;0.0520294250568329;0.959250805625147;-0.0657735632772031;-1.77681406213632
70980;-1075518.43109181;-3829131.70935025;-5549649.5851777;7560.67551465879;-812.197778908576;-446.500741777944;6786211.26275564;0.0492893761819483;0.052578313473493;0.959244741507162;-0.0658271801715877;-1.74395738739246
71010;-848135.68899711;-3851338.93450428;-5559911.1753379;7596.78086879871;-668.027661208856;-237.370392073277;6786091.66211992;0.0492447439445201;0.0530219819546826;0.959240107861643;-0.0658815003623815;-1.71088590825163
71040;-619795.776202043;-3869198.72565592;-5563878.81977953;7624.4672093489;-522.39340639119;-26.9413691356448;6785999.26497257;0.0491981912569227;0.0533543821049364;0.959236944635955;-0.0659364108729451;-1.67759255669138
71070;-390752.99801471;-3882669.39217634;-5561516.91855777;7643.62012526681;-375.444670570063;184.561343321539;6785935.0740762;0.0491502302044792;0.053570372566831;0.959235285847153;-0.0659917940606537;-1.64407128587718
71100;-161264.97735766;-3891713.80107696;-5552796.70777518;7654.13293027515;-227.335633360664;396.907009818822;6785899.98935531;0.0491014021206939;0.0536658139503318;0.959235159223669;-0.0660475280382998;-1.61031716893662
71130;68407.5839571405;-3896299.51201331;-5537696.43046409;7655.90713006955;-78.2249485846561;609.859258318658;6785894.79804568;0.0490522729140683;0.0536376590705145;0.959236585863493;-0.0661034871386134;-1.57632649300619
71160;298001.158119135;-3896398.91057511;-5516201.50366096;7648.85289926698;71.7243208662505;823.17621910741;6785920.16489932;0.0490034278333641;0.0534840366312698;0.9592395799123;-0.0661595424217342;-1.54209684667276
71190;527249.658646323;-3891989.33937153;-5488304.68094221;7632.88956661631;222.344785052207;1036.61068870848;6785976.62253555;0.0489554656925913;0.0532043263436519;0.959244148265071;-0.0662155622250745;-1.50762719878225
71220;755884.722372054;-3883053.22638961;-5454006.20965066;7607.94610680318;373.464826923998;1249.9103201482;6786064.5620362;0.0489089925891557;0.0527992233552487;0.959250290294864;-0.0662714127545817;-1.47291796647439
71250;983636.006261821;-3869578.21007316;-5413313.9820026;7573.96163698505;524.908721188175;1462.81784084581;6786184.22389066;0.0488646151618043;0.0522707898039259;0.959257997612458;-0.0663269587159523;-1.43797107023933
71280;1210231.4991715;-3851557.26053945;-5366243.67922883;7530.88591599059;676.496773075194;1675.07129933221;6786335.68940301;0.0488229334489874;0.0516224913071502;0.959267253860622;-0.0663820639838573;-1.40278997378816
71310;1435397.84859341;-3828988.79632267;-5312818.90786737;7478.67984391286;828.04547794244;1886.40434191799;6786518.87267946;0.0487845334226856;0.0508592162673428;0.959278034546741;-0.0664365923067339;-1.36737970659874
71340;1658860.70236534;-3801876.79600577;-5253071.32729422;7417.31595961842;979.367702586194;2096.54652032838;6786733.51331929;0.0487499792871827;0.049987276024038;0.959290306917483;-0.066490408044161;-1.33174686714725
71370;1880345.06524035;-3770230.9040771;-5187040.76754909;7346.77893348901;1130.27288906497;2305.22363119977;6786979.16993614;0.0487198056462303;0.0490143841212806;0.959304029879089;-0.0665433769332998;-1.29589960507372
71400;2099575.67013141;-3734066.53032573;-5114775.33648876;7267.06605250868;1280.56728175028;2512.15808818868;6787255.21463869;0.0486945096549754;0.0479496132865817;0.959319153966691;-0.066595366880324;-1.2598475808566
71430;2316277.36375558;-3693404.94206888;-5036331.51528042;7178.18769461281;1430.0541782189;2717.06932727895;6787560.82860032;0.0486745432843282;0.0468033291349089;0.959335621365875;-0.066646248772218;-1.22360190198881
71460;2530175.50630687;-3648273.34848872;-4951774.24123267;7080.16778902714;1578.53420448322;2919.67424568513;6787894.99884634;0.0486603058345284;0.0455871001104097;0.959353365989413;-0.0666958973037776;-1.1871750351465
71490;2740996.38468632;-3598704.97634239;-4861176.97695274;6973.04425914975;1725.80561492143;3119.68767454042;6788256.51638351;0.0486521368409468;0.044313583748805;0.959372313611775;-0.0667441918141258;-1.15058069441204
71520;2948467.63871164;-3544739.1363008;-4764621.76481659;6856.86944436953;1871.66461711902;3316.82288532525;6788643.97579159;0.0486503095180996;0.0429963899668727;0.95939238206363;-0.0667910171265541;-1.11383370623625
71550;3152318.69961895;-3486421.27916779;-4662199.26574344;6731.71049707593;2015.90572166525;3510.79212973863;6789055.77638834;0.0486550248870534;0.0416499227398187;0.95941348148811;-0.0668362643850442;-1.07694985247982
71580;3352281.24005446;-3423803.0412325;-4554008.78127931;6597.64975099908;2158.32211676487;3701.30721243975;6789490.12506904;0.0486664067265052;0.0402892021874523;0.959435514660088;-0.0668798318804047;-1.03994569353399
71610;3548089.63463704;-3356942.27801521;-4440158.25801568;6454.78505693308;2298.70606732633;3888.08009579271;6789945.04090874;0.0486844974787431;0.0389296697256649;0.95945837736918;-0.0669216258586033;-1.00283837415716
71640;3739481.43005327;-3285903.08567994;-4320764.27340016;6303.23008183988;2436.84933797401;4070.82353543524;6790418.36159972;0.0487092552284052;0.0375869795226075;0.95948195886654;-0.0669615613035822;-0.965645415247505
71670;3926197.82352607;-3210755.80940732;-4195952.00203608;6143.11456731329;2572.54363920548;4249.25174516499;6790907.75177846;0.0487405518547206;0.0362767799991153;0.959506142374897;-0.066999562686633;-0.928384495273056
71700;4107984.14837753;-3131577.03804798;-4065855.16161846;5974.58454340384;2705.58109567659;4423.08108929672;6791410.71327596;0.0487781724370996;0.0350144895061899;0.959530805660544;-0.067035564674276;-0.891073225474806
71730;4284590.3652877;-3048449.5844109;-3930615.9377141;5797.80249387101;2835.75473534986;4592.03080029523;6791924.59730217;0.0488218159701546;0.0338150705767717;0.959555821665283;-0.0670695127865626;-0.853728923224535
71760;4455771.55773432;-2961462.45058309;-3790384.88666504;5612.94746904146;2962.85899798769;4755.8237191345;6792446.61855032;0.0488710974181812;0.0326928072717795;0.959581059195574;-0.067101363997786;-0.816368388043085
71790;4621288.42998645;-2870710.77772614;-3645320.81597623;5420.21514261404;3086.6902612141;4914.18705547898;6792973.87117984;0.0489255511116272;0.0316610901146491;0.959606383665349;-0.0671310872717661;-0.779007684760912
71820;4780907.80591811;-2776295.77985252;-3495590.64164058;5219.81780896623;3207.04738210996;5066.85316443257;6793503.34660872;0.0489846354600701;0.030732212935834;0.959631657888225;-0.0671586640241702;-0.741661938131876
71850;4934403.1268084;-2678324.66114933;-3341369.22195768;5011.98431778377;3323.73225205204;5213.56033625995;6794031.95301651;0.0490477389285446;0.0299171856396351;0.959656742914035;-0.0671840885047409;-0.704345142904185
71880;5081554.94620436;-2576910.51648965;-3182839.16751484;4796.95994315607;3436.55036225695;5354.05359515918;6794556.53642928;0.049114187197642;0.0292255664764992;0.959681498903917;-0.0672073680928307;-0.667069992925486
71910;5222151.41984199;-2472172.21485143;-3020190.62712164;4575.00618465452;3545.31137725446;5488.08550285988;6795073.90322854;0.0491832514034081;0.0286653168777456;0.959705786037453;-0.0672285235002909;-0.629847732335276
71940;5355988.78855316;-2364234.26545038;-2853621.04962015;4346.40049833728;3649.829713292;5615.41696254359;6795580.84389657;0.0492541573313516;0.0282426813133242;0.95972946544475;-0.0672475888765223;-0.592688031303994
71970;5482871.85203117;-2253226.66648665;-2683334.92163181;4111.43595610073;3749.92511847005;5735.81801833836;6796074.15778304;0.0493260954204095;0.027962093995643;0.95975240015571;-0.067264611811359;-0.555598888143257
72000;5602614.4312881;-2139284.73650341;-2509543.4814475;3870.42083232008;3845.42325122936;5849.06864543358;6796550.67865186;0.0493982314178354;0.027826113602312;0.959774456058285;-0.0672796532324339;-0.518586558964247
72030;5715039.81761391;-2022548.92845956;-2332464.40941864;3623.67811728656;3936.15625366053;5954.95952569987;6797007.30074402;0.0494697175148913;0.0278353865552771;0.959795502857042;-0.0672927871947201;-0.48165551542871
72060;5819981.20584103;-1903164.62672628;-2152321.49536248;3371.54495754857;4021.96331598808;6053.2928035867;6797441.00507217;0.0495397037860121;0.0279886387963405;0.959815415023077;-0.0673041005610881;-0.444808430542433
72090;5917282.10973135;-1781281.92732795;-1969344.28365216;3114.37202389428;4102.69122849857;6143.88281701305;6797848.88564642;0.0496073497506502;0.0282826954589364;0.959834072726064;-0.0673136925739074;-0.408046191903829
72120;6006796.75733362;-1657055.40186086;-1783767.69682139;2852.52280836425;4178.19491713842;6226.55679796619;6798228.17531953;0.0496718358771312;0.0287125273661253;0.959851362739186;-0.0673216743189671;-0.371367941353244
72150;6088390.46421171;-1530643.84563599;-1595831.63867091;2586.37285234722;4248.3379590051;6301.15553758541;6798576.27093239;0.0497323748512324;0.029271322894012;0.959867179307648;-0.0673281680842581;-0.334771139580723
72180;6161939.98251504;-1402210.01070559;-1405780.57801916;2316.30890847988;4312.99307399688;6367.53401063144;6798890.75743965;0.0497882224385327;0.029950583429914;0.959881424971709;-0.0673333066174324;-0.298251653942873
72210;6227333.82395455;-1271920.32454356;-1213863.11438967;2042.72803973385;4372.0425889726;6425.56195443076;6799169.43069904;0.0498386877784414;0.030740240424039;0.959894011335394;-0.0673372322870213;-0.261803867511626
72240;6284472.55485875;-1139944.59525754;-1020331.52707171;1766.03665971812;4425.37887090538;6475.12439763604;6799410.3186181;0.0498831429588585;0.0316287918755415;0.959904859772503;-0.0673400961537196;-0.225420807222381
72270;6333269.06161429;-1006455.70431355;-825441.309125541;1486.64951884469;4472.90472569081;6516.12213445829;6799611.70036719;0.0499210317332263;0.0326034559992524;0.959913902062057;-0.0673420569592126;-0.189094288896882
72300;6373648.78494425;-871629.287850757;-629450.688028817;1204.98864158677;4514.53375949218;6548.47214040055;6799772.12338913;0.0499518772560049;0.0336503397764736;0.959921080946018;-0.0673432800411222;-0.152815076875557
72330;6405549.92164189;-735643.407753924;-432620.134773285;921.48222059455;4550.1906997681;6572.10792595283;6799890.41796208;0.0499752887279883;0.0347546200894719;0.959926350602852;-0.0673439361836421;-0.116573055992325
72360;6428923.59255834;-598678.213732109;-235211.863320082;636.563473912589;4579.81167343072;6586.97982518885;6799965.70910367;0.049990966859139;0.035900735161522;0.959929677031439;-0.0673442004143171;-0.0803574136489213
72390;6443733.97583606;-460915.597723756;-37489.3224059845;350.669471957815;4603.34443992073;6593.05521673059;6799997.42564035;0.0499987080735513;0.0370725840603768;0.959931038340783;-0.067344250758175;-0.0441568297834381
72420;6449958.40458521;-322538.84200934;160283.318239435;64.2399412595467;4620.74857735417;6590.31867510968;6799985.30630516;0.0499984073985349;0.0382537320618908;0.959930424942014;-0.0673442669610205;-0.00795967256787058
72450;6447587.42841421;-183732.262462172;357841.685155454;-222.283947772373;4631.99562029121;6578.77205114719;6799929.40276964;0.0499900599975849;0.0394276197028977;0.959927839640315;-0.0673444291941512;0.0282458022970799
72480;6436624.83844673;-44680.8484052684;554921.71974818;-508.460801604023;4637.06914809193;6558.43448058699;6799830.07956003;0.0499737613249789;0.0405777733716316;0.95992329762553;-0.0673449167530372;0.0644712508018231
72510;6417087.65568234;94430.0994331365;751260.196068795;-793.850225316181;4635.96482325349;6529.3423208432;6799688.01085344;0.0499497058979218;0.0416880152855275;0.959916826361391;-0.0673459067626085;0.100728040472209
72540;6389006.08278465;233415.331361251;946595.235621274;-1078.01403777641;4628.69037955963;6491.54901635014;6799504.17419551;0.0499181847004026;0.0427426706887084;0.95990846537449;-0.0673475729017344;0.137027052965691
72570;6352423.41960638;372090.010059884;1140666.81707273;-1360.5174727769;4615.26556031171;6445.12489362391;6799279.8412259;0.0498795812512087;0.0437267700660879;0.959898265945259;-0.0673500841592308;0.173378491582241
72600;6307395.94298227;510270.069324982;1333217.27878195;-1640.93035883849;4595.72200734247;6390.15688774946;6799016.5655414;0.0498343663867467;0.0446262441219285;0.959886290704375;-0.0673536036333251;0.209791695902521
72630;6253992.7515364;647772.568755841;1523991.81212195;-1918.82827063292;4570.10310193442;6326.74820258617;6798716.16786671;0.0497830918273603;0.0454281092146446;0.959872613139059;-0.0673582873859316;0.246274965822725
72660;6192295.576457;784416.042967998;1712738.94364924;-2193.79364530519;4538.46375916691;6255.01790753091;6798380.71874049;0.0497263826135682;0.0461206408858728;0.959857317014736;-0.0673642833623672;0.28283539731037
72690;6122398.55938756;920020.843961305;1899211.00426557;-2465.41685738102;4500.87017759471;6175.10047418186;6798012.51895686;0.0496649285158621;0.0466935330814842;0.959840495718465;-0.0673717303862701;0.319478732247078
72720;6044407.99876578;1054409.47533607;2083164.58362512;-2733.29724641173;4457.39954651027;6087.14525670333;6797614.07803093;0.0495994745382277;0.0471380406480837;0.959822251531332;-0.0673807572385012;0.356209224740176
72750;5958442.06610916;1187406.91712258;2264360.96816015;-2997.04409203405;4408.13971335812;5991.31592009484;6797188.09097993;0.049530810651046;0.0474471027141277;0.95980269483772;-0.0673914818277145;0.3930295262613
72780;5864630.49389789;1318840.94007058;2442566.56122986;-3256.27753169425;4353.18881414879;5887.78982091276;6796737.41372846;0.0494597609032088;0.0476154446435967;0.959781943279941;-0.0674040104591076;0.429940591893456
72810;5763114.23683844;1448542.4083345;2617553.28403767;-3510.62941689618;4292.65486995813;5776.75734527648;6796265.03745832;0.0493871720757375;0.0476396563947397;0.959760120867185;-0.0674184372066236;0.466941609825827
72840;5654045.10840659;1576345.56958577;2789098.95611101;-3759.74410447038;4226.6553527944;5658.42120921145;6795774.06222897;0.049313902049536;0.0475182453372974;0.959737357048038;-0.0674348433925925;0.504029956017137
72870;5537585.39466338;1702088.33168444;2956987.6542913;-4003.27918001661;4155.3167242682;5532.9957265371;6795267.67019428;0.0492408080677049;0.0472516618861987;0.959713785756033;-0.0674532971774962;0.541201175646503
72900;5413907.44741336;1825612.52514708;3121010.04934002;-4240.90611133421;4078.77395060895;5400.70604959976;6794749.09873623;0.049168735077652;0.0468422967013328;0.959689544437735;-0.0674738532612406;0.578448992581818
72930;5283193.25883008;1946764.15075558;3280963.71942602;-4472.31083031468;3997.16999763649;5261.78738817991;6794221.61382518;0.0490985043396836;0.0462944486797558;0.959664773072801;-0.067496552696031;0.615765347621805
72960;5145634.01970949;2065393.61175963;3436653.439919;-4697.19424241847;3910.65530931896;5116.4842118728;6793688.48390083;0.0490309024864898;0.0456142635213111;0.959639613195244;-0.0675214228097148;0.653140465716137
72990;5001429.66352931;2181355.93023513;3587891.44907183;-4915.27266348582;3819.38727352971;4965.04944115411;6793152.95454878;0.0489666712116919;0.0448096432676896;0.959614206924828;-0.0675484772372639;0.690562951751903
73020;4850788.39849033;2294510.9472677;3734497.68932869;-5126.27818423061;3723.52967855922;4807.74363220331;6792618.22422413;0.048906497755296;0.0438901278791856;0.959588696017105;-0.0675777160569692;0.728019913833347
73050;4693926.22969695;2404723.50673642;3876300.02414569;-5329.95896333101;3623.25216384646;4644.83416037021;6792087.4212477;0.0488510063394639;0.0428667505985956;0.959563220940065;-0.0676091260269003;0.765497112299543
73080;4531066.47359863;2511863.62257465;4013134.43035358;-5526.07945055476;3518.72966826978;4476.5944069421;6791563.58227215;0.0488007506896835;0.0417518695294788;0.95953791998482;-0.0676426809162637;0.802979132049654
73110;4362439.26676377;2615806.62948313;4144845.16622831;-5714.42054183559;3410.14187918561;4303.3029536034;6791049.63238541;0.0487562077545339;0.0405589784958336;0.959512928417027;-0.0676783419254928;0.840449575108372
73140;4188281.07099308;2716433.31716325;4271284.91556235;-5894.77966864779;3297.67268522672;4125.24278868502;6790548.36698831;0.0487177727123214;0.0393025008209898;0.959488377675068;-0.0677160581882061;0.877891269796001
73170;4008834.17670366;2813630.04822617;4392314.90814798;-6066.9708244049;3181.50963567501;3942.70052898141;6790062.43555202;0.0486857553256052;0.0379975701360022;0.959464394620241;-0.067755767347611;0.915286492397661
73200;3824346.20642795;2907288.86001451;4507805.01719202;-6230.82453093488;3061.84340901115;3755.96566057548;6789594.32733089;0.0486603776758627;0.0366598026770807;0.959441100843402;-0.0677973961994777;0.952617196879237
73230;3635069.62017601;2997307.55064822;4617633.83427954;-6386.18774835806;2938.86729301792;3565.32980176222;6789146.35907586;0.0486417732811588;0.0353050657377147;0.959418612031726;-0.0678408613934964;0.989865247993741
73260;3441261.22430626;3083589.74967394;4721688.72259138;-6532.92373191523;2812.77667858113;3371.08599080464;6788720.66476602;0.0486299875706876;0.0339492469934418;0.959397037398429;-0.0678860701846211;1.02701265307156
73290;3243181.68544091;3166044.97375793;4819865.8491569;-6670.91183946335;2683.76856909373;3173.52800089783;6788319.18734895;0.0486249796623682;0.0326080293113049;0.959376479177515;-0.0679329212259276;1.06404178789578
73320;3041095.05084857;3244588.66791635;4912070.19698961;-6800.04729347747;2552.04110712957;2972.94968436091;6787943.672456;0.0486266253642349;0.0312966753982662;0.95935703218482;-0.0679813053945323;1.10093561232327
73350;2835268.27660035;3319142.23282295;4998215.55800813;-6920.24090147213;2417.79311981608;2769.64434772919;6787595.66403707;0.0486347212979441;0.0300298262468146;0.959338783445923;-0.0680311066422512;1.13767787170972
73380;2625970.76468778;3389633.03877364;5078224.50769066;-7031.4187387867;2281.22368410244;2563.90415908091;6787276.50183927;0.04864899002398;0.028821316822621;0.959321811890751;-0.0680822028628964;1.17425328071154
73410;2413473.91017242;3455994.42691998;5152028.36244573;-7133.52179767062;2142.53171289439;2356.01958861084;6786987.3206378;0.0486690860335394;0.0276840118355538;0.95930618811409;-0.0681344667684131;1.21064768664204
73440;2198050.6593197;3518165.69840937;5219567.12070806;-7226.50560655986;2001.91556281091;2146.2788831557;6786729.05111258;0.0486946024618782;0.0266296637712452;0.959291974200605;-0.0681877667664382;1.24684821022459
73470;1979975.07955377;3576092.0920895;5280789.38878504;-7310.33982335921;1859.57266411245;1934.9675750901;6786502.42225329;0.048725078372167;0.0256687946682186;0.959279223612428;-0.0682419678323005;1.28284336227816
73500;1759521.94195737;3629724.75144773;5335652.29248784;-7385.00780643972;1715.69917315797;1722.36802574402;6786307.96516651;0.0487600064575053;0.024810602435213;0.959267981136911;-0.0682969323689737;1.31862313556163
73530;1536966.31693098;3679020.68146474;5384121.37558204;-7450.50616693194;1570.48964756844;1508.75900324808;6786146.01815241;0.0487988410113654;0.0240628918440485;0.959258282891702;-0.0683525210490245;1.35417907166293
73560;1312583.18352074;3723942.6960639;5426170.48608622;-7506.84430574563;1424.13674410934;1294.41529448987;6786016.73291484;0.0488410060229533;0.0234320297282876;0.959250156383989;-0.0684085936331584;1.38950430342448
73590;1086647.0528238;3764459.35683641;5461781.65143478;-7554.04393858111;1276.83093915399;1079.60735066427;6785920.08176696;0.0488859032632179;0.0229229233868818;0.959243620620433;-0.0684650097605463;1.4245935739272
73620;859431.605784724;3800544.90371577;5490944.94350266;-7592.13861201814;1128.76027145381;864.600965722805;6785855.86569498;0.0489329202389055;0.0225390207467628;0.959238686264105;-0.0685216297067044;1.45944323350096
73650;631209.345606487;3832179.17826517;5513658.33446657;-7621.17321357992;980.110106820405;649.656986871415;6785823.72314479;0.0489814379055166;0.0222823304880206;0.959235355834576;-0.0685783151052907;1.49405121657898
73680;402251.264915993;3859347.54022784;5529927.54444971;-7641.20347847472;831.062924217847;435.031056131918;6785823.13940033;0.0490308380446164;0.0221534600797008;0.959233623947199;-0.0686349296307651;1.52841700046925
73710;172826.527745591;3882040.77797405;5539765.88186568;-7652.29549551872;681.798122670811;220.97338186847;6785853.45642733;0.0490805102261189;0.0221516695121705;0.959233477587556;-0.0686913396394286;1.56254154827756
73740;-56797.8336798538;3900255.01345921;5543194.0773429;-7654.52521454383;532.491848315361;7.7285390864281;6785913.88306268;0.0491298582913516;0.0222749384355945;0.95923489641704;-0.0687474147669077;1.59642723829256
73770;-286357.207426947;3913991.60228653;5540240.11207373;-7647.97795739519;383.31684085279;-204.464702764897;6786003.5054368;0.0491783063074608;0.0225200444139643;0.959237853105605;-0.0688030284806714;1.63007778214274
73800;-515589.675745626;3923257.02944436;5530939.04139379;-7632.74793442674;234.442298612832;-415.37352581279;6786121.29752411;0.0492253039576799;0.022882650068846;0.959242313687732;-0.0688580585866619;1.66349813396972
73830;-744236.274560058;3928062.80126432;5515332.81435612;-7608.93776821219;86.0337613896296;-624.771184975205;6786266.13172558;0.0492703313448402;0.0233573970040479;0.959248237937839;-0.0689123876895795;1.6966943927446
73860;-972041.238798467;3928425.3341201;5493470.09002366;-7576.65802600268;-61.7469898186996;-832.437105767227;6786436.78939548;0.0493129031970951;0.0239380045586718;0.959255579761461;-0.0689659036067844;1.72967369969678
73890;-1198752.23384501;3924365.84036099;5465406.0511609;-7536.02676228398;-208.742017059085;-1038.15696011442;6786631.97123388;0.0493525724749929;0.0246173716203811;0.959264287598694;-0.0690184997361648;1.76244413263947
73920;-1424120.57343489;3915910.21194674;5431202.21596337;-7487.16907261587;-354.797294567707;-1241.72272159162;6786850.30747505;0.0493889333877532;0.0253876799312104;0.959274304836615;-0.0690700753786646;1.79501459877482
73950;-1647901.42434673;3903088.90222325;5390926.24842078;-7430.21665977367;-499.762763722662;-1442.93270149952;6787090.36781091;0.0494216238338626;0.026240497525356;0.959285570227552;-0.0691205360164731;1.82739472735347
73980;-1869853.99827491;3885936.80625115;5344651.767868;-7365.30741305973;-643.492374718135;-1641.59156717596;6787350.67099711;0.0494503272869643;0.0271668811447808;0.959298018310327;-0.0691697935481437;1.85959476335582
74010;-2089741.73128787;3864493.14007198;5292458.15823576;-7292.58500150874;-785.844115866856;-1837.51034391597;6787629.69409775;0.0494747741525718;0.0281574766760964;0.959311579831798;-0.0692177664821405;1.89162546316406
74040;-2307332.45129859;3838801.31926966;5234430.37747298;-7212.19848157686;-926.680031426037;-2030.50640184457;6787925.88133252;0.0494947426244956;0.029202616837448;0.959326182166265;-0.0692643800905022;1.92349799300738
74070;-2522398.53398899;3808908.83715831;5170658.76757203;-7124.30191978056;-1065.86622882585;-2220.40342905123;6788237.65249758;0.0495100590721594;0.0302924155126095;0.959341749730532;-0.0693095665244696;1.95522383079375
74100;-2734717.04764218;3774867.14290144;5101238.86559026;-7029.05403063602;-1203.27287615955;-2407.03139225455;6788563.41093837;0.0495205979913558;0.0314168582789848;0.959358204392647;-0.0693532648940448;1.98681467179078
74130;-2944069.88734568;3736731.51984201;5026271.21602317;-6926.61783014424;-1338.7741907711;-2590.22648622232;6788901.551059;0.0495262815515716;0.0325658888058443;0.959375465872562;-0.0693954213135441;2.01828233848814
74160;-3150243.8990343;3694560.96429822;4945861.18484894;-6817.16030497093;-1472.24841975033;-2769.83107312516;6789250.46535886;0.0495270787729472;0.0337294909080701;0.959393452133178;-0.0694359889152652;2.04963869486364
74190;-3353030.99384472;3648418.06505608;4860118.77552909;-6700.85209738211;-1603.57781311775;-2945.69361295332;6789608.55099213;0.0495230043653582;0.0348977661298664;0.959412079760458;-0.0694749278334295;2.08089556518544
74220;-3552228.25325433;3598368.88376656;4769158.44721719;-6577.86720591702;-1732.64859045146;-3117.66858607568;6789974.2158511;0.0495141172611233;0.0360610068027144;0.959431264331479;-0.0695122051605655;2.11206465741195
74250;-3747638.0254753;3544482.83643333;4673098.93539574;-6448.38270170863;-1859.35090167791;-3285.61640896896;6790345.88417803;0.0495005188715797;0.0372097645743008;0.959450920769488;-0.0695477948784946;2.14315749119781
74280;-3939068.01357111;3486832.57615559;4572063.0751313;-6312.57846029788;-1983.57878271677;-3449.40334409312;6790722.00171428;0.0494823510963155;0.0383349144411601;0.959470963685226;-0.0695816777660486;2.17418533047757
74310;-4126331.35575733;3425493.8772705;4466177.62710966;-6170.63690873096;-2105.23010663795;-3608.90140483762;6791101.0403986;0.0494597941122808;0.0394277143397682;0.95949130770392;-0.0696138412855991;2.20515912057588
74340;-4309246.69834141;3360545.52102035;4355573.10658547;-6022.7427876788;-2224.20653095687;-3763.98825641169;6791481.50262896;0.0494330639684052;0.040479860360442;0.959511867777522;-0.0696442794504234;2.23608942978281
74370;-4487638.26174757;3292069.18285132;4240383.6153557;-5869.08292827355;-2340.41344166175;-3914.54711350134;6791861.92510519;0.0494024100097862;0.0414835376474632;0.959532559481913;-0.0696729926748534;2.26698639533304
74400;-4661335.90006332;3220149.3214334;4120746.67684215;-5709.84604331862;-2453.75989453519;-4060.46663546641;6792240.88227067;0.0493681121540063;0.0424314670395829;0.959553299298904;-0.0696999876090731;2.29785967373646
74430;-4830175.1545332;3144873.06947456;3996803.07434589;-5545.22253249554;-2564.15855430071;-4201.64081980268;6792616.98937373;0.0493304780407666;0.0433169474892126;0.959574004883004;-0.0697252769603394;2.32871839542277
74460;-4993997.30141368;3066330.12638684;3868696.69251518;-5375.40430116252;-2671.52563209472;-4337.96889454719;6792988.90516977;0.0492898400747774;0.0441338942779146;0.959594595313011;-0.0697488793022997;2.35957112368321
74490;-5152649.39459048;2984612.65284753;3736574.3620493;-5200.58459231562;-2775.78082173429;-4469.35521025979;6793355.33428638;0.0492465523807658;0.0448768730223153;0.959614991328584;-0.0697708188739823;2.39042581791498
74520;-5305984.30334668;2899815.16728477;3600585.70764171;-5020.95783126335;-2876.84723522229;-4595.70913217035;6793715.02927388;0.0492009876885575;0.0455411294396784;0.959635115552033;-0.0697911253699253;2.42128980119884
74550;-5453860.74565584;2812034.44430428;3460882.99914948;-4836.71948254913;-2974.65133790367;-4716.94493303938;6794066.79236433;0.0491535341654528;0.0461226148177458;0.959654892695621;-0.0698098337228055;2.45216973226426
74580;-5596143.31736066;2721369.41506171;3317621.00595983;-4648.06591864283;-3069.1228836597;-4832.98168723977;6794409.47696155;0.0491045922125587;0.0466180071107659;0.959674249754749;-0.0698269838798185;2.48307158191893
74610;-5732702.51758272;2627921.06957412;3170956.85450995;-4455.19429991219;-3160.19485050108;-4943.74316652932;6794741.98888504;0.0490545712413411;0.0470247275640369;0.959693116187429;-0.0698426205739573;2.51400061403853
74640;-5863414.77069446;2531792.36095336;3021049.88890281;-4258.30246537723;-3247.80337689665;-5049.1577379477;6795063.2873897;0.0490038864464152;0.047340952753872;0.959711424080481;-0.0698567930912257;2.54496137122789
74670;-5988162.44516914;2433088.1115347;2868061.53454915;-4057.58883374506;-3331.88769915041;-5149.15826423685;6795372.38598326;0.0489529555904669;0.0475656219204709;0.959729108302948;-0.0698695550347238;2.57595766527376
74700;-6106833.86960985;2331914.92086474;2712155.1647545;-3853.25231421917;-3412.39009011745;-5243.68200715157;6795668.35306236;0.0489021958171857;0.04769843946767;0.959746106647211;-0.0698809640864395;2.60699257251238
74730;-6219323.34624295;2228381.07550431;2553495.97015909;-3645.49222657495;-3489.25579952831;-5332.67053399622;6795950.31238732;0.0488520205081496;0.0477398725075501;0.959762359958317;-0.0698910817674848;2.63806843423134
74760;-6325531.16214653;2122596.46059443;2392250.83092959;-3434.50822999317;-3562.43299617089;-5416.06962769468;6796217.44341518;0.0488028361997058;0.0476911433396009;0.959777812252038;-0.069899973197419;2.66918686221262
74790;-6425363.59846877;2014672.47312608;2228588.19159213;-3220.50026014347;-3631.87271216026;-5493.82920067322;6796468.9815092;0.0487550395760154;0.0475542167737431;0.959792410822174;-0.0699077068532179;2.70034874950434
74820;-6518732.93787635;1904721.93684776;2062677.93838842;-3003.66847401203;-3697.52878950863;-5565.90321281044;6796704.2180423;0.0487090145545227;0.0473317822345048;0.959806106337614;-0.0699143543283574;2.73155428648049
74850;-6605557.47045746;1792859.01873913;1894691.27902948;-2784.21320196968;-3759.35782919095;-5632.2495936845;6796922.50041071;0.0486651294801689;0.0470272306192411;0.959818852929652;-0.0699199900924075;2.76280298221195
74880;-6685761.49828926;1679199.14697288;1724800.6247149;-2562.33490658035;-3817.31914288556;-5692.8301693251;6797123.23197312;0.0486237344446154;0.0466446259267114;0.959830608270043;-0.0699246912514541;2.79409369112883
74910;-6759275.33886444;1563858.93028222;1553179.4742796;-2338.23414765297;-3871.3747075544;-5747.61059365641;6797305.87192941;0.0485851587465948;0.0461886717220263;0.959841333640259;-0.0699285373095989;2.82542464490407
74940;-6826035.32755687;1446956.07864651;1380002.30032478;-2112.11155304403;-3921.48912301316;-5796.56028479766;6797469.93515202;0.0485497085092064;0.0456646725596197;0.959850993992396;-0.0699316099317258;2.85679348943267
74970;-6885983.81929142;1328609.32520309;1205444.43718521;-1884.16779472221;-3967.62957262841;-5839.65236636882;6797614.99198178;0.0485176644695032;0.0450784905457348;0.959859558002137;-0.0699339927076627;2.88819732672097
75000;-6939069.18956865;1208938.34928987;1029681.97058056;-1654.60356961036;-4009.76578726636;-5876.86361393195;6797740.66799903;0.0484892799550636;0.0444364972846919;0.959866998114162;-0.0699357709178157;2.91963276143733
75030;-6985245.83498034;1088063.70051918;852891.628795;-1423.61958472459;-4047.87001260608;-5908.17440668161;6797846.64377952;0.0484647790613974;0.0437455215169655;0.959873290580356;-0.0699370313003058;2.95109595181201
75060;-7024474.17333777;966106.723780406;675250.6752262;-1191.41654613384;-4081.91697991881;-5933.5686844828;6797932.65464369;0.0484443550429731;0.0430127928204127;0.959878415491136;-0.0699378618195956;2.98258266451055
75090;-7056720.64352007;843189.485066266;496936.802141802;-958.19515126721;-4111.88388040466;-5953.03391033952;6797998.49040667;0.0484281689294091;0.0422458818065286;0.959882356800185;-0.0699383514365599;3.01408833304421
75120;-7081957.70513628;719434.698014445;318128.025479564;-724.156084099655;-4137.7503431678;-5966.56103836361;6798043.99513512;0.0484163483769192;0.041452637299872;0.95988510234283;-0.0699385898799178;3.04560811922508
75150;-7100163.83808015;594965.65105457;139002.580525198;-489.500012749788;-4159.49841690195;-5974.14448729976;6798069.06691637;0.048408986763482;0.0406411210387576;0.959886643848289;-0.0699386674189237;3.07713697712304
75180;-7111323.54204343;469906.135048147;-40261.181699447;-254.427589025893;-4177.11255534867;-5975.78211965005;6798073.65764351;0.0484061425344305;0.0398195404774572;0.959886976945944;-0.0699386746371891;3.10866971893995
75210;-7115427.33603886;344380.371307479;-219484.897506318;-19.1394494585765;-4190.57960658238;-5971.47522642883;6798057.7728198;0.0484078388032474;0.0389961803030454;0.959886101165779;-0.0699387022074934;3.14020108218331
75240;-7112471.75797078;218512.939878053;-398490.293238459;216.16378264007;-4199.88880616748;-5961.22851756677;6798021.4713841;0.0484140632103686;0.0381793333025106;0.95988401993307;-0.0699388406674323;-3.11145950968035
75270;-7102459.36427705;92428.7079676538;-577099.287764262;451.281494549825;-4205.03177422465;-5945.05011797128;6797964.86555818;0.0484247680407336;0.0373772312271339;0.959880740557377;-0.0699391801957422;-3.07994665066646
75300;-7085398.72965273;-33747.2415955096;-755134.094938341;686.013081406832;-4206.00251643528;-5922.95156923868;6797888.12071577;0.0484398705987722;0.0365979763009476;0.959876274215858;-0.0699398103891438;-3.04845072815295
75330;-7061304.44685154;-159889.681994168;-932417.326198356;920.157943817941;-4202.79742900511;-5894.94783700194;6797791.45527206;0.0484592538374517;0.0358494740083498;0.959870635930855;-0.069940820039547;-3.01697662824826
75360;-7030197.12654801;-285873.314261814;-1108772.09346647;1153.51548628435;-4195.41530759974;-5861.05732388645;6797675.1405913;0.048482767236054;0.0351393677730517;0.95986384454171;-0.0699422969114717;-2.98552897895738
75390;-6992103.39722902;-411572.839450245;-1284022.11252314;1385.88511689523;-4183.857360257;-5821.30188803405;6797539.5009092;0.0485102279194451;0.0344749761072207;0.959855922670676;-0.0699443275195502;-2.95411208865181
75420;-6947055.90506964;-536863.03124409;-1457991.80701948;1617.06624875406;-4168.12722427265;-5775.70686714394;6797384.91326574;0.0485414220098771;0.0338632327670832;0.959846896682794;-0.0699469969059975;-2.92272988756392
75450;-6895093.31373444;-661618.809141375;-1630506.41329287;1846.85830360248;-4148.23098704737;-5724.3011079664;6797211.80744286;0.0485761062007539;0.0333106304007616;0.959836796639553;-0.0699503884179576;-2.89138587279584
75480;-6836260.30403127;-785715.312318672;-1801392.08614817;2075.06071810988;-4124.17721087464;-5667.11700117271;6797020.66590065;0.0486140095404065;0.0328231681172963;0.959825656246095;-0.0699545834846635;-2.86008305727646
75510;-6770607.57333042;-909027.974298627;-1970476.00576464;2301.47295329978;-4095.97696163958;-5604.19052151089;6796812.02370445;0.0486548354127057;0.0324063033445294;0.959813512791738;-0.0699596613943806;-2.82882392303865
75540;-6698191.83464808;-1031432.59853665;-2137586.48588549;2525.89450758855;-4063.64384138967;-5535.56127314331;6796586.46843434;0.048698263700353;0.0320649082796405;0.959800407083511;-0.0699656990711416;-2.79761037912472
75570;-6619075.81527841;-1152805.43504222;-2302553.08344378;2748.12493391555;-4027.19402472813;-5461.272540047;6796344.64006737;0.0487439531159022;0.0318032311713987;0.959786383372395;-0.0699727708513257;-2.76644372436381
75600;-6533328.25484435;-1273023.25814853;-2465206.70977468;2967.96386144895;-3986.64629897017;-5381.37134134227;6796087.23082191;0.048791543684981;0.0316248626096534;0.95977148927192;-0.0699809482601775;-2.73532461520075
75630;-6441023.90262242;-1391963.44554249;-2625379.74355961;3185.21102235563;-3942.02210799126;-5295.90849139827;6795814.98495253;0.0488406593657884;0.0315327069366681;0.959755775668756;-0.0699902997884213;-2.70425303869528
75660;-6342243.51398241;-1509504.05866447;-2782906.14564313;3399.66628412888;-3893.34559968443;-5204.93866454693;6795528.69848258;0.0488909107887384;0.0315289588384159;0.9597392966249;-0.0700008906691762;-2.67322829075396
75690;-6237073.84576757;-1625523.92458472;-2937621.57585802;3611.12968797229;-3840.64367693119;-5108.52046421761;6795229.21886102;0.0489418981000417;0.0316150851228905;0.959722109271047;-0.070012782655445;-2.64224895960567
75720;-6125607.6504262;-1739902.71946031;-3089363.51198819;3819.40149374297;-3783.94605197689;-5006.71649628509;6794917.44452864;0.0489932138930911;0.0317918116481592;0.959704273690736;-0.070026033798514;-2.61131291448742
75750;-6007943.66869016;-1852521.05367284;-3237971.37099234;4024.28223196207;-3723.28530408691;-4899.59344640208;6794594.3243783;0.0490444462116568;0.0320591153259075;0.959685852794808;-0.0700406982276726;-2.58041729946995
75780;-5884186.62058073;-1963260.55874338;-3383286.63260432;4225.57276340437;-3658.69694034464;-4787.22216106477;6794260.85709255;0.0490951816091199;0.0324162210970693;0.959666912185764;-0.0700568259317381;-2.54955853232339
75810;-5754447.19450661;-2072003.97611645;-3525152.96541799;4423.07434678285;-3590.21945943552;-4669.67773213577;6793918.09034146;0.0491450082482126;0.0328616037553138;0.959647520011561;-0.0700744625429502;-2.51873230830213
75840;-5618842.03420346;-2178635.24790031;-3663416.3555559;4616.58871504662;-3517.89441824389;-4547.03958452313;6793567.11982244;0.0491935190259645;0.0333929944810705;0.959627746808412;-0.0700936491238826;-2.4879336087149
75870;-5477493.72324884;-2283039.60964482;-3797925.23801159;4805.91816081298;-3441.76650107015;-4419.39156668647;6793209.08812338;0.0492403147087655;0.0340073919439433;0.959607665332175;-0.0701144219581087;-2.457156714141
75900;-5330530.76687065;-2385103.68523261;-3928530.63074513;4990.86563145522;-3361.88359125607;-4286.82204361244;6792845.18338957;0.0492850070625677;0.0347010778332441;0.959587350377909;-0.0701368123454461;-2.42639522215526
75930;-5178087.57075154;-2484715.58395217;-4055086.27160002;5171.23483436704;-3278.29684498402;-4149.42399187075;6792476.63777458;0.0493272219632981;0.0354696366854797;0.959566878587227;-0.0701608464026979;-2.39564206943305
75960;-5020304.41651632;-2581764.99981437;-4177448.75809784;5346.83035292298;-3191.0607669934;-4007.2950963293;6792104.72565485;0.0493666024724574;0.0363079798918975;0.959546328243085;-0.0701865448709068;-2.364889558121
75990;-4857327.43357359;-2676143.31316573;-4295477.69015357;5517.45777364955;-3100.23328793322;-3860.53784807255;6791730.76158742;0.0494028118626471;0.0372103737883811;0.959525779051712;-0.0702139229302278;-2.3341293863775
76020;-4689308.56696776;-2767743.69464303;-4409035.81574039;5682.92382511635;-3005.87584304394;-3709.25964303086;6791356.09799032;0.0494355365773887;0.0381704717527297;0.959505311911412;-0.0702429900236303;-2.30335268300985
76050;-4516405.54088225;-2856461.21150415;-4517989.17951744;5843.03652904717;-2908.05345183444;-3553.5728807903;6790982.12252533;0.0494644891090302;0.0391813502591693;0.959485008668049;-0.0702737496907272;-2.2725500461592
76080;-4338781.81741996;-2942192.93635966;-4622207.27441752;5997.60536413991;-2806.83479839168;-3393.59506301246;6790610.25516291;0.0494894107778105;0.0402355488657133;0.959464951857094;-0.0703061994131324;-2.24171158600985
76110;-4156606.55027249;-3024838.05831835;-4721563.19617391;6146.44144306927;-2702.29231192991;-3229.44889085194;6790241.94491022;0.0495100743942408;0.041325114135085;0.959445224432165;-0.070340330472834;-2.21082697152411
76140;-3970054.53287592;-3104297.99654749;-4815933.80074657;6289.35770312781;-2594.50224715521;-3061.26236071557;6789878.66618356;0.0495262867858923;0.0424416475129722;0.959425909480134;-0.0703761278251608;-2.17988548122659
76170;-3779306.14063723;-3180476.51623565;-4905199.86458751;6426.1691109385;-2483.5447639877;-2889.1688576624;6789521.91480811;0.049537891168452;0.0435763572064729;0.959407089922933;-0.0704135699880033;-2.14887605808024
76200;-3584547.26680325;-3253279.84693143;-4989246.24766349;6556.69288164513;-2369.50400614975;-2713.30724569673;6789173.20362928;0.0495447693395509;0.0447201141193647;0.959388848206318;-0.0704526289490264;-2.11778736850995
76230;-3385969.25153194;-3322616.80321625;-5067962.05913102;6680.74871295509;-2252.46817809248;-2533.82195415836;6788834.05772193;0.0495468436724193;0.0458635119073468;0.959371265975992;-0.0704932700926735;-2.08660786563521
76260;-3183768.80371537;-3388398.90765301;-5141240.82553403;6798.15903437175;-2132.52961969652;-2350.86305936557;6788506.00918595;0.0495440788849118;0.0469969312140067;0.959354423741597;-0.0705354521488292;-2.05532585677044
76290;-2978147.91509411;-3450540.51593497;-5208980.66136851;6908.74927191088;-2009.78487814463;-2164.58636061588;6788190.59151961;0.0495364835579157;0.0481106081347605;0.959338400529259;-0.0705791271650397;-2.02392957523753
76320;-2769313.76619476;-3508958.94414032;-5271084.44183078;7012.34812854587;-1884.33477632573;-1975.15344959967;6787889.33356499;0.0495241113757064;0.0491947069304705;0.959323273523509;-0.07062424050423;-1.99240725650873
76350;-2557478.62361579;-3563574.59797849;-5327459.97753697;7108.78788057025;-1756.28447709018;-1782.73177223076;6787603.75302371;0.0495070620594574;0.050239396971993;0.959309117699591;-0.070670730869865;-1.96074721865699
76380;-2342859.72818203;-3614311.10389288;-5378020.19097068;7197.90469000267;-1625.74354263684;-1587.4946818481;6787335.34954507;0.0494854819639957;0.0512349338409048;0.959296005447331;-0.0707185303604999;-1.92893794703415
76410;-2125679.17348568;-3661095.44186275;-5422683.29438356;7279.53893308748;-1492.82598827273;-1389.62148269267;6787085.59739358;0.0494595643070598;0.0521717444381061;0.959284006187941;-0.0707675645556364;-1.89696818302279
76440;-1906163.77433102;-3703858.0797236;-5461372.96884023;7353.53554486471;-1357.65032974689;-1189.29746251599;6786855.9377075;0.0494295489999141;0.0530405158601375;0.959273185985325;-0.0708177526347547;-1.86482701661513
76470;-1684544.92460235;-3742533.10880068;-5494018.54406339;7419.74437969435;-1220.33962332134;-986.713913129986;6786647.77036633;0.0493957220482869;0.0538322876917512;0.959263607153652;-0.0708690075313151;-1.83250398246016
76500;-1461058.44407943;-3777058.38062489;-5520555.17869942;7478.0205875222;-1081.02149770501;-782.068137664563;6786462.44549053;0.0493584144933747;0.0545385472331942;0.959255327863173;-0.0709212361234218;-1.79998915888908
76530;-1235944.41373261;-3807375.64447327;-5540924.04058624;7528.22500556718;-939.828176940579;-575.563443259201;6786301.25460384;0.0493180008642135;0.0551513270313542;0.959248401746473;-0.0709743394627086;-1.76727326927909
76560;-1009446.99904139;-3833430.6854486;-5555072.48656722;7570.22456499292;-796.896493301169;-367.409117879159;6786165.42149528;0.0492748971151939;0.055663303918118;0.959242877507532;-0.0710282130428468;-1.73434778494881
76590;-781814.260894966;-3855173.462784;-5562954.24135471;7603.8927119994;-652.367889223481;-157.82038991657;6786056.09282553;0.0492295580260191;0.056067898578446;0.959238798536217;-0.0710827471088752;-1.70120502859676
76620;-553297.953652231;-3872558.24802856;-5564529.57490633;7629.10984263291;-506.38840727745;52.981630787224;6785974.32852983;0.0491824740460917;0.0563593744795296;0.95923620253098;-0.0711378270083252;-1.66783827710229
76650;-324153.30996222;-3885543.7627398;-5559765.47773603;7645.76375046549;-359.10866715044;264.770031878185;6785921.09207775;0.049134167571271;0.0565329347957504;0.959235121132773;-0.0711933335848483;-1.63424186231083
76680;-94638.8119734448;-3894093.31527803;-5548635.83354033;7653.75008613768;-210.6838286073;477.312198772719;6785897.24065828;0.0490851886482338;0.0565848157686267;0.95923557957333;-0.0712491436147511;-1.60041126822871
76710;134984.051406535;-3898174.93626591;-5531121.58847848;7652.97282759129;-61.2735393771464;690.369937672988;6785903.51536691;0.0490361101103503;0.0565123747549541;0.959237596341149;-0.0713051302865074;-1.56634322286602
76740;364451.041502246;-3897761.51224547;-5507210.91640413;7643.3447596432;88.9581330855651;903.699622686384;6785940.5314796;0.048987522159024;0.0563141710493162;0.959241182868656;-0.0713611637229428;-1.532035782798
76770;593495.441369821;-3892830.91703287;-5476899.37930483;7624.78796136648;239.842787013205;1117.05236839503;6786008.7689064;0.0489400264157981;0.0559900374295797;0.95924634324411;-0.071417111545384;-1.49748840837695
76800;821848.342013746;-3883366.14024034;-5440190.08216642;7597.23429955336;391.207789943821;1330.17422918099;6786108.56292543;0.0488942294830419;0.0555411402777576;0.959253073951955;-0.0714728394786232;-1.46270202742972
76830;1049238.94347493;-3869355.41240373;-5397093.82144056;7560.6259263366;542.876401555808;1542.8064265574;6786240.09530483;0.0488507360645136;0.0549700260854058;0.959261363645306;-0.0715282119950819;-1.42767908523163
76860;1275394.87088347;-3850792.32612463;-5347629.22625745;7514.91577884245;694.667916691933;1754.68560568354;6786403.38592687;0.0488101417112415;0.0542806521738225;0.959271192954349;-0.0715830929960618;-1.39242357856827
76890;1500042.50550257;-3827675.95260717;-5291822.89149158;7460.06807854284;846.397829498388;1965.54412215159;6786598.28503396;0.0487730252726207;0.0534783995556789;0.95928253433433;-0.0716373465274554;-1.35694107179215
76920;1722907.33071701;-3800010.95294321;-5229709.50175743;7396.05882776714;997.878019543405;2175.11036002371;6786824.46622096;0.0487399411469241;0.0525700660439316;0.959295351956805;-0.0716908375267533;-1.3212386929599
76950;1943714.29284037;-3767807.6834741;-5161331.94538451;7322.87630062811;1148.91696070465;2383.10908196826;6787081.42030107;0.048711411439076;0.0515638379820452;0.959309601647644;-0.0717434325976418;-1.28532510840342
76980;2162188.17652958;-3731082.29453558;-5086741.41739788;7240.52152541499;1299.31995352433;2589.26181219346;6787368.45017461;0.0486879181459451;0.0504692393279022;0.959325230875145;-0.0717950008079314;-1.24921047444624
77010;2378053.99450422;-3689856.82187241;-5005997.51051194;7149.00875531182;1448.88938162494;2793.28725270423;6787684.6668297;0.0486698955000091;0.0492970572690418;0.959342178791352;-0.0718454145060144;-1.21290636542163
77040;2591037.39117098;-3644159.26999349;-4919168.29313219;7048.36592411428;1597.42499265636;2994.90173321324;6788028.98660211;0.04865772261041;0.0480592440713911;0.959360376329409;-0.0718945501505108;-1.17642567767295
77070;2800865.05965099;-3594023.68672642;-4826330.3733532;6938.63508344725;1744.72420410638;3193.81969482012;6788400.12981723;0.0486517165456019;0.0467687954528834;0.959379746359404;-0.0719422891472498;-1.13978250980649
77100;3007265.17160075;-3539490.22822218;-4727568.94794088;6819.87281783165;1890.58243415102;3389.75420733346;6788796.6209311;0.0486521260034995;0.0454396064089802;0.959400203904773;-0.0719885186872458;-1.10299202010233
77130;3209967.81910562;-3480605.21365863;-4622977.835295;6692.1506338164;2034.79345754933;3582.41751984952;6789216.79027828;0.0486591257128606;0.044086306075567;0.959421656420846;-0.0720331325788851;-1.06607026264789
77160;3408705.46780982;-3417421.16889334;-4512659.49140339;6555.55531928432;2177.14978639903;3771.52164392018;6789658.77752344;0.048672811703347;0.0427240738679266;0.959444004136616;-0.0720760320671447;-1.02903400441248
77190;3603213.42032851;-3349996.85832557;-4396725.00782402;6410.18926896277;2317.44307536598;3956.77896834251;6790120.53689941;0.0486931975711938;0.0413684397546951;0.959467140460201;-0.0721171266323259;-0.991900526101708
77220;3793230.28886826;-3278397.30424145;-4275294.09076469;6256.17077212569;2455.46455078278;4137.90290428494;6790599.84429826;0.048720211852785;0.0400350720819113;0.959490952447873;-0.0721563347605241;-0.954687410188279
77250;3978498.47586105;-3202693.79293834;-4148495.02037376;6093.63425846654;2591.00546278116;4314.60855913337;6791094.30626271;0.0487536965999582;0.0387395568279988;0.959515321335847;-0.0721935846778709;-0.917412319981801
77280;4158764.66129727;-3122963.86695283;-4016464.5894086;5922.73049815639;2723.85755938151;4486.61343709741;6791601.3709041;0.0487934072290117;0.037497172520835;0.959540123133288;-0.0722288150404895;-0.880092773952234
77310;4333780.29532411;-3039291.30275301;-3879348.02051304;5743.62675218028;2853.81358121274;4653.63816426609;6792118.3407491;0.0488390136907759;0.0363226652653713;0.9595652292743;-0.0722619755721045;-0.842745919740119
77340;4503302.09456083;-2951766.07329912;-3737298.8614092;5556.50686917214;2980.66777527943;4815.40723544777;6792642.38749227;0.0488901029825426;0.035230028402159;0.959590507325868;-0.0722930276413598;-0.805388312360252
77370;4667092.54047133;-2860484.2949282;-3590478.85739468;5361.57132514608;3104.21642593403;4971.64977977522;6793170.56860344;0.0489461829949044;0.0342322912412126;0.959615821747969;-0.0723219447711109;-0.768035701031346
77400;4824920.3780295;-2765548.1580774;-3439057.80063181;5159.03720275145;3224.25840095308;5122.10034170929;6793699.8457111;0.0490066876586153;0.0333413210954834;0.959641034701309;-0.0723487130722944;-0.730702828846022
77430;4976561.11281614;-2667065.84142765;-3283213.3558216;4949.13810696268;3340.59571036141;5266.49967373802;6794227.10465277;0.0490709833292974;0.0325676424865793;0.959666006897367;-0.0723733315954275;-0.693403249145962
77460;5121797.50459821;-2565151.40912354;-3123130.86197129;4732.12401445168;3453.03407540153;5404.59553674889;6794749.17705399;0.049138376322028;0.0319202769317171;0.959690598484754;-0.0723958125933577;-0.656149162005704
77490;5260420.05536442;-2459924.69080722;-2959003.11008923;4508.26105428148;3561.38350481058;5536.14350375537;6795262.86326781;0.0492081214843376;0.0314066061686218;0.959714669965144;-0.0724161816895677;-0.618951273678728
77520;5392227.48972693;-2351511.14429224;-2791030.09677465;4277.83121800111;3665.45887534884;5660.90776239181;6795764.95647793;0.049279431675508;0.0310322610629772;0.95973808313147;-0.072434477947138;-0.581818681249946
77550;5517027.22554827;-2240041.70079824;-2619418.75381102;4041.13199771315;3765.08051332633;5778.661911358;6796252.26774159;0.049351488002791;0.0308010377993097;0.95976070202047;-0.0724507538343696;-0.544758784097653
77580;5634635.83261817;-2125652.5927675;-2444382.65401936;3798.47595122082;3860.07477370139;5889.189745803;6796721.65172316;0.0494234506515801;0.0307148423093993;0.959782393871214;-0.0724650750840695;-0.50777722312401
77610;5744879.47718614;-2008485.16438945;-2266141.69378012;3550.19019393774;3950.27461318189;5992.2860264923;6797170.03284722;0.04949447013678;0.0307736632689212;0.959803030080841;-0.0724775204445834;-0.470877848092546
77640;5847594.35015577;-1888685.66506792;-2084921.75278895;3296.61581785342;4035.52015364957;6087.75722750758;6797594.43158127;0.0495636987966986;0.0309755734140232;0.959822487148449;-0.0724881813218197;-0.434062712835078
77670;5942627.07676456;-1766405.02617775;-1900954.33176956;3038.10723848477;4115.65923215438;6175.42225718953;6797991.99054343;0.0496303023485413;0.0313167584131048;0.959840647597917;-0.0724971613127162;-0.397332097576892
77700;6029835.10561117;-1641798.62157025;-1714476.16902561;2775.03147140018;4190.54793369217;6255.11314705379;6798360.00012041;0.0496934713258219;0.0317915720862654;0.959857400870365;-0.0725045756318588;-0.360684557189135
77730;6109087.07494922;-1515026.01240097;-1525728.83687058;2507.76734056899;4260.05110298735;6326.67570349221;6798695.92327618;0.049752432222405;0.0323926164018593;0.95987264417705;-0.072510550434226;-0.324116993817169
77760;6180263.1542447;-1386250.67696548;-1334958.31912798;2236.70462145681;4324.04283155495;6389.97011721649;6798997.4192318;0.0498064581750833;0.0331108443977318;0.959886283303684;-0.0725152220383152;-0.287624752054556
77790;6243255.35909132;-1255639.7263397;-1142414.57104299;1962.24312244462;4382.40691641455;6444.87152561052;6799262.36570319;0.049854879026206;0.0339356839695916;0.959898233357495;-0.0725187360551459;-0.251201734629926
77820;6297967.83769522;-1123363.60672772;-948351.063087172;1684.79170878884;4435.03728697198;6491.27052343055;6799488.87939505;0.0498970906195088;0.0348551803338196;0.959908419448818;-0.0725212464298597;-0.214840536441335
77850;6344317.12727617;-989595.789522149;-753024.310270377;1404.76727394789;4481.83839677337;6529.07361762639;6799675.33446684;0.0499325631956029;0.0358561548961437;0.959916777299575;-0.0725229144037689;-0.178532594699276
77880;6382232.3788859;-854512.450177408;-556693.388694572;1122.59366366986;4522.72557706864;6558.20362244978;6799820.37870942;0.0499608487682212;0.0369243782289973;0.959923253771737;-0.0725239074057828;-0.142268352913083
77910;6411655.54931372;-718292.137084154;-359619.44119309;838.700558755455;4557.62534939518;6578.59999146327;6799922.94719934;0.0499815873779896;0.0380447548664886;0.959927807309647;-0.0725243978830918;-0.106037436463582
77940;6432541.55893434;-581115.431712311;-162065.173992894;553.522322870378;4586.47569470478;6590.2190835588;6799982.27323052;0.049994512136974;0.0392015176535163;0.959930408291009;-0.072524562081835;-0.0698288375342044
77970;6444858.41455;-443164.601359229;35705.6535837741;267.496822175575;4609.22627690334;6593.03436063404;6799997.89636028;0.0499994529943262;0.0403784294231016;0.95993103928237;-0.0725245787891786;-0.0336311072118248
78000;6448587.29648703;-304623.245897866;233428.74429991;-18.935776137069;4625.83861904942;6587.03651514774;6799969.66744707;0.0499963391708574;0.04155898981289;0.959929695195954;-0.0725246280487852;0.00256744739330157
78030;6443722.60942337;-165675.939966574;430839.780943625;-305.334219076039;4636.28623085845;6572.2335263759;6799897.7506005;0.0499852002282047;0.0427266450596279;0.959926383345868;-0.0725248898620477;0.0387785631303407
78060;6430271.99664617;-26507.8720763793;627674.944878434;-591.257389365497;4640.55468657903;6548.65064480894;6799782.62200928;0.0499661657562991;0.0438649986232117;0.959921123402845;-0.072525542887681;0.0750138200018185
78090;6408256.31766395;112695.517866801;823671.433047634;-876.265525693216;4638.64165273973;6516.33030475711;6799625.06565813;0.0499394636810506;0.0449580204862932;0.959913947247854;-0.0725267631523178;0.111284441682386
78120;6377709.58932462;251748.90111905;1018567.97128786;-1159.92143415966;4630.55686570279;6475.33196585818;6799426.16599065;0.0499054172124308;0.0459902529507888;0.959904898726109;-0.0725287227846248;0.147601099500714
78150;6338678.89081502;390467.42123319;1212105.32183705;-1441.79168350448;4616.32205939854;6425.73188479767;6799187.2976195;0.0498644404714153;0.0469470107112957;0.959894033304144;-0.0725315887851584;0.183973722064473
78180;6291224.23313769;528667.052287789;1404026.78297027;-1721.44777688037;4595.97084404437;6367.62281914928;6798910.1122275;0.0498170328524168;0.0478145729323503;0.95988141763371;-0.0725355218437124;0.220411312762013
78210;6235418.39387352;666164.952757251;1594078.67876292;-1998.4672932197;4569.54853706876;6301.1136658125;6798596.52284314;0.0497637721958296;0.0485803649993713;0.959867129027354;-0.0725406752152797;0.256921777432389
78240;6171346.71824261;802779.81361245;1782010.83706294;-2272.43499159198;4537.11194785803;6226.32903705721;6798248.68570951;0.0497053068628969;0.0492331275619419;0.959851254851453;-0.0725471936649833;0.29351176454773
78270;6099106.88766727;938332.199295529;1967577.05385166;-2542.94387237339;4498.72911831497;6143.40877767485;6797868.97999724;0.0496423468221758;0.0497630704545951;0.95983389184341;-0.0725552124914151;0.330186520286977
78300;6018808.65721963;1072644.88027738;2150535.54228455;-2809.59618953485;4454.47902156048;6052.50742717557;6797459.98563853;0.0495756538730997;0.0501620090776156;0.959815145360455;-0.0725648566368057;0.366949760884331
78330;5930573.56349898;1205543.15598094;2330649.36482714;-3072.00440889534;4404.45122141617;5953.79363135516;6797024.45958028;0.0495060311472805;0.0504234808622049;0.959795128568198;-0.0725762398913186;0.40380356459598
78360;5834534.60462988;1336855.1669367;2507686.84703629;-3329.79210777118;4348.74549557528;5847.44950788097;6796565.31076991;0.0494343120418567;0.0505428395439221;0.959773961577585;-0.0725894641975661;0.440748285531223
78390;5730835.89419998;1466412.19512765;2681421.97168042;-3582.59481207128;4287.47142559714;5733.66997080918;6796085.57419689;0.0493613487510346;0.0505173251377693;0.959751770539337;-0.0726046190601841;0.477782491427094
78420;5619632.29106554;1594048.95157769;2851634.75204299;-3830.060767532;4220.74795704623;5612.6620191449;6795588.38431684;0.0492880005715271;0.0503461077571546;0.959728686705225;-0.0726217810640102;0.514902927199235
78450;5501089.00704169;1719603.85033953;3018111.58340881;-4071.85164244285;4148.70293323839;5484.64399469144;6795076.94818306;0.0492151221644623;0.0500303037532493;0.959704845465678;-0.0726410135031033;0.552104505770168
78480;5375381.1945642;1842919.26814351;3180645.57189164;-4307.6431598768;4071.47260615464;5349.84481450641;6794554.51860304;0.0491435519600846;0.0495729630729461;0.959680385373222;-0.0726623661215425;0.589380327257222
78510;5242693.51645921;1963841.78907652;3339036.83992123;-4537.12565809519;3989.2011281371;5208.50318329169;6794024.36762531;0.0490741008918098;0.0489790272387894;0.959655447161144;-0.0726858749656727;0.626721727100026
78540;5103219.69998762;2082222.43376883;3493092.80786708;-4760.00457843982;3902.04002799393;5060.86679099484;6793489.76064467;0.0490075416426258;0.0482552579335141;0.959630172766534;-0.0727115623462396;0.664118353131172
78570;4957162.07734198;2197916.8726753;3642628.45143329;-4976.00088064383;3810.14767511205;4907.19150079484;6792953.9313936;0.0489445985792169;0.0474101368099407;0.959604704366498;-0.0727394369076979;0.701558270958383
78600;4804731.11476694;2310785.62314438;3787466.53461173;-5184.85138608247;3713.68873511091;4747.74053248954;6792420.0580628;0.0488859385374549;0.0464537378224663;0.959579183435895;-0.0727694938008955;0.739028096354002
78630;4646144.93245036;2420694.23007284;3927437.81812825;-5386.30905003716;3612.83362047087;4582.78364610095;6791891.24076744;0.0488321626071238;0.0453975740639677;0.959553749834394;-0.0728017149543535;0.776513152662848
78660;4481628.81729208;2527513.4300455;4062381.24345797;-5580.14316455702;3507.75793943836;4412.59633027368;6791370.48054649;0.0487837990441192;0.0442544217615787;0.959528540930043;-0.0728360694384779;0.813997650572683
78690;4311414.73060283;2631119.29895579;4192144.09261839;-5766.13949396598;3398.64194635228;4237.45899976567;6790860.66005244;0.0487412974153675;0.043038124705891;0.959503690765828;-0.0728725139162725;0.851464886973114
78720;4135740.8127179;2731393.38319463;4316582.12407408;-5944.10034547852;3285.66999635442;4057.65620602734;6790364.52605766;0.0487050240558646;0.0417633829298889;0.959479329274995;-0.0729109931734718;0.888897459089635
78750;3954850.88643086;2828222.81458128;4435559.6852013;-6113.84457775007;3169.03000724603;3873.47586453862;6789884.67387305;0.0486752588893229;0.0404455298879079;0.959455581550109;-0.0729514407204886;0.926277489647958
78780;3768993.96106279;2921500.40928908;4548949.80186613;-6275.2075504986;3048.91293103702;3685.20850223173;6789423.53374383;0.0486521936347811;0.0391003026879337;0.959432567170032;-0.0729937794581685;0.963586858523132
78810;3578423.73888471;3011124.75109244;4656634.24576421;-6428.04101859157;2925.51223750736;3493.14652797437;6788983.35925834;0.0486359313921197;0.037743610085867;0.959410399588212;-0.0730379223990591;1.00080743617476
78840;3383398.12550568;3097000.25932714;4758503.5802541;-6572.21297419779;2799.02341186569;3297.5835287302;6788566.21777787;0.0486264875707099;0.0363913029484771;0.959389185584847;-0.0730837734357499;1.03792131417356
78870;3184178.74572844;3179037.24201528;4854457.18548916;-6707.60744075915;2669.64346835234;3098.81359365559;6788173.98286942;0.0486237920983549;0.0350589517330648;0.95936902478472;-0.0731312281477843;1.07491102828496
78900;2981030.4662606;3257151.93465787;4944403.26371578;-6834.12422264371;2537.5704813956;2897.13066803786;6787808.32869995;0.0486276928231428;0.0337616352243702;0.959350009241729;-0.0731801746387138;1.1117597698847
78930;2774220.92655191;3331266.52524287;5028258.82565721;-6951.678614403;2403.00313569394;2692.82793863541;6787470.72632912;0.0486379599995514;0.0325137443296591;0.959332223090412;-0.073230494395021;1.14845158192219
78960;2564020.0789105;3401309.16605416;5105949.65894442;-7060.20107357559;2266.14029636681;2486.19725164686;6787162.44181918;0.048654291732746;0.031328804184633;0.959315742264085;-0.0732820631588924;1.18497153619714
78990;2350699.73893271;3467213.97289779;5177410.27958713;-7159.63686095898;2127.18060009362;2277.52856421877;6786884.53606452;0.048676320241857;0.0302193171937865;0.95930063427857;-0.0733347518071523;1.221305889345
79020;2134533.14716437;3528921.01238634;5242583.86750126;-7249.94565221784;1986.32206794756;2067.10943010094;6786637.86623026;0.0487036187943369;0.0291966289503186;0.959286958079924;-0.0733884272290706;1.25744221560594
79050;1915794.54279625;3586376.27794029;5301422.18712262;-7331.10112461053;1843.76174042904;1855.22451977737;6786423.08867891;0.0487357091592514;0.0282708182843971;0.959274763954048;-0.0734429531962166;1.29336951514942
79080;1694758.75008507;3639531.65517754;5353885.49414274;-7403.09052250409;1699.6953350145;1642.15517514128;6786240.663256;0.0487720694273768;0.0274506120046806;0.959264093495615;-0.0734981912180401;1.32907829741052
79110;1471700.77808271;3688344.87736905;5399942.42940144;-7465.91420521198;1554.31692636069;1428.17899854418;6786090.85880042;0.0488121420498865;0.026743324253447;0.959254979633341;-0.0735540013774008;1.36456063953916
79140;1246895.43415308;3732779.47164041;5439569.90096179;-7519.58518053466;1407.81864914321;1213.56947583378;6785973.75974211;0.0488553419547363;0.0261548198130751;0.959247446708317;-0.0736102431408412;1.39981022064616
79170;1020616.95165686;3772804.69659615;5472752.95537904;-7564.12862721308;1260.39042336137;998.59563280213;6785889.27364887;0.0489010646100236;0.0256895001979682;0.95924151060184;-0.0736667761389819;1.43482233303373
79200;793138.63209087;3808395.47203657;5499484.63915508;-7599.58140932351;1112.21970180941;783.521724295103;6785837.13958509;0.0489486939159678;0.0253503109519111;0.95923717890898;-0.0737234609130113;1.46959387201191
79230;564732.501880682;3839532.30142614;5519765.8513449;-7625.99158545133;963.491239296872;568.606955085535;6785816.93714818;0.048997609821104;0.0251387682525082;0.959234451153976;-0.0737801596238314;1.50412330622057
79260;335668.983943176;3866201.18775835;5533605.18825317;-7643.41791528575;814.386883097662;354.105231484835;6785828.0960526;0.0490471955731637;0.025055002701299;0.959233319043451;-0.0738367367210047;1.53841063059935
79290;106216.584059071;3888393.54344496;5541018.78112608;-7651.92936607797;665.085384018461;140.264942560765;6785869.90613711;0.0490968445303808;0.0250978180457426;0.95923376675343;-0.073893059569209;1.57245730427962
79320;-123358.407974488;3906106.09483809;5542030.12770879;-7651.60462120592;515.762227401102;-72.6712302590264;6785941.52767754;0.0491459664740693;0.025264762530773;0.959235771246106;-0.0739489990304512;1.60626617572073
79350;-352792.202505708;3919340.78197209;5536669.91850059;-7642.53159289064;366.58948331037;-284.466476488214;6786042.00189477;0.0491939933778711;0.0255522106009372;0.959239302612388;-0.0740044300008024;1.63984139738849
79380;-581823.779657055;3928104.65408896;5524975.85850074;-7624.80694091467;217.735675107216;-494.889994131708;6786170.26155583;0.0492403846027057;0.0259554527585505;0.959244324436343;-0.0740592319009045;1.67318833218902
79410;-810195.144626739;3932409.76148616;5506992.48519688;-7598.53559900346;69.3656655669514;-703.717102866418;6786325.14157461;0.0492846314989206;0.0264687915157132;0.959250794177756;-0.074113289119941;1.70631345373758
79440;-1037651.56891528;3932273.04420041;5482770.98350599;-7563.83031034717;-78.3594403282793;-910.729334259271;6786505.38952742;0.0493262614082704;0.0270856415453692;0.959258663569197;-0.0741664914131794;1.73922424237405
79470;-1263941.8177713;3927716.21801416;5452368.99833544;-7520.81117356459;-225.282376814549;-1115.71450044062;6786709.67600765;0.0493648410680452;0.0277986323283405;0.959267879024153;-0.0742187342535654;1.77192907864378
79500;-1488818.36418729;3918765.65824477;5415850.44538938;-7469.60520024261;-371.249783893143;-1318.46674265171;6786936.60475284;0.0493999794278951;0.0285997117972764;0.959278382052978;-0.0742699191381788;1.804437135758
79530;-1712037.58980749;3905452.28174914;5373285.32080291;-7410.34588502606;-516.112259909103;-1518.78656107556;6787184.7224859;0.049431329896684;0.0294802496867024;0.959290109683622;-0.0743199538506595;1.83675827233839
79560;-1933359.97313729;3887811.42754908;5324749.51014465;-7343.1727890823;-659.724401069428;-1716.48082734256;6787452.52842119;0.0494585920421148;0.0304311395025955;0.95930299488431;-0.0743687526809617;1.86890292654547
79590;-2152550.26546582;3865882.73645578;5270324.59728689;-7268.23113762496;-801.944828801642;-1911.3627810768;6787738.48339384;0.049481512770003;0.0314428982193302;0.959316966985601;-0.0744162366040152;1.90088201249498
79620;-2369377.6549323;3839710.03004483;5210097.67360206;-7185.67143204983;-942.636205841007;-2103.25201181738;6788041.01857903;0.0494998870130569;0.0325057629918241;0.959331952099435;-0.0744623334190495;1.93270681968543
79650;-2583615.91918114;3809341.18930674;5144161.14790465;-7095.64907711484;-1081.66524191781;-2291.97442761175;6788358.54377465;0.0495135579609863;0.0336097843330603;0.959347873533067;-0.0745069778514824;1.96438891599693
79680;-2795043.56706224;3774828.03327219;5072612.55751947;-6998.32402348389;-1218.90268989564;-2477.36221153712;6788689.45522803;0.0495224168648427;0.0347449153503103;0.959364652195955;-0.0745501116193862;1.99594005467694
79710;-3003443.96984089;3736226.19788602;4995554.38082024;-6893.86042585165;-1354.2233331879;-2659.25376736091;6789032.14299348;0.0495264024488415;0.0359010967558486;0.959382206997947;-0.0745916834666259;2.02737208560563
79740;-3208605.48238679;3693595.01537944;4913093.85154652;-6782.42631677254;-1487.50596525376;-2837.49365550378;6789384.99781305;0.0495254999626562;0.0370683374703184;0.959400455237292;-0.0746316491648156;2.05869687102989
79770;-3410321.55481408;3646997.39436651;4825342.77517338;-6664.19329623197;-1618.63336194666;-3011.93252041939;6789746.41751829;0.0495197399064481;0.0382367907192388;0.959419312977219;-0.0746699714862666;2.0899262058721
79800;-3608390.83504426;3596499.70086807;4732417.34757498;-6539.33623692084;-1747.49224745873;-3182.42701045443;6790114.81295509;0.0495091964597988;0.0393968255869396;0.959438695410043;-0.0747066201501035;2.1210717426551
79830;-3802617.26276154;3542171.64044439;4634437.97619246;-6408.03300510516;-1873.97325457381;-3348.83969120055;6790488.61343814;0.0494939856443708;0.040539094038835;0.959458517207918;-0.0747415717437071;2.15214492103723
79860;-3992810.15522628;3484086.14159708;4531529.10388679;-6270.46419692084;-1997.97087991052;-3511.03895329856;6790866.2717447;0.0494742632486212;0.0416545934539382;0.959478692859552;-0.0747748096216052;2.18315690191963
79890;-4178784.2854058;3422319.24058071;4423819.03562935;-6126.81288986869;-2119.38343480464;-3668.89891560332;6791246.26866077;0.0494502225413034;0.0427347247270729;0.959499136992356;-0.0748063237838835;2.21411850606996
79920;-4360359.95287473;3356949.96774561;4311439.76815632;-5977.26440923648;-2238.11299244824;-3822.29932456664;6791627.11709512;0.0494220917989069;0.0437713460057834;0.959519764679655;-0.0748361107361199;2.24504015719991
79950;-4537363.04792802;3288060.23551521;4194526.82268822;-5822.00610913215;-2354.0653318714;-3971.12545064556;6792007.36577883;0.0493901316706186;0.0447568221232852;0.959540491732717;-0.0748641733327674;2.27593182943751
79980;-4709625.10933973;3215734.72808446;4073219.08079219;-5661.2271677756;-2467.14987932053;-4115.26798249385;6792385.60256973;0.0493546324029455;0.0456840697766056;0.959561234977492;-0.0748905206058284;2.30680299914635
80010;-4876983.37618973;3140060.79290922;3947658.62344293;-5495.11839666467;-2577.27964755665;-4254.62291964703;6792760.45738253;0.0493159109447802;0.0465465984817609;0.95958191251606;-0.0749151675805634;2.33766260106078
80040;-5039280.83416831;3061128.33404186;3817990.57331731;-5323.87206320378;-2684.3711735666;-4389.09146436472;6793130.60476626;0.0492743079525238;0.0473385473155555;0.959602443972884;-0.0749381350798812;2.36851898872792
80070;-5196366.25675625;2979029.70735333;3684362.9403385;-5147.68172636078;-2788.34445515087;-4518.57991324933;6793494.76615147;0.0492301847138321;0.0480547174298344;0.959622750726059;-0.0749594495189506;2.39937989927036
80100;-5348094.24166433;2893859.61766913;3546926.47046774;-4966.74208489879;-2889.12288682309;-4642.9995492173;6793851.71179001;0.0491839200077253;0.0486906002987809;0.95964275612382;-0.0749791426914686;2.43025242250841
80130;-5494325.2429026;2805715.0178334;3405834.49772487;-4781.24883771401;-2986.63319542872;-4762.26653435766;6794200.26241027;0.0491359069181101;0.0492424016359507;0.959662385686629;-0.0749972515489112;2.46114297450419
80160;-5634925.59883536;2714695.00970385;3261242.79940357;-4591.39855579843;-3080.80537586412;-4876.3018041734;6794539.29061077;0.0490865496172659;0.0497070608959691;0.959681567295235;-0.0750138179739842;2.49205727561112
80190;-5769767.55656324;2620900.74706922;3113309.45443286;-4397.38856533629;-3171.57262725161;-4985.03096366371;6794867.72201461;0.0490362601355004;0.0500822662576134;0.959700231365117;-0.0750288885493861;2.52300033313031
80220;-5898729.29295906;2524435.34047039;2962194.70482319;-4199.41684143649;-3258.87128990213;-5088.38418566931;6795184.53620694;0.0489854551329702;0.0503664649717149;0.959718311007787;-0.0750425143228848;2.55397642868837
80250;-6021694.93266877;2425403.763897;2808060.82012335;-3997.68191199785;-3342.6407833736;-5186.29611186947;6795488.76747698;0.0489345526895862;0.0505588689498097;0.959735742179427;-0.0750547505696137;2.58498911045819
80280;-6138554.56337416;2323912.76332217;2651071.96480313;-3792.38277120083;-3422.82354591149;-5278.70575678737;6795779.50538534;0.0488839691289246;0.0506594554687871;0.959752463817373;-0.075065656552387;2.61604119034475
80310;-6249204.24859826;2220070.76703002;2491394.06846665;-3583.71880211837;-3499.36497553696;-5365.55641513011;6796055.89517666;0.0488341158921441;0.0506689628734412;0.959768417964951;-0.0750752952807393;2.64713474625115
80340;-6353546.03831958;2113987.79768269;2329194.69879169;-3371.88970793766;-3572.21337302816;-5446.79557276145;6796317.13805655;0.0487853964780235;0.0505888811734184;0.959783549885201;-0.0750837332693074;2.67827112952525
80370;-6451487.9776458;2005775.38606669;2164642.9370819;-3157.09545128621;-3641.31988702188;-5522.3748215785;6796562.49135108;0.0487382034653402;0.0504214374537417;0.959797808163989;-0.0750910402960753;2.70945097766421
80400;-6542944.11378247;1895546.48645173;1997909.25631107;-2939.53620115718;-3706.63846144458;-5592.24977853845;6796791.26856574;0.0486929156338892;0.0501695760489352;0.959811144803029;-0.0750972891609325;2.74067423232357
80430;-6627834.50151723;1783415.39348929;1829165.40153154;-2719.41228693187;-3768.12578546571;-5656.38000905781;6797002.83935987;0.0486498952004672;0.0498369334692068;0.959823515303307;-0.0751025554449082;2.77194016263854
80460;-6706085.20742487;1669497.66057246;1658584.27251246;-2496.92415900032;-3825.7412461503;-5714.72895498445;6797196.62945159;0.0486094851860479;0.0494278081130082;0.959834878739387;-0.0751069172703786;2.80324739381943
80490;-6777628.3129838;1553910.01957374;1486339.80846815;-2272.27235548476;-3879.44688397306;-5767.26386732209;6797372.12046681;0.0485720069301739;0.0489471248523481;0.959845197825062;-0.075110455062474;2.83459394093094
80520;-6842401.91677965;1436770.30187255;1312606.87473125;-2045.65747457476;-3929.20735134228;-5813.95574386701;6797528.84974518;0.0485377577682284;0.0484003946344347;0.959854438970775;-0.075113251311853;2.86597724770742
80550;-6900350.13595695;1318197.36058027;1137561.15122143;-1817.28015198659;-3974.98987426917;-5854.77927189894;6797666.41011422;0.0485070088867073;0.0477936693044092;0.959862572333235;-0.0751153903389536;2.8973942301955
80580;-6951423.10706546;1198310.99386634;961379.022555943;-1587.34104306405;-4016.76421730528;-5889.71277605044;6797784.44964228;0.0484800033708865;0.0471334919172284;0.95986957185758;-0.0751169580597811;2.9288413249515
80610;-6995576.98643311;1077231.86928589;784237.469644988;-1356.04080904148;-4054.50265185978;-5918.73817146298;6797882.67137938;0.0484569544583561;0.0464268428705059;0.959875415312452;-0.0751180417532477;2.96031454145766
80640;-7032773.95018338;955081.449005889;606313.962612005;-1123.58010699391;-4088.17992799683;-5941.84092232275;6797960.83309407;0.0484380440107564;0.0456810822526702;0.959880084318285;-0.075118729830038;2.99180951835833
80670;-7062982.19400051;831981.915823987;427786.354876129;-890.159583002767;-4117.77324980331;-5959.0100058546;6798018.74701333;0.048423421214729;0.0449038888598818;0.959883564369081;-0.075119111602941;3.02332158305838
80700;-7086175.93273213;708056.099871783;248832.778232171;-655.97986806895;-4143.2622544071;-5970.23788183861;6798056.27957144;0.0484132015215729;0.0441031963893426;0.959885844847904;-0.0751192770585587;3.05484581417155
80730;-7102335.39990465;583427.405891885;69631.5387615792;-421.241576307723;-4164.62899471677;-5975.52046770091;6798073.35117238;0.0484074658334237;0.0432871273637769;0.959886919036302;-0.0751193166302777;3.0863771062596
80760;-7111446.8472129;458219.740976173;-109638.986593425;-186.145304962618;-4181.85792594455;-5974.85711921734;6798069.93596973;0.04840625994193;0.0424639253807968;0.959886784117802;-0.0751193209723724;3.11791023626392
80790;-7113502.54403176;332557.442650945;-288800.452961364;49.1083642227415;-4194.93589596578;-5968.25061685669;6798046.06166654;0.0484095942234722;0.0416418863099475;0.959885441175611;-0.0751193807350911;-3.13374537617732
80820;-7108500.77698353;206565.207193168;-467674.650148108;284.31886273449;-4203.85213955959;-5955.7071577778;6798001.80933664;0.0484174435929478;0.0408292890786867;0.959882895184583;-0.0751195863405711;-3.10222437209477
80850;-7096445.84958117;80368.0180608203;-646083.605088253;519.285632578806;-4208.59827656734;-5937.2363534837;6797937.31326803;0.0484297477160708;0.0400343266956596;0.959879154997508;-0.075120027759422;-3.07071722858305
80880;-7077348.08195368;-45908.9256806533;-823849.68431088;753.808123591107;-4209.16831399725;-5912.85123312381;6797852.76082769;0.0484464114780981;0.0392650381551201;0.959874233325707;-0.0751207942878184;-3.03922896328208
80910;-7051223.81064617;-172140.281054479;-1000795.69658887;987.685791222956;-4205.55865209568;-5882.56825242409;6797748.39234614;0.0484673057048384;0.0385292418504007;0.959868146713906;-0.0751219743249489;-3.00776437627087
80940;-7018095.38847344;-298200.633110497;-1176744.99594013;1220.71809526636;-4197.76809439733;-5846.40730821288;6797624.50101916;0.0484922681298829;0.0378344710974608;0.959860915509281;-0.0751236551506784;-2.97632798690205
80970;-6977991.18439201;-423964.567224356;-1351521.58514805;1452.70449997661;-4185.79786175859;-5804.39175849893;6797481.43282294;0.0485211046001376;0.0371879123326067;0.959852563824594;-0.0751259227032972;-2.94492397332498
81000;-6930945.58334168;-549306.741877416;-1524950.21996684;1683.44447605695;-4169.65161037001;-5756.54844804544;6797319.58643783;0.0485535905100666;0.0365963465027774;0.959843119495219;-0.0751288613572482;-2.91355611522084
81030;-6876998.98599379;-674101.962036564;-1696856.51417573;1912.7375049707;-4149.33545373522;-5702.90773937163;6797139.41317499;0.0485894724535203;0.0360660941136937;0.959832614029895;-0.0751325537007528;-2.8822277402191
81060;-6816197.8083294;-798225.253252635;-1867067.04564361;2140.38308604992;-4124.85798859489;-5643.50354910061;6796941.41689905;0.0486284700807029;0.0356029643424914;0.95982108255496;-0.0751370803132811;-2.85094167440676
81090;-6748594.48095632;-921551.936595368;-2035409.46356315;2366.18074687294;-4096.23032476528;-5578.37338955831;6796726.1539389;0.0486702781467074;0.0352122085589849;0.959808563751815;-0.0751425195428508;-2.81970019727871
81120;-6674247.44805984;-1043957.70454173;-2201712.59701026;2589.93005738716;-4063.46611885101;-5507.55841551435;6796494.23297767;0.0487145687371212;0.034898478535141;0.959795099787302;-0.0751489472831779;-2.78850500141338
81150;-6593221.16586757;-1165318.69793315;-2365806.56498142;2811.43064825803;-4026.58161178186;-5431.10347594048;6796246.31491209;0.0487609936555093;0.0346657895579851;0.959780736236702;-0.0751564367507439;-2.75735715709301
81180;-6505586.10049443;-1285511.58411541;-2527522.88805729;3030.48223392932;-3985.59567011251;-5349.05717064651;6795983.11267003;0.0488091869570692;0.034517488598207;0.959765521998972;-0.0751650582618994;-2.72625708202527
81210;-6411418.72501896;-1404413.63637317;-2686694.6018366;3246.88464088518;-3940.52983101275;-5261.47191163664;6795705.39097448;0.0488587676124328;0.0344562276273702;0.959749509203872;-0.075174879010172;-2.69520451626313
81240;-6310801.51562757;-1521902.81476842;-2843156.37227936;3460.43784160869;-3891.40835086372;-5168.40398901117;6795413.9660408;0.0489093422854329;0.0344839421218377;0.959732753110558;-0.0751859628440092;-2.66419850236526
81270;-6203822.94664841;-1637857.84848979;-2996744.61309295;3670.94199473728;-3838.25825736268;-5069.91364121958;6795109.70519332;0.0489605082086525;0.0346018347429867;0.959715311997253;-0.075198370045251;-2.63323737079055
81300;-6090577.48428126;-1752158.31981619;-3147297.60528836;3878.1974919195;-3781.10940502498;-4966.06512945048;6794793.5263864;0.0490118561406573;0.0348103641413431;0.959697247041561;-0.0752121571086909;-2.60231873047808
81330;-5971165.57881482;-1864684.74979498;-3294655.61902732;4082.0050118825;-3719.99453395727;-4856.92681592232;6794466.39761408;0.0490629733890136;0.0351092387982504;0.959678622190973;-0.075227376523162;-2.57143946453012
81360;-5845693.65510747;-1975318.68573057;-3438661.03787337;4282.16558222362;-3654.94933176015;-4742.57124581555;6794129.33619155;0.0491134468834163;0.0354974157925671;0.959659504023152;-0.075244076554659;-2.54059573088895
81390;-5714274.1010919;-2083942.79057518;-3579158.48555211;4478.48064944298;-3586.0124984014;-4623.07523256233;6793783.407891;0.049162866283499;0.0359731043617215;0.95963996159554;-0.0752623010320867;-2.5097829678805
81420;-5577025.25404869;-2190440.93430806;-3715994.95531654;4670.75215773663;-3513.22581388319;-4498.51994618354;6793429.72591347;0.0492108271061371;0.0365337741166542;0.959620066283853;-0.0752820891363142;-2.47899590448736
81450;-5434071.38437817;-2294698.28738431;-3849019.94200414;4858.78263707169;-3436.63420850711;-4368.99100433515;6793069.44967774;0.0492569338572286;0.0371761677677013;0.959599891609073;-0.0753034751932976;-2.44822857521129
81480;-5285542.67658424;-2396601.41632785;-3978085.57686132;5042.37530106551;-3356.28583552048;-4234.57856569611;6792703.78340684;0.0493008031530425;0.037896318223159;0.9595795130525;-0.0753264884721288;-2.41747433938986
81510;-5131575.20716826;-2496038.38153662;-4103046.76519979;5221.33415518998;-3272.23214590527;-4095.37742529882;6792333.97449204;0.0493420668162203;0.0386895699333203;0.959559007858534;-0.0753511529889579;-2.38672590484225
81540;-4972310.91911549;-2592898.83736031;-4223761.32693652;5395.46411581947;-3184.52796504795;-3951.48711136973;6791961.31161424;0.0493803749313835;0.0395506043689488;0.959538454824825;-0.0753774873178347;-2.35597535573575
81570;-4807897.5926409;-2687074.13450283;-4340090.14005587;5564.57114063672;-3093.23157100359;-3803.01198321287;6791587.12260204;0.0494153988450232;0.0404734695439818;0.959517934079527;-0.0754055044096087;-2.32521418458444
81600;-4638488.81184618;-2778457.42479277;-4451897.2870175;5728.46237090366;-2998.40477404143;-3650.06132963188;6791212.77200644;0.0494468340938913;0.0414516135155344;0.959497526845394;-0.075435211420124;-2.29443332831476
81630;-4464243.92692434;-2866943.76835523;-4559050.2041184;5886.94628609527;-2900.11299713144;-3492.74946734774;6790839.65837159;0.0494744032455147;0.0424779218200353;0.959477315190582;-0.0754666095490419;-2.26362320835811
81660;-4285328.01153386;-2952430.24320776;-4661419.83380007;6039.83287138176;-2798.42535700228;-3331.19583882836;6790469.21118223;0.0494978586336482;0.0435447588298132;0.959457381766024;-0.075499693890715;-2.23277377475553
81690;-4101911.81494963;-3034816.05729166;-4758880.77987401;6186.9337984289;-2693.41474537019;-3165.52510890429;6790102.88746864;0.0495169849705254;0.0446440130390388;0.959437809529391;-0.0755344532986299;-2.20187455428376
81720;-3914171.70858455;-3114002.66293732;-4851311.46561916;6328.06261996674;-2585.15790990642;-2995.86725950045;6789742.16805112;0.049531601816642;0.0457671463099841;0.959418681455714;-0.0755708702650207;-2.17091470263356
81750;-3722289.62646212;-3189893.87374894;-4938594.29468414;6463.03497855339;-2473.73553447715;-2822.35768176828;6789388.55340749;0.0495415658875287;0.0469052471276834;0.959400080234845;-0.0756089208173335;-2.13988306068783
81780;-3526452.99920823;-3262395.98387921;-5020615.81470502;6591.6688299322;-2359.23231815495;-2645.1372648557;6789043.55914856;0.0495467731755872;0.0480490879229423;0.95938208795608;-0.0756485744332995;-2.10876821495825
81810;-3326854.68111865;-3331417.88964938;-5097266.88352562;6713.78468134756;-2241.73705246456;-2464.35248050381;6788708.71108864;0.0495471608635814;0.0491891865268453;0.959364785780366;-0.0756897939764326;-2.07755856224198
81840;-3123692.86984857;-3396871.21345296;-5168442.83788246;6829.2058451456;-2121.34269628876;-2280.15546261009;6788385.53990063;0.0495427090048602;0.0503158718142379;0.959348253600675;-0.0757325356538241;-2.04624237855348
81870;-2917171.0182613;-3458670.42986395;-5234043.66438979;6937.75870794119;-1998.14644782139;-2092.7040808477;6788075.57534815;0.0495334419438795;0.0514193535759371;0.959332569691267;-0.0757767489981429;-2.0148078923683
81900;-2707497.73796545;-3516732.99385125;-5293974.17263205;7039.27301558145;-1872.24981291575;-1902.16200737989;6787780.34009038;0.0495194294491661;0.0524897966291374;0.959317810346741;-0.075822376875778;-1.98324336218454
81930;-2494886.69406409;-3570979.4709809;-5348144.1701417;7133.58217407734;-1743.75866913705;-1708.6987756582;6787501.3430591;0.0495007875295886;0.0535173991297178;0.959304049511923;-0.0758693555230622;-1.95153715836145
81960;-2279556.490635;-3621333.66946625;-5396468.6390089;7220.52356660925;-1612.7833247873;-1512.48983024296;6787240.07241184;0.0494776789037677;0.0544924749884529;0.959291358403856;-0.0759176146125082;-1.91967784913177
81990;-2061730.54645915;-3667722.77390405;-5438867.91383749;7299.93888663837;-1479.43857213141;-1313.7165665353;6786997.98806951;0.0494503130917669;0.0554055402133296;0.959279805127303;-0.0759670773509526;-1.88765429060431
82020;-1841636.96051478;-3710077.48051005;-5475267.86072702;7371.67448707339;-1343.84373401383;-1112.56635926248;6786776.51385259;0.0494189460979595;0.0562474029018478;0.959269454285427;-0.0760176606114432;-1.8554557204737
82050;-1619508.36675728;-3748332.13364357;-5505600.05692576;7435.58174535073;-1206.12270301606;-909.232578512776;6786577.02923511;0.0493838796543036;0.0570092564896411;0.959260366587453;-0.0760692751006255;-1.823071855036
82080;-1395581.77771089;-3782424.86338375;-5529801.97076245;7491.51744418585;-1066.40397226851;-703.91459207383;6786400.86074267;0.0493454599942791;0.0576827757249497;0.959252598455381;-0.076121825563269;-1.79049298897132
82110;-1170098.41640706;-3812297.72389353;-5547817.14142666;7539.34416764306;-924.820656994392;-496.817752789506;6786249.2730266;0.0493040761295977;0.0582602146836563;0.95924620163199;-0.0761752110254339;-1.75771009719852
82140;-943303.536216601;-3837896.83227902;-5559595.35812881;7578.93071205109;-781.510505830536;-288.153369616443;6786123.45965419;0.0492601576046187;0.0587345059685754;0.959241222792596;-0.0762293250776019;-1.72471493793552
82170;-715446.228139173;-3859172.50762287;-5565092.83813047;7610.15251116136;-636.615900940361;-78.138661033097;6786024.53366189;0.0492141717073028;0.059099360051969;0.959237703163222;-0.0762840561988935;-1.69150015591278
82200;-486779.215133417;-3876079.40984033;-5564272.40309516;7632.89207480572;-490.283845908088;133.003310567519;6785953.5179266;0.0491666201206414;0.0593493635271383;0.959235678148047;-0.076339288123245;-1.65805938449355
82230;-257558.633095853;-3888576.67797592;-5557103.65316847;7647.03944015989;-342.665940382401;345.04372488385;6785911.33541781;0.0491180350048971;0.0594800748380233;0.959235176969174;-0.0763949002481483;-1.6243873452568
82260;-28043.7981257614;-3896628.06752764;-5543563.13815458;7652.49263455849;-193.918340422036;557.748111497628;6785898.79940183;0.0490689745087414;0.0594881158631292;0.959236222321934;-0.0764507680862381;-1.59047994340475
82290;201503.040252576;-3900202.08635384;-5523634.52511502;7649.15814863771;-44.2017034867316;770.876480832724;6785916.60367738;0.0490200177165072;0.0593712575497055;0.959238830049097;-0.0765067637596686;-1.55633435717623
82320;430816.960199541;-3899272.12868624;-5497308.76167409;7636.95141840315;106.318882984653;984.183479644769;6785965.31293011;0.0489717590492578;0.05912849763643;0.959243008837503;-0.0765627565368323;-1.52194911928787
82350;659630.643246113;-3893816.606741;-5464584.23427486;7615.79731463304;257.473990460238;1197.41857237464;6786045.3533012;0.0489248021491147;0.0587601283784628;0.959248759940698;-0.076618613410562;-1.48732418830034
82380;887674.664749891;-3883819.07938825;-5425466.92059049;7585.63063783337;409.089956700485;1410.32624965397;6786157.00327311;0.0488797532891413;0.0582677921096401;0.959256076931297;-0.076674199716507;-1.45246100772678
82410;1114677.7992585;-3869268.37730991;-5379970.53525765;7546.39661676127;560.98901265102;1622.64626518989;6786300.38498198;0.0488372143647926;0.0576545224543791;0.959264945486754;-0.0767293797898968;-1.41736255067746
82440;1340367.34085514;-3850158.72404595;-5328116.6680632;7498.05140832901;712.98942981268;1834.11390217852;6786475.45607284;0.0487977755372162;0.0569247690476949;0.95927534321231;-0.076784017658407;-1.38203334788016
82470;1564469.4384923;-3826489.85230083;-5269934.91368232;7440.56259649392;864.905689007515;2044.4602703002;6786682.00221864;0.0487620076131132;0.0560844037456044;0.959287239504755;-0.0768379777683164;-1.34647949703849
82500;1786709.44624464;-3798267.11485525;-5205462.99203608;7373.90968753273;1016.54867139487;2253.41263423369;6786919.6304284;0.0487304542599817;0.0551407065173019;0.959300595460642;-0.0768911257406106;-1.31070865169955
82530;2006812.28833115;-3765501.58940386;-5134746.85831066;7298.08459889366;1167.72587251268;2460.69477449044;6787187.76327234;0.0487036241688289;0.0541023295089415;0.959315363832365;-0.0769433291531387;-1.27472998809975
82560;2224502.83866907;-3728210.17661772;-5057840.80165848;7213.0921386194;1318.24164002463;2666.02738121199;6787485.63415305;0.0486819832882668;0.0529792381572572;0.959331489035383;-0.0769944583443838;-1.23855414884609
82590;2439506.3146294;-3686415.69071149;-4974807.53158491;7118.95047214175;1467.89743574401;2869.12848139417;6787812.28375114;0.0486659472637231;0.0517826287036474;0.959348907209584;-0.0770443872338636;-1.20219316276201
82620;2651548.68456473;-3640146.94177997;-4885718.25101327;7015.69157306757;1616.4921223779;3069.71389979951;6788166.55777087;0.048655874222685;0.0505248220071502;0.959367546337482;-0.0770929941536512;-1.16566034077507
82650;2860357.08857639;-3589438.80915765;-4790652.71501651;6903.36165440906;1763.82227529257;3267.49775359537;6788547.10610695;0.048652058050938;0.0492191341608487;0.95938732642158;-0.0771401626850008;-1.12897014832933
82680;3065660.27187915;-3534332.30504792;-4689699.27420594;6782.02157656354;1909.68251944057;3462.19298050849;6788952.38354598;0.0486547223051741;0.047879725061447;0.959408159722784;-0.0771857824935932;-1.09213805545124
82710;3267189.03000898;-3474874.62766733;-4582954.90177839;6651.74722822249;2053.8658914135;3653.5119000196;6789380.65210687;0.0486640149037958;0.0465214267402065;0.959429951061295;-0.0772297501564848;-1.05518036625628
82740;3464676.66500303;-3411119.20315395;-4470525.20324097;6512.62987629026;2196.16422639174;3841.16680683376;6789829.98511226;0.0486800037300299;0.0451595539074789;0.959452598180834;-0.0772719699734728;-1.01811403032842
82770;3657859.45156266;-3343125.71549896;-4352524.40786061;6364.77648082514;2336.36856955468;4024.87059555654;6790298.27306812;0.0487026732695458;0.0438096997635359;0.959475992176474;-0.0773123547552754;-0.980956439005394
82800;3846477.11208962;-3270960.12377698;-4229075.3409222;6208.30997098129;2474.26961129305;4204.33741518347;6790783.23141195;0.0487319223888319;0.0424875206554348;0.959500017985721;-0.0773508265806886;-0.943725210131066
82830;4030273.29936545;-3194694.66597389;-4100309.37592608;6043.36947793551;2609.65814533077;4379.28335167514;6791282.4101694;0.0487675633409242;0.0412085135879483;0.959524554941781;-0.0773873175147292;-0.906437965265141
82860;4208996.08552354;-3114407.84874118;-3966366.36591238;5870.11052083011;2742.32554861903;4549.42713654381;6791793.20553791;0.0488093220622749;0.0399877909022191;0.959549477387246;-0.0774217702797058;-0.869112103647714
82890;4382398.45584632;-3030184.42244402;-3827394.55316755;5688.70514185645;2872.06428161253;4714.49087902538;6792312.87339087;0.0488568397992198;0.0388398566045186;0.959574655345675;-0.0774541388712047;-0.831764577386137
82920;4550238.80580503;-2942115.34091554;-3683550.45664624;5499.34198674553;2998.66840727955;4874.20081905576;6792838.54467012;0.0489096760754873;0.0377783888488396;0.959599955247806;-0.0774843891111153;-0.794411672354751
82950;4712281.43965082;-2850297.70538337;-3534998.73653055;5302.22632712533;3121.93412693737;5028.28809791846;6793367.24260644;0.0489673129843447;0.0368160329513851;0.959625240708338;-0.0775124991300803;-0.757068799174199
82980;4868297.06876307;-2754834.69209546;-3381912.03544786;5097.58002145007;3241.66033074509;5176.48954308594;6793895.90167905;0.0490291607611982;0.0359642090490333;0.959650373348488;-0.0775384597721275;-0.719750298373056
83010;5018063.30786627;-2655835.46324131;-3224470.79597768;4885.64141150655;3357.64916043209;5318.54846344576;6794421.38819529;0.049094564565645;0.0352329381225465;0.959675213658779;-0.0775622749147287;-0.682469263445372
83040;5161365.16714223;-2553415.06084076;-3062863.05419714;4666.66515185562;3469.70658159507;5454.2154507905;6794940.52234209;0.0491628123769313;0.0346306896095664;0.95969962189579;-0.0775839616981412;-0.645237385024361
83070;5297995.5381911;-2447694.28335635;-2897284.20914254;4440.92196997347;3577.64296266467;5583.24918316282;6795450.10153125;0.0492331438841894;0.0341642532581036;0.95972345900596;-0.0776035506586054;-0.608064818820579
83100;5427755.67173428;-2338799.54487527;-2727936.7682008;4208.69835531412;3681.27365742864;5705.41722539073;6795946.92483284;0.0493047602333351;0.0338386372460837;0.959746587568908;-0.0776210857608099;-0.570960079350418
83130;5550455.6449064;-2226862.71680342;-2555030.06858778;3970.29617601969;3780.41958780588;5820.49682192832;6796427.81826385;0.0493768344764487;0.0336569939464972;0.959768872752214;-0.0776366243259622;-0.533929960837432
83160;5665914.81595358;-2112020.95211566;-2378779.97521991;3726.03222255339;3874.90782339966;5928.27567694013;6796889.6606757;0.0494485225571773;0.0336205740771009;0.959790183269143;-0.0776502368528383;-0.496979486031191
83190;5773962.26414202;-1994416.49231271;-2199408.55543938;3476.23767811739;3964.57215422248;6028.55271643793;6797329.40996282;0.0495189746572172;0.0337287093644307;0.959810392330441;-0.0776620067302879;-0.460111883082039
83220;5874437.21268611;-1874196.45734506;-2017143.73121027;3221.25751633663;4049.25365288322;6121.13882720186;6797744.12929716;0.0495873467242631;0.0339788232936348;0.959829378581088;-0.0776720298408496;-0.423328590054784
83250;5967189.43252933;-1751512.61887639;-1832218.90956138;2961.44982733356;4128.80122246321;6205.85756719784;6798131.01308045;0.0496528120007599;0.0343664690239664;0.959847027012763;-0.0776804140563575;-0.386629286175544
83280;6052079.62485465;-1626521.1573729;-1644872.59220984;2697.18507397901;4203.07212628444;6282.54584224309;6798487.4122974;0.04971457237511;0.0348853931343502;0.959863229842734;-0.0776872786276781;-0.350011948493458
83310;6128979.780265;-1499382.40361841;-1455347.96545547;2428.84528077215;4271.93249579216;6351.054543774;6798810.85894991;0.0497718693823372;0.0355276235286979;0.959877887350053;-0.0776927534719919;-0.313472932307057
83340;6197773.51265774;-1370260.56536792;-1263892.47158815;2156.82315846798;4335.2578128384;6411.24914273662;6799099.08925461;0.0498239946892327;0.0362835795755349;0.95989090866013;-0.0776969783622988;-0.277007073452711
83370;6258356.36592044;-1239323.43996177;-1070757.36319629;1881.5211682242;4392.9333627624;6463.01023485021;6799350.06529382;0.0498702999093005;0.0371422023763621;0.959902212469165;-0.0777001020250674;-0.240607810375114
83400;6310636.09169821;-1106742.11382883;-876197.24190293;1603.35052966956;4444.85465481886;6506.2340327872;6799561.99482374;0.0499102056050271;0.0380911029431983;0.959911727700414;-0.0777022811531358;-0.204267323788246
83430;6354532.89662361;-972690.649907509;-680469.583184539;1322.73017789419;4490.92780670529;6540.83280116682;6799733.34896306;0.0499432093487489;0.0391167260070776;0.959919394084893;-0.0777036793420962;-0.167976691678981
83460;6389979.65755896;-837345.764107378;-483834.249044397;1040.08567491664;4531.0698901828;6566.73523067069;6799862.87750969;0.0499688927283762;0.0402045271635147;0.959925162659861;-0.0777044659594203;-0.131726057391842
83490;6416922.1035749;-700886.492020157;-286552.990416733;755.848081685282;4565.20923506899;6583.88674805223;6799949.6216634;0.049986927200167;0.0413391610752424;0.959928996179282;-0.077704814956511;-0.0955048085496781
83520;6435318.96357779;-563493.847165773;-88888.9412667781;470.452797112553;4593.28568920307;6592.24975932288;6799992.92396625;0.0499970787074149;0.0425046784842;0.95993086943142;-0.0777049036346552;-0.059301764598363
83550;6445142.07869906;-425350.472125904;108893.893574611;184.338371012506;4615.25083233828;6591.8038239482;6799992.43531121;0.0499992110011287;0.0436847298224754;0.959930769459714;-0.0777049113765094;-0.0231053708027928
83580;6446376.47877052;-286640.283973115;306531.15474682;-102.054701891848;4631.06814230017;6582.54575847074;6799948.11891082;0.0499932876163846;0.0448627732458995;0.95992869568422;-0.0777050183552503;0.0130961034433992
83610;6439020.42242806;-147548.115447467;503758.646732453;-388.285199510282;4640.71311215581;6564.48966858348;6799860.2511615;0.0499793724759401;0.0460222849365158;0.959924659921998;-0.0777054042338548;0.0493143641086173
83640;6423085.40060962;-8259.35336381121;700312.856114067;-673.91239396567;4644.17331756253;6537.6669092997;6799729.41938448;0.0499576291107954;0.0471469695262348;0.959918686306031;-0.0777062468671412;0.0855608919221285
83670;6398596.10343954;131040.424248551;895931.467560086;-958.497269660551;4641.4484338994;6502.12597349363;6799556.5164702;0.0499283185056201;0.0482209684810728;0.959910811103402;-0.0777077210191926;0.12184674380117
83700;6365590.35071768;270165.810766878;1090353.87540296;-1241.60373032417;4632.55020322316;6457.93230970995;6799342.73249819;0.0498917955952514;0.0492290642539375;0.95990108243466;-0.0777099971085972;0.158182358458082
83730;6324118.98645473;408931.931857481;1283321.68870874;-1522.79978766809;4617.50235152702;6405.16807075179;6799089.54344849;0.04984850445673;0.0501568779671658;0.959889559897422;-0.0777132399935856;0.194577368386347
83760;6274245.73811352;547154.803141315;1474579.22779154;-1801.65872449729;4596.34045720796;6343.9317951456;6798798.69716213;0.0497989722594944;0.0509910583299063;0.959876314098352;-0.07771760780862;0.231040420481233
83790;6216047.04142626;684651.683197708;1663874.01019759;-2077.76022542273;4569.1117720608;6274.3380241397;6798472.19674673;0.0497438020542363;0.051719459438461;0.959861426098695;-0.0777232508633171;0.267579007608706
83820;6149611.83185789;821241.420506698;1850957.22427135;-2350.69146869611;4535.8749965084;6196.51685741291;6798112.28165747;0.0496836644983982;0.0523313050605147;0.959844986779483;-0.0777303106137596;0.304199313484741
83850;6075041.30397367;956744.792987331;2035584.18851865;-2620.04817312973;4496.7000111424;6110.61345114347;6797721.40671367;0.0496192886331266;0.052817336979074;0.959827096133375;-0.0777389187153069;0.34090607325384
83880;5992448.6401427;1090984.83885653;2217514.79509767;-2885.4355945673;4451.66756698192;6016.78746251095;6797302.21933607;0.0495514518424436;0.0531699449825168;0.959807862490845;-0.0777491961649521;0.377702452146776
83910;5901958.71016702;1223787.17761001;2396513.93589662;-3146.46946692532;4400.86893715598;5915.21244506924;6796857.53530865;0.0494809691400968;0.0533832761466855;0.959787401689044;-0.0777612525401221;0.4145899445401
83940;5803707.74356659;1354980.3200117;2572351.90979455;-3402.77688342033;4344.40553297409;5806.07519973401;6796390.31338286;0.0494086819427053;0.0534533211770373;0.959765836192164;-0.077775185339594;0.451568295620128
83970;5697842.97637232;1484395.96607081;2744804.80984814;-3653.99711422434;4282.38848756746;5689.57508637046;6795903.62904928;0.0493354464989595;0.0533779757742426;0.959743294172494;-0.0777910794309269;0.488635447661156
84000;5584522.27438277;1611869.29008326;2913654.88929947;-3899.78235743971;4214.93821045763;5565.92330114516;6795400.64780383;0.0492621221533677;0.0531570752642727;0.959719908561603;-0.0778090066075089;0.525787512652595
84030;5463913.73492323;1737239.21191777;3078690.90545671;-4139.79842094392;4142.18391654037;5435.34212491968;6794884.59823168;0.0491895596289446;0.0527924010986503;0.959695816081144;-0.0778290252570084;0.563018772647816
84060;5336195.26920962;1860348.65383211;3239708.44065886;-4373.72533331637;4064.26313305915;5298.06414801483;6794358.74522315;0.0491185895158504;0.0522876582817102;0.959671156262797;-0.0778511801417293;0.600321708759085
84090;5201554.16746329;1981044.78221376;3396510.19969544;-4601.2578827115;3981.32118818649;5154.33147666346;6793826.36362169;0.0490500111520069;0.0516484233144864;0.959646070466668;-0.0778755022901073;0.637687059193113
84120;5060186.6489475;2099179.23374731;3548906.28321096;-4822.10608317869;3893.5106848334;5004.39492640256;6793290.71258595;0.0489845820768008;0.0508820628471889;0.95962070090718;-0.07790200899738;0.675103906122282
84150;4912297.39910194;2214608.32561946;3696714.43677943;-5035.99556853973;3800.9909632697;4848.51320753258;6792755.01092572;0.0489230082299821;0.0499976238867817;0.959595189695156;-0.0779307039323319;0.712559790534979
84180;4758099.09593963;2327193.24947882;3839760.27548599;-5242.66791451312;3703.9275560639;4686.95210760178;6792222.41364634;0.0488659350547461;0.0490056970904786;0.959569677904229;-0.0779615773459581;0.750040853527069
84210;4597811.9278417;2436800.24897129;3977877.48399796;-5441.88089031432;3602.49163874363;4519.9836756577;6791695.98990861;0.0488139396468466;0.0479182553619866;0.959544304669225;-0.0779946063769453;0.787532001813361
84240;4431663.10484097;2543300.78077209;4110907.99224637;-5633.4086414579;3496.85947943962;4347.88541275509;6791178.7025816;0.0487675240707519;0.0467484706256686;0.959519206323451;-0.0780297554480176;0.825017094582369
84270;4259886.36542683;2646571.65913086;4238702.1269696;-5817.04180593659;3387.2118906127;4170.93947292415;6790673.38953538;0.0487271099397745;0.0455105122522838;0.959494515581152;-0.0780669767464712;0.862479148221842
84300;4082721.48083234;2746495.1840364;4361118.73949197;-5992.58756635135;3273.73368577659;3989.43187849078;6790182.7467895;0.0486930343304326;0.0442193311192974;0.959470360770631;-0.0781062107816087;0.899900554935801
84330;3900413.75868206;2842959.2531922;4478025.31022211;-6159.86964091369;3156.61314392561;3803.6517533091;6789709.31360244;0.0486655470728329;0.0428904336814346;0.959446865122761;-0.0781473870113015;0.937263310883537
84360;3713213.5477868;2935857.45807183;4589298.03045771;-6318.72821653579;3036.04148415736;3613.89057711953;6789255.45955698;0.0486448094294656;0.0415396506819183;0.959424146118783;-0.0781904245295497;0.974549249218573
84390;3521375.74577149;3025089.16439443;4694821.86217393;-6469.01982746554;2912.21235275239;3420.441463891;6788823.37366739;0.0486308941454724;0.0401829052375606;0.959402314900505;-0.0782352328066637;1.01174027330495
84420;3325159.31111533;3110559.57742509;4794490.57655368;-6610.61718311386;2785.32132473749;3223.59846664707;6788415.05550767;0.0486237868251386;0.0388359849751428;0.95938147574521;-0.0782817124735805;1.0488185854459
84450;3124826.78107211;3192179.79256207;4888206.77208709;-6743.40894886187;2655.56542172162;3023.65591091868;6788032.30833403;0.0486233885630016;0.0375143226853484;0.959361725606789;-0.07832975614181;1.0857669066729
84480;2920643.79682312;3269866.83172289;4975881.87312673;-6867.29948372829;2523.14264755593;2820.90775861483;6787676.73415279;0.0486295197344214;0.0362327896051716;0.959343153723863;-0.078379249250611;1.12256868350001
84510;2712878.6370981;3343543.66608427;5057436.10983393;-6982.20853882576;2388.25154313502;2615.64700376113;6787349.73066354;0.0486419248304023;0.0350055049591584;0.959325841294972;-0.0784300709331859;1.15920827803033
84540;2501801.76138142;3413139.22576716;5132798.48048952;-7088.07092054187;2251.09076142867;2408.16510122748;6787052.4899906;0.0486602782054352;0.0338456648097066;0.959309861220188;-0.0784820948939669;1.19567113838278
84570;2287685.36370307;3478588.39708733;5201906.69717179;-7184.83612235043;2111.85866361302;2198.7514292538;6786785.99909999;0.0486841905954593;0.0327653926157399;0.959295277907954;-0.0785351902894216;1.23194394705931
84600;2070802.93789779;3539832.00801486;5264707.11582402;-7272.4679290943;1970.7529369602;1987.69278628844;6786551.0417873;0.04871321625587;0.0317756132097768;0.959282147145331;-0.0785892226052312;1.26801474556261
84630;1851428.85510154;3596816.80250264;5321154.6517451;-7350.94399748751;1827.97023494733;1775.27292237957;6786348.20211206;0.0487468605667286;0.0308859512067253;0.959270516029392;-0.078644054523173;1.30387303427198
84660;1629837.95414425;3649495.40435521;5371212.68154038;-7420.25541646483;1683.70583986013;1561.77210510697;6786177.8691473;0.0487845879537268;0.0301046541831944;0.959260422957023;-0.0786995467715591;1.33950984725981
84690;1406305.14539043;3697826.27131451;5414852.93256582;-7480.40625086588;1538.15334799462;1347.46671981086;6786040.24290826;0.0488258299786005;0.0294385403393014;0.959251897670051;-0.0787555589536422;1.37491780235818
84720;1181105.02847756;3741773.64004021;5452055.36088799;-7531.4130717815;1391.50437740306;1132.628903666;6785935.34132216;0.048869993461076;0.0288929697969113;0.95924496135228;-0.0788119503489734;1.41009112734342
84750;954511.524304428;3781307.46265832;5482808.01876627;-7573.30447671685;1243.94829798739;917.526212963756;6785863.00810048;0.0489164685054346;0.0284718382131271;0.959239626774813;-0.0788685806832909;1.44502566358146
84780;726797.521529966;3816403.33554383;5507106.91264183;-7606.12060254098;1095.67198361499;702.421322801226;6785822.92137729;0.0489646363177932;0.0281775910060653;0.959235898485805;-0.0789253108631115;1.47971884885837
84810;498234.537756871;3847042.42099187;5524955.85259168;-7629.91263400095;946.859585818344;487.571758235072;6785814.60298011;0.0490138767145594;0.0280112562035884;0.959233773040705;-0.0789820036717859;1.51416968140664
84840;269092.395493785;3873211.36241698;5536366.29417625;-7644.74231038117;797.692328540378;273.229655836662;6785837.42820493;0.0490635752376191;0.0279724937343116;0.959233239268953;-0.0790385244243588;1.54837866732871
84870;39638.9129155167;3894902.19370272;5541357.17357514;-7650.68143268981;648.34832330149;59.6415544844691;6785890.63597276;0.0491131298071122;0.0280596588777403;0.959234278573079;-0.07909474157913;1.58234775372098
84900;-189860.390627779;3912112.24330396;5539954.73686972;-7647.81137355508;499.002404091731;-152.951785852498;6785973.33925228;0.0491619568576377;0.0282698775674057;0.959236865256173;-0.0791505273043505;1.61608024982429
84930;-419142.57446402;3924844.03368249;5532192.36429278;-7636.22259181725;349.825981231093;-364.31553865099;6786084.53564087;0.0492094969180323;0.028599131287157;0.959240966873778;-0.0792057579989906;1.64958073847945
84960;-647947.541983455;3933105.17663288;5518110.39022539;-7616.01415360922;200.98691339217;-574.220940048618;6786223.11800438;0.0492552196081442;0.029042349403214;0.959246544606323;-0.0792603147669904;1.68285498006352
84990;-876018.291772982;3936908.26503094;5497755.91967969;-7587.29326153131;52.649396941421;-782.445394130371;6786387.88508516;0.0492986280380733;0.0295935069206122;0.959253553648384;-0.0793140838448388;1.71590981093551
85020;-1103101.15476513;3936270.76151139;5471182.64196445;-7550.17479334438;-95.0261282728561;-988.772555699155;6786577.55199645;0.0493392626060116;0.0302457258303207;0.959261943611213;-0.0793669569827288;1.74875303824176
85050;-1328946.01770646;3931214.88455468;5438450.64218737;-7504.78085143241;-241.88305757686;-1192.99239195093;6786790.76053022;0.0493767042000219;0.0309913784105503;0.959271658935119;-0.0794188317798913;1.78139333273291
85080;-1553306.53328519;3921767.49243622;5399626.21120596;-7451.24032412042;-387.768685473947;-1394.90122447219;6787026.08921474;0.0494105768168363;0.0318221910527747;0.959282639308561;-0.0794696119750366;1.81384012103678
85110;-1775940.31728794;3907959.96546403;5354781.65459599;-7389.68845977743;-532.53425589933;-1594.30175296515;6787282.06306661;0.0494405496170683;0.0327293473909557;0.959294820090948;-0.0795192076931076;1.84610347862222
85140;-1996609.13318133;3889828.08690363;5303995.10116494;-7320.26645448718;-676.034999629796;-1791.00306208574;6787557.16299049;0.0494663384412019;0.0337035897143101;0.95930813273641;-0.0795675356497944;1.87819402448635
85170;-2215079.06453547;3867411.92296212;5247350.31149664;-7243.12105393178;-818.130159743008;-1984.82061275143;6787849.83478782;0.0494877068144509;0.0347353178340634;0.959322505216028;-0.0796145193154603;1.91012281840653
85200;-2431120.67572375;3840755.70217677;5184936.48697299;-7158.40417000564;-958.68300600768;-2175.57621924292;6788158.49774367;0.0495044664711981;0.0358146847494236;0.959337862436234;-0.0796600890403023;1.94190126142258
85230;-2644509.1613471;3809907.69452703;5116848.07967961;-7066.27251255838;-1097.56083906837;-2363.09801338467;6788481.55276759;0.0495164774313788;0.0369316886136936;0.95935412665132;-0.0797041821426953;1.97354100005826
85260;-2855024.48484127;3774920.09056357;5043184.60356439;-6966.88723655645;-1234.63498526765;-2547.22039704699;6788817.39007133;0.0495236476619761;0.0380762606381708;0.959371217868229;-0.0797467429627757;2.00505383465317
85290;-3062451.50673269;3735848.88082277;4964050.44718096;-6860.41360485299;-1369.78078292434;-2727.78398416635;6789164.39637223;0.0495259323569312;0.039238348686829;0.959389054242037;-0.0797877228833889;2.03645163206022
85320;-3266580.10301291;3692753.73577121;4879554.68831456;-6747.02066666454;-1502.87756086021;-2904.63553343276;6789520.96161671;0.049523332868326;0.0404079964103942;0.959407552460716;-0.079827080320567;2.06774624286707
85350;-3467205.27410323;3645697.88650084;4789810.91075333;-6626.88095177026;-1633.80860993936;-3077.62787274254;6789885.48522307;0.0495158953208318;0.0415754178443643;0.959426628118009;-0.0798647806857227;2.09894942322328
85380;-3664127.2448805;3594748.00637379;4694937.02343644;-6500.17018037481;-1762.46114835463;-3246.61981646436;6790256.38184761;0.0495037089402244;0.0427310674531199;0.959446196073422;-0.0799007963217397;2.13007276129655
85410;-3857151.55623225;3539974.09379334;4595055.08217953;-6367.0669885091;-1888.72628136494;-3411.47607651418;6790632.08668148;0.0494869041253554;0.0438657056434559;0.959466170798536;-0.0799351064151168;2.16112760833924
85440;-4046089.14860468;3481449.35625771;4490291.11414891;-6227.75266878333;-2012.49895615602;-3572.06716818327;6791011.06028969;0.0494656502914266;0.0449704597970138;0.959486466708998;-0.0799676968862758;2.19212501431975
85470;-4230756.4380006;3419250.09583302;4380774.94522835;-6082.4109262538;-2133.67791246538;-3728.26931161191;6791391.79300592;0.0494401535108203;0.0460368808841619;0.95950699848173;-0.0799985602600931;2.22307566805922
85500;-4410975.38487655;3353455.5961635;4266640.03039644;-5931.22764911834;-2252.1656295805;-3879.96432975029;6791772.80889976;0.0494106539761437;0.047056995724277;0.959527681357026;-0.0800276955186364;2.2539898418113
85530;-4586573.55637922;3284148.01111874;4148023.28720786;-5774.39069391445;-2367.86827028803;-4027.03954359849;6792152.66933469;0.0493774233086265;0.0480233549501949;0.95954843142535;-0.0800551079380128;2.28487734022894
85560;-4757384.18235084;3211412.2551615;4025064.93244887;-5612.08968485874;-2480.69562232015;-4169.38766546824;6792529.97613677;0.0493407617335759;0.0489290767207428;0.959569165898759;-0.0800808089111392;2.31574745367563
85590;-4923246.20552207;3135335.89550306;3897908.32201592;-5444.515826936;-2590.56103781405;-4306.90669096217;6792903.37439534;0.0493009951433095;0.0497678862058968;0.959589803366997;-0.0801048157581541;2.34660891585722
85620;-5084004.32629849;3056009.04609853;3766699.79404592;-5271.86173232033;-2697.38137127051;-4439.49979031996;6793271.5549177;0.0492584720668452;0.0505341508461878;0.959610264038392;-0.0801271515260824;2.37746986577299
85650;-5239509.04253444;2973524.2635202;3631588.51530799;-5094.32125968897;-2801.07691646832;-4567.07519973681;6793633.25636054;0.0492135605646673;0.0512229113634037;0.95963046996577;-0.0801478447792638;2.40833781400843
85680;-5389616.68467375;2887976.44473362;3492726.33084901;-4912.08936597155;-2901.57134276338;-4689.54611321715;6793987.26706098;0.0491666450660876;0.0518299084751062;0.959650345257676;-0.0801669293819428;2.43921961341664
85710;-5534189.44662373;2799462.72678902;3350267.61686896;-4725.36197006291;-2998.79163117403;-4806.83057548575;6794332.42659032;0.0491181231661126;0.0523516052417619;0.959669816275262;-0.0801844442743148;2.47012143425831
85740;-5673095.41271396;2708082.38842853;3204369.13678691;-4534.33582801586;-3092.66801062809;-4918.8513764395;6794667.62705331;0.0490684023982707;0.0527852049549837;0.959688811815231;-0.0802004332432095;2.50104874389024
85770;-5806208.58107685;2613936.75359925;3055189.9004448;-4339.20841922156;-3183.13389472215;-5025.53594758649;6794991.81415551;0.0490178969995599;0.0531286644587141;0.959707263279281;-0.0802149446884882;2.53200629110861
85800;-5933408.88377225;2517129.09685169;2902891.02638304;-4140.17784307851;-3270.12581931966;-5126.81626088353;6795303.98806056;0.0489670246835071;0.053380702783955;0.959725104830532;-0.0802280313861253;2.56299809526436
85830;-6054582.20396318;2417764.55059385;2747635.60711018;-3937.44272564667;-3353.58338129151;-5222.62873035034;6795603.20405904;0.0489162034372873;0.0535408049724581;0.959742273537424;-0.0802397502488433;2.59402744027252
85860;-6169620.39043453;2315950.01416243;2589588.5772782;-3731.20213578052;-3433.44917868156;-5312.91411680697;6795888.57306913;0.0488658483588738;0.0536092209668032;0.959758709505602;-0.0802501620850697;2.62509687363546
85890;-6278421.26973176;2211794.06466439;2428916.58466482;-3521.6555102339;-3509.66875255833;-5397.61743605158;6796159.26198909;0.0488163685502846;0.0535869594537405;0.959774355998304;-0.0802593313568916;2.65620821059012
85920;-6380888.65618086;2105406.86953463;2265787.86385518;-3309.00258722933;-3582.19053079534;-5476.68787076766;6796414.49392021;0.0487681640830978;0.0534757765652232;0.959789159545784;-0.0802673259375898;2.68736254347152
85950;-6476932.36003605;1996900.10074847;2100372.11250712;-3093.44334798607;-3650.96577400369;-5550.07868642351;6796653.54827803;0.0487216230525072;0.0532781593672538;0.959803070044277;-0.0802742168692539;2.71856025635909
85980;-6566468.19398643;1886386.85062131;1932840.3700765;-2875.17796570308;-3715.94852382328;-5617.7471514022;6796875.76080866;0.0486771187362487;0.0529973041002713;0.959816040845023;-0.0802800781208916;2.74980104503844
86010;-6649417.9782377;1773981.54912174;1763364.8988725;-2654.40676149611;-3777.09555376283;-5679.65446157685;6797080.52352571;0.048635006874698;0.052637089176143;0.959828028833844;-0.0802849863473765;2.78108394226977
86040;-6725709.54436999;1659799.88261909;1592119.06730654;-2431.33016679116;-3834.36632276328;-5735.76566952469;6797267.28458249;0.0485956230883217;0.0522020429849224;0.959838994501736;-0.080289020649505;2.81240734830594
86070;-6795276.73815824;1543958.7139811;1419277.23519301;-2206.14869168084;-3887.72293164463;-5786.04961855249;6797435.54809282;0.0485592804483819;0.0516973066187073;0.959848902006954;-0.0802922623353663;2.84376906654875
86100;-6858059.42152659;1426576.00393318;1245014.64095507;-1979.06289875349;-3937.13008258284;-5830.47888168733;6797584.87391282;0.0485262672163811;0.0511285916787473;0.959857719228993;-0.0802947946831741;2.87516634417327
86130;-6914003.47379361;1307770.73358616;1069507.29058464;-1750.27338190962;-3982.55504175033;-5869.02970576807;6797714.87739466;0.0484968447671087;0.0505021333940295;0.959865417814878;-0.0802967027056505;2.90659591748778
86160;-6963060.79235082;1187662.82803592;892931.848201502;-1519.98074968391;-4023.96760524153;-5901.68196075665;6797825.2291224;0.0484712457093679;0.0498246393432235;0.959871973218125;-0.0802980729160058;2.93805406173313
86190;-7005189.29290252;1066373.08093446;715465.528053558;-1288.38561259514;-4061.34006839376;-5928.41909437181;6797915.65463869;0.0484496722174337;0.0491032341354716;0.959877364730712;-0.0802989930955134;2.96953664496174
86220;-7040352.90938056;944023.079929279;537285.987797073;-1055.68857405026;-4094.64719860255;-5949.22809213311;6797985.93417015;0.0484322945851056;0.0483454004668464;0.959881575508348;-0.0802995520626432;3.00103918557494
86250;-7068521.59363368;820735.132864716;358571.222893529;-822.090224332148;-4123.86621172058;-5964.09944288879;6798035.90235787;0.0484192500128054;0.0475589170268497;0.959884592589321;-0.0802998394436795;3.03255691303992
86280;-7089671.31497688;696632.194636526;179499.461957615;-587.791137203901;-4148.97675211949;-5973.02710988717;6798065.44799877;0.0484106416365941;0.0467517937810606;0.959886406907126;-0.0802999454447275;3.06408483125565
86310;-7103784.0596724;571837.794588819;249.062889313267;-352.991868665182;-4169.96087648468;-5976.0085074387;6798074.51380194;0.04840653780624;0.0459322052003014;0.959887013297079;-0.0802999606249857;3.09561778399283
86340;-7110847.83039985;446475.964340362;-179001.590378169;-117.892957398427;-4186.80304140422;-5973.04448320285;6798063.09616355;0.0484069716175898;0.0451084220421112;0.959886410497052;-0.0802999756711472;3.12715052179764
86370;-7110856.64575931;320671.165925647;-358074.190683744;117.305073555514;-4199.49009480432;-5964.13930612195;6798031.24496237;0.0484119407025237;0.0442887423155405;0.959884601142435;-0.0803000811727769;-3.12450753745598
